workflow;gRNA;Position;Chromosome;cluster;start;end;counts;prop;OT
GUIDE-seq_v1;B2M;1_200990183_200990183;1;89;200990183;200990183;376;0.640796223392471;FALSE
GUIDE-seq_v1;B2M;11_46173654_46173654;11;677;46173654;46173654;11;0.0187466980247797;FALSE
GUIDE-seq_v1;B2M;15_25559813_25559813;15;822;25559813;25559813;2;0.00340849054995995;FALSE
GUIDE-seq_v1;B2M;15_44711235_44711235;15;829;44711235;44711235;14;0.0238594338497197;FALSE
GUIDE-seq_v1;B2M;15_44711294_44711294;15;830;44711294;44711294;5;0.00852122637489987;FALSE
GUIDE-seq_v1;B2M;15_44711313_44711316;15;831;44711313;44711316;51;0.0869165090239787;FALSE
GUIDE-seq_v1;B2M;15_44711359_44711359;15;832;44711359;44711359;52;0.0886207542989587;FALSE
GUIDE-seq_v1;B2M;15_44711393_44711393;15;833;44711393;44711393;3;0.00511273582493993;FALSE
GUIDE-seq_v1;B2M;15_44711442_44711442;15;834;44711442;44711442;7;0.0119297169248598;FALSE
GUIDE-seq_v1;B2M;15_44711473_44711473;15;835;44711473;44711473;10;0.0170424527497997;FALSE
GUIDE-seq_v1;B2M;15_44711568_44711568;15;836;44711568;44711568;57209;97.4981679363294;TRUE
GUIDE-seq_v1;B2M;15_44711663_44711663;15;837;44711663;44711663;2;0.00340849054995995;FALSE
GUIDE-seq_v1;B2M;15_44711701_44711701;15;838;44711701;44711701;8;0.0136339621998398;FALSE
GUIDE-seq_v1;B2M;15_44711828_44711828;15;839;44711828;44711828;12;0.0204509432997597;FALSE
GUIDE-seq_v1;B2M;15_44711890_44711890;15;840;44711890;44711890;2;0.00340849054995995;FALSE
GUIDE-seq_v1;B2M;15_44712124_44712124;15;841;44712124;44712124;19;0.0323806602246195;FALSE
GUIDE-seq_v1;B2M;15_44712566_44712566;15;842;44712566;44712566;2;0.00340849054995995;FALSE
GUIDE-seq_v1;B2M;15_44713368_44713368;15;843;44713368;44713368;16;0.0272679243996796;FALSE
GUIDE-seq_v1;B2M;16_4709146_4709146;16;869;4709146;4709146;3;0.00511273582493993;FALSE
GUIDE-seq_v1;B2M;17_58330030_58330030;17;947;58330030;58330030;26;0.0443103771494794;FALSE
GUIDE-seq_v1;B2M;17_67056091_67056091;17;953;67056091;67056091;319;0.543654242718612;FALSE
GUIDE-seq_v1;B2M;2_183882734_183882734;2;174;183882734;183882734;8;0.0136339621998398;FALSE
GUIDE-seq_v1;B2M;2_223760656_223760656;2;187;223760656;223760656;15;0.0255636791246996;FALSE
GUIDE-seq_v1;B2M;3_93470365_93470365;3;231;93470365;93470365;59;0.100550471223819;FALSE
GUIDE-seq_v1;B2M;3_93470410_93470410;3;232;93470410;93470410;19;0.0323806602246195;FALSE
GUIDE-seq_v1;B2M;3_93470452_93470452;3;234;93470452;93470452;58;0.0988462259488385;FALSE
GUIDE-seq_v1;B2M;3_93470489_93470489;3;235;93470489;93470489;151;0.257341036521976;FALSE
GUIDE-seq_v1;B2M;3_93470523_93470530;3;236;93470523;93470530;75;0.127818395623498;FALSE
GUIDE-seq_v1;B2M;3_93470549_93470549;3;237;93470549;93470549;45;0.0766910373740989;FALSE
GUIDE-seq_v1;B2M;3_93470627_93470627;3;239;93470627;93470627;13;0.0221551885747397;FALSE
GUIDE-seq_v1;B2M;3_93470645_93470645;3;240;93470645;93470645;16;0.0272679243996796;FALSE
GUIDE-seq_v1;B2M;3_93470784_93470784;3;241;93470784;93470784;16;0.0272679243996796;FALSE
GUIDE-seq_v1;B2M;6_133681008_133681008;6;422;133681008;133681008;34;0.0579443393493191;FALSE
GUIDE-seq_v1;B2M;6_143379755_143379755;6;423;143379755;143379755;3;0.00511273582493993;FALSE
GUIDE-seq_v1;B2M;7_93119292_93119292;7;466;93119292;93119292;2;0.00340849054995995;FALSE
GUIDE-seq_v1;B2M;8_142938643_142938643;8;545;142938643;142938643;3;0.00511273582493993;FALSE
GUIDE-seq_v1;B2M;MT_5504_5504;MT;1186;5504;5504;11;0.0187466980247797;FALSE
GUIDE-seq_v1;TRAC;1_200990183_200990183;1;89;200990183;200990183;272;1.31872394065742;FALSE
GUIDE-seq_v1;TRAC;11_118921803_118921803;11;720;118921803;118921803;3;0.0145447493454863;FALSE
GUIDE-seq_v1;TRAC;14_22547320_22547320;14;791;22547320;22547320;4;0.019392999127315;FALSE
GUIDE-seq_v1;TRAC;14_22547664_22547664;14;792;22547664;22547664;20256;98.2061475807234;TRUE
GUIDE-seq_v1;TRAC;3_93470453_93470453;3;234;93470453;93470453;5;0.0242412489091438;FALSE
GUIDE-seq_v1;TRAC;3_93470488_93470490;3;235;93470488;93470490;60;0.290894986909726;FALSE
GUIDE-seq_v1;TRAC;3_93470508_93470513;3;236;93470508;93470513;24;0.11635799476389;FALSE
GUIDE-seq_v1;TRAC;3_93470797_93470797;3;242;93470797;93470797;2;0.00969649956365752;FALSE
GUIDE-seq_v1;VEGFAs2;1_920956_920957;1;2;920956;920957;232;0.204769722325195;FALSE
GUIDE-seq_v1;VEGFAs2;1_939957_939957;1;3;939957;939957;522;0.46073187523169;FALSE
GUIDE-seq_v1;VEGFAs2;1_1358893_1358894;1;5;1358893;1358894;26;0.0229483309502374;FALSE
GUIDE-seq_v1;VEGFAs2;1_5417092_5417092;1;6;5417092;5417092;157;0.138572613814895;FALSE
GUIDE-seq_v1;VEGFAs2;1_9689824_9689824;1;9;9689824;9689824;3;0.00264788434041201;FALSE
GUIDE-seq_v1;VEGFAs2;1_17053394_17053395;1;12;17053394;17053395;120;0.10591537361648;FALSE
GUIDE-seq_v1;VEGFAs2;1_24848370_24848371;1;18;24848370;24848371;10;0.0088262811347067;FALSE
GUIDE-seq_v1;VEGFAs2;1_26696336_26696336;1;19;26696336;26696336;3;0.00264788434041201;FALSE
GUIDE-seq_v1;VEGFAs2;1_47726228_47726229;1;34;47726228;47726229;22;0.0194178184963547;FALSE
GUIDE-seq_v1;VEGFAs2;1_50976519_50976520;1;37;50976519;50976520;722;0.637257497925824;FALSE
GUIDE-seq_v1;VEGFAs2;1_77779750_77779751;1;47;77779750;77779751;246;0.217126515913785;FALSE
GUIDE-seq_v1;VEGFAs2;1_88891956_88891956;1;49;88891956;88891956;6;0.00529576868082402;FALSE
GUIDE-seq_v1;VEGFAs2;1_110340774_110340774;1;52;110340774;110340774;29;0.0255962152906494;FALSE
GUIDE-seq_v1;VEGFAs2;1_151059330_151059330;1;68;151059330;151059330;19;0.0167699341559427;FALSE
GUIDE-seq_v1;VEGFAs2;1_151059410_151059410;1;69;151059410;151059410;3892;3.43518861762785;FALSE
GUIDE-seq_v1;VEGFAs2;1_154433114_154433114;1;72;154433114;154433114;7;0.00617839679429469;FALSE
GUIDE-seq_v1;VEGFAs2;1_154580179_154580180;1;73;154580179;154580180;47;0.0414835213331215;FALSE
GUIDE-seq_v1;VEGFAs2;1_178769585_178769591;1;81;178769585;178769591;60;0.0529576868082402;FALSE
GUIDE-seq_v1;VEGFAs2;1_200990183_200990183;1;89;200990183;200990183;128;0.112976398524246;FALSE
GUIDE-seq_v1;VEGFAs2;10_794627_794627;10;605;794627;794627;30;0.0264788434041201;FALSE
GUIDE-seq_v1;VEGFAs2;10_44064637_44064637;10;615;44064637;44064637;4;0.00353051245388268;FALSE
GUIDE-seq_v1;VEGFAs2;10_70778462_70778462;10;618;70778462;70778462;1196;1.05562322371092;FALSE
GUIDE-seq_v1;VEGFAs2;10_101061761_101061761;10;628;101061761;101061761;44;0.0388356369927095;FALSE
GUIDE-seq_v1;VEGFAs2;10_114534496_114534496;10;633;114534496;114534496;587;0.518102702607283;FALSE
GUIDE-seq_v1;VEGFAs2;10_124143004_124143005;10;637;124143004;124143005;13;0.0114741654751187;FALSE
GUIDE-seq_v1;VEGFAs2;10_133336444_133336444;10;645;133336444;133336444;1618;1.42809228759554;FALSE
GUIDE-seq_v1;VEGFAs2;11_1548491_1548492;11;651;1548491;1548492;23;0.0203004466098254;FALSE
GUIDE-seq_v1;VEGFAs2;11_2395349_2395350;11;652;2395349;2395350;64;0.0564881992621229;FALSE
GUIDE-seq_v1;VEGFAs2;11_2665018_2665019;11;653;2665018;2665019;460;0.406008932196508;FALSE
GUIDE-seq_v1;VEGFAs2;11_12287387_12287397;11;657;12287387;12287397;58;0.0511924305812989;FALSE
GUIDE-seq_v1;VEGFAs2;11_13926823_13926824;11;659;13926823;13926824;255;0.225070168935021;FALSE
GUIDE-seq_v1;VEGFAs2;11_31795934_31795934;11;667;31795934;31795934;3412;3.01152712316193;FALSE
GUIDE-seq_v1;VEGFAs2;11_32042849_32042849;11;668;32042849;32042849;3;0.00264788434041201;FALSE
GUIDE-seq_v1;VEGFAs2;11_32162938_32162938;11;670;32162938;32162938;36;0.0317746120849441;FALSE
GUIDE-seq_v1;VEGFAs2;11_46120303_46120305;11;676;46120303;46120305;13;0.0114741654751187;FALSE
GUIDE-seq_v1;VEGFAs2;11_61553966_61553967;11;683;61553966;61553967;26;0.0229483309502374;FALSE
GUIDE-seq_v1;VEGFAs2;11_63623618_63623618;11;687;63623618;63623618;205;0.180938763261487;FALSE
GUIDE-seq_v1;VEGFAs2;11_63951708_63951708;11;688;63951708;63951708;15;0.0132394217020601;FALSE
GUIDE-seq_v1;VEGFAs2;11_63999408_63999408;11;689;63999408;63999408;6;0.00529576868082402;FALSE
GUIDE-seq_v1;VEGFAs2;11_65639568_65639568;11;694;65639568;65639568;27;0.0238309590637081;FALSE
GUIDE-seq_v1;VEGFAs2;11_65712297_65712298;11;695;65712297;65712298;149;0.13151158890713;FALSE
GUIDE-seq_v1;VEGFAs2;11_67584047_67584047;11;697;67584047;67584047;12;0.010591537361648;FALSE
GUIDE-seq_v1;VEGFAs2;11_68104320_68104321;11;698;68104320;68104321;94;0.082967042666243;FALSE
GUIDE-seq_v1;VEGFAs2;11_72237648_72237648;11;703;72237648;72237648;2;0.00176525622694134;FALSE
GUIDE-seq_v1;VEGFAs2;11_72237686_72237686;11;704;72237686;72237686;7;0.00617839679429469;FALSE
GUIDE-seq_v1;VEGFAs2;11_72237762_72237762;11;705;72237762;72237762;3264;2.88089816236827;FALSE
GUIDE-seq_v1;VEGFAs2;11_72750155_72750159;11;707;72750155;72750159;46;0.0406008932196508;FALSE
GUIDE-seq_v1;VEGFAs2;11_73747444_73747453;11;708;73747444;73747453;28;0.0247135871771788;FALSE
GUIDE-seq_v1;VEGFAs2;11_73747464_73747464;11;709;73747464;73747464;25;0.0220657028367668;FALSE
GUIDE-seq_v1;VEGFAs2;11_76784744_76784746;11;711;76784744;76784746;44;0.0388356369927095;FALSE
GUIDE-seq_v1;VEGFAs2;11_83722556_83722557;11;713;83722556;83722557;353;0.311567724055147;FALSE
GUIDE-seq_v1;VEGFAs2;11_133907553_133907565;11;726;133907553;133907565;131;0.115624282864658;FALSE
GUIDE-seq_v1;VEGFAs2;11_134490024_134490024;11;727;134490024;134490024;16;0.0141220498155307;FALSE
GUIDE-seq_v1;VEGFAs2;12_25872161_25872162;12;736;25872161;25872162;424;0.374234320111564;FALSE
GUIDE-seq_v1;VEGFAs2;12_31659415_31659416;12;737;31659415;31659416;310;0.273614715175908;FALSE
GUIDE-seq_v1;VEGFAs2;12_57210549_57210551;12;746;57210549;57210551;39;0.0344224964253561;FALSE
GUIDE-seq_v1;VEGFAs2;12_64598907_64598907;12;748;64598907;64598907;3;0.00264788434041201;FALSE
GUIDE-seq_v1;VEGFAs2;12_101210018_101210018;12;757;101210018;101210018;13;0.0114741654751187;FALSE
GUIDE-seq_v1;VEGFAs2;12_105659931_105659931;12;759;105659931;105659931;7;0.00617839679429469;FALSE
GUIDE-seq_v1;VEGFAs2;12_132710562_132710562;12;768;132710562;132710562;263;0.232131193842786;FALSE
GUIDE-seq_v1;VEGFAs2;13_26052105_26052105;13;772;26052105;26052105;1087;0.959416759342619;FALSE
GUIDE-seq_v1;VEGFAs2;13_99894734_99894734;13;784;99894734;99894734;5796;5.11571254567601;FALSE
GUIDE-seq_v1;VEGFAs2;13_106715490_106715490;13;786;106715490;106715490;106;0.0935585800278911;FALSE
GUIDE-seq_v1;VEGFAs2;14_66383481_66383481;14;802;66383481;66383481;2;0.00176525622694134;FALSE
GUIDE-seq_v1;VEGFAs2;14_74632020_74632020;14;810;74632020;74632020;97;0.085614927006655;FALSE
GUIDE-seq_v1;VEGFAs2;14_89936977_89936977;14;814;89936977;89936977;11;0.00970890924817737;FALSE
GUIDE-seq_v1;VEGFAs2;14_92679239_92679240;14;816;92679239;92679240;39;0.0344224964253561;FALSE
GUIDE-seq_v1;VEGFAs2;15_32993905_32993906;15;825;32993905;32993906;943;0.832318311002842;FALSE
GUIDE-seq_v1;VEGFAs2;15_71241754_71241754;15;849;71241754;71241754;5;0.00441314056735335;FALSE
GUIDE-seq_v1;VEGFAs2;15_74690793_74690793;15;855;74690793;74690793;4;0.00353051245388268;FALSE
GUIDE-seq_v1;VEGFAs2;15_78565383_78565383;15;857;78565383;78565383;8;0.00706102490776536;FALSE
GUIDE-seq_v1;VEGFAs2;16_894964_894964;16;864;894964;894964;20;0.0176525622694134;FALSE
GUIDE-seq_v1;VEGFAs2;16_1370594_1370595;16;866;1370594;1370595;66;0.0582534554890642;FALSE
GUIDE-seq_v1;VEGFAs2;16_8871232_8871232;16;872;8871232;8871232;33;0.0291267277445321;FALSE
GUIDE-seq_v1;VEGFAs2;16_13398600_13398602;16;875;13398600;13398602;29;0.0255962152906494;FALSE
GUIDE-seq_v1;VEGFAs2;16_23505694_23505694;16;879;23505694;23505694;23;0.0203004466098254;FALSE
GUIDE-seq_v1;VEGFAs2;16_28920855_28920855;16;882;28920855;28920855;7;0.00617839679429469;FALSE
GUIDE-seq_v1;VEGFAs2;16_56929516_56929516;16;885;56929516;56929516;2707;2.3892743031651;FALSE
GUIDE-seq_v1;VEGFAs2;16_57940333_57940334;16;886;57940333;57940334;23;0.0203004466098254;FALSE
GUIDE-seq_v1;VEGFAs2;16_58697983_58697983;16;887;58697983;58697983;17;0.0150046779290014;FALSE
GUIDE-seq_v1;VEGFAs2;16_67255545_67255545;16;888;67255545;67255545;8;0.00706102490776536;FALSE
GUIDE-seq_v1;VEGFAs2;16_69132808_69132808;16;889;69132808;69132808;311;0.274497343289378;FALSE
GUIDE-seq_v1;VEGFAs2;16_75095871_75095871;16;892;75095871;75095871;6;0.00529576868082402;FALSE
GUIDE-seq_v1;VEGFAs2;16_82700977_82700977;16;895;82700977;82700977;421;0.371586435771152;FALSE
GUIDE-seq_v1;VEGFAs2;17_2778181_2778181;17;902;2778181;2778181;6;0.00529576868082402;FALSE
GUIDE-seq_v1;VEGFAs2;17_4455456_4455457;17;904;4455456;4455457;1608;1.41926600646084;FALSE
GUIDE-seq_v1;VEGFAs2;17_7244162_7244162;17;907;7244162;7244162;21;0.0185351903828841;FALSE
GUIDE-seq_v1;VEGFAs2;17_7403795_7403799;17;908;7403795;7403799;32;0.0282440996310614;FALSE
GUIDE-seq_v1;VEGFAs2;17_16286118_16286118;17;913;16286118;16286118;432;0.38129534501933;FALSE
GUIDE-seq_v1;VEGFAs2;17_17051538_17051538;17;915;17051538;17051538;465;0.410422072763862;FALSE
GUIDE-seq_v1;VEGFAs2;17_31655990_31655990;17;926;31655990;31655990;32;0.0282440996310614;FALSE
GUIDE-seq_v1;VEGFAs2;17_39544438_39544438;17;931;39544438;39544438;5;0.00441314056735335;FALSE
GUIDE-seq_v1;VEGFAs2;17_40140833_40140833;17;932;40140833;40140833;43;0.0379530088792388;FALSE
GUIDE-seq_v1;VEGFAs2;17_41888504_41888504;17;934;41888504;41888504;6323;5.58085756147505;FALSE
GUIDE-seq_v1;VEGFAs2;17_43720610_43720610;17;936;43720610;43720610;2;0.00176525622694134;FALSE
GUIDE-seq_v1;VEGFAs2;17_48026481_48026481;17;942;48026481;48026481;13;0.0114741654751187;FALSE
GUIDE-seq_v1;VEGFAs2;17_50547417_50547418;17;944;50547417;50547418;52;0.0458966619004749;FALSE
GUIDE-seq_v1;VEGFAs2;17_57663167_57663168;17;946;57663167;57663168;233;0.205652350438666;FALSE
GUIDE-seq_v1;VEGFAs2;17_60327507_60327508;17;948;60327507;60327508;86;0.0759060177584776;FALSE
GUIDE-seq_v1;VEGFAs2;17_64089693_64089694;17;950;64089693;64089694;173;0.152694663630426;FALSE
GUIDE-seq_v1;VEGFAs2;17_67636875_67636875;17;954;67636875;67636875;4;0.00353051245388268;FALSE
GUIDE-seq_v1;VEGFAs2;17_74826813_74826813;17;960;74826813;74826813;13;0.0114741654751187;FALSE
GUIDE-seq_v1;VEGFAs2;17_81923278_81923278;17;969;81923278;81923278;59;0.0520750586947695;FALSE
GUIDE-seq_v1;VEGFAs2;17_82055720_82055720;17;970;82055720;82055720;15;0.0132394217020601;FALSE
GUIDE-seq_v1;VEGFAs2;18_22171102_22171102;18;978;22171102;22171102;31;0.0273614715175908;FALSE
GUIDE-seq_v1;VEGFAs2;18_23779594_23779595;18;980;23779594;23779595;2963;2.6152271002136;FALSE
GUIDE-seq_v1;VEGFAs2;19_1028251_1028251;19;992;1028251;1028251;139;0.122685307772423;FALSE
GUIDE-seq_v1;VEGFAs2;19_1494331_1494332;19;994;1494331;1494332;29;0.0255962152906494;FALSE
GUIDE-seq_v1;VEGFAs2;19_1633093_1633093;19;995;1633093;1633093;8;0.00706102490776536;FALSE
GUIDE-seq_v1;VEGFAs2;19_1953783_1953783;19;999;1953783;1953783;19;0.0167699341559427;FALSE
GUIDE-seq_v1;VEGFAs2;19_3554987_3554987;19;1002;3554987;3554987;101;0.0891454394605377;FALSE
GUIDE-seq_v1;VEGFAs2;19_3755563_3755563;19;1003;3755563;3755563;17;0.0150046779290014;FALSE
GUIDE-seq_v1;VEGFAs2;19_5065009_5065009;19;1006;5065009;5065009;13;0.0114741654751187;FALSE
GUIDE-seq_v1;VEGFAs2;19_6767902_6767903;19;1011;6767902;6767903;28;0.0247135871771788;FALSE
GUIDE-seq_v1;VEGFAs2;19_10053088_10053088;19;1015;10053088;10053088;9;0.00794365302123603;FALSE
GUIDE-seq_v1;VEGFAs2;19_13011374_13011374;19;1018;13011374;13011374;584;0.515454818266871;FALSE
GUIDE-seq_v1;VEGFAs2;19_14032088_14032088;19;1020;14032088;14032088;5;0.00441314056735335;FALSE
GUIDE-seq_v1;VEGFAs2;19_14032163_14032163;19;1021;14032163;14032163;2551;2.25158431746368;FALSE
GUIDE-seq_v1;VEGFAs2;19_14080878_14080882;19;1022;14080878;14080882;33;0.0291267277445321;FALSE
GUIDE-seq_v1;VEGFAs2;19_18020503_18020503;19;1028;18020503;18020503;9;0.00794365302123603;FALSE
GUIDE-seq_v1;VEGFAs2;19_18522673_18522673;19;1030;18522673;18522673;1547;1.36542569153913;FALSE
GUIDE-seq_v1;VEGFAs2;19_27850787_27850787;19;1032;27850787;27850787;12;0.010591537361648;FALSE
GUIDE-seq_v1;VEGFAs2;19_42302648_42302649;19;1042;42302648;42302649;443;0.391004254267507;FALSE
GUIDE-seq_v1;VEGFAs2;19_44821328_44821328;19;1043;44821328;44821328;2;0.00176525622694134;FALSE
GUIDE-seq_v1;VEGFAs2;19_44890677_44890678;19;1044;44890677;44890678;1139;1.00531342124309;FALSE
GUIDE-seq_v1;VEGFAs2;19_45448796_45448802;19;1045;45448796;45448802;109;0.0962064643683031;FALSE
GUIDE-seq_v1;VEGFAs2;19_51412265_51412265;19;1050;51412265;51412265;16;0.0141220498155307;FALSE
GUIDE-seq_v1;VEGFAs2;19_54137498_54137499;19;1052;54137498;54137499;34;0.0300093558580028;FALSE
GUIDE-seq_v1;VEGFAs2;19_58154707_58154711;19;1054;58154707;58154711;35;0.0308919839714735;FALSE
GUIDE-seq_v1;VEGFAs2;2_10224577_10224577;2;112;10224577;10224577;2;0.00176525622694134;FALSE
GUIDE-seq_v1;VEGFAs2;2_11559839_11559839;2;113;11559839;11559839;127;0.112093770410775;FALSE
GUIDE-seq_v1;VEGFAs2;2_12604649_12604649;2;115;12604649;12604649;216;0.190647672509665;FALSE
GUIDE-seq_v1;VEGFAs2;2_24634724_24634725;2;121;24634724;24634725;54;0.0476619181274162;FALSE
GUIDE-seq_v1;VEGFAs2;2_43381399_43381406;2;126;43381399;43381406;47;0.0414835213331215;FALSE
GUIDE-seq_v1;VEGFAs2;2_65360666_65360666;2;141;65360666;65360666;4;0.00353051245388268;FALSE
GUIDE-seq_v1;VEGFAs2;2_98581008_98581009;2;153;98581008;98581009;12;0.010591537361648;FALSE
GUIDE-seq_v1;VEGFAs2;2_100821005_100821010;2;155;100821005;100821010;92;0.0812017864393017;FALSE
GUIDE-seq_v1;VEGFAs2;2_117148440_117148440;2;158;117148440;117148440;17;0.0150046779290014;FALSE
GUIDE-seq_v1;VEGFAs2;2_127082162_127082162;2;160;127082162;127082162;21;0.0185351903828841;FALSE
GUIDE-seq_v1;VEGFAs2;2_128486627_128486628;2;161;128486627;128486628;48;0.0423661494465922;FALSE
GUIDE-seq_v1;VEGFAs2;2_169716841_169716841;2;171;169716841;169716841;6;0.00529576868082402;FALSE
GUIDE-seq_v1;VEGFAs2;2_201130168_201130169;2;178;201130168;201130169;60;0.0529576868082402;FALSE
GUIDE-seq_v1;VEGFAs2;2_217778779_217778779;2;182;217778779;217778779;8;0.00706102490776536;FALSE
GUIDE-seq_v1;VEGFAs2;2_221480064_221480064;2;184;221480064;221480064;2;0.00176525622694134;FALSE
GUIDE-seq_v1;VEGFAs2;2_224897562_224897568;2;188;224897562;224897568;128;0.112976398524246;FALSE
GUIDE-seq_v1;VEGFAs2;2_241275192_241275192;2;193;241275192;241275192;25374;22.3958057512048;FALSE
GUIDE-seq_v1;VEGFAs2;20_10933312_10933313;20;1058;10933312;10933313;263;0.232131193842786;FALSE
GUIDE-seq_v1;VEGFAs2;20_63944463_63944466;20;1075;63944463;63944466;72;0.0635492241698883;FALSE
GUIDE-seq_v1;VEGFAs2;21_45283319_45283319;21;1089;45283319;45283319;32;0.0282440996310614;FALSE
GUIDE-seq_v1;VEGFAs2;21_45283366_45283366;21;1091;45283366;45283366;47;0.0414835213331215;FALSE
GUIDE-seq_v1;VEGFAs2;22_20154420_20154420;22;1094;20154420;20154420;4;0.00353051245388268;FALSE
GUIDE-seq_v1;VEGFAs2;22_38351979_38351979;22;1105;38351979;38351979;20;0.0176525622694134;FALSE
GUIDE-seq_v1;VEGFAs2;22_42995084_42995084;22;1109;42995084;42995084;15;0.0132394217020601;FALSE
GUIDE-seq_v1;VEGFAs2;22_43288489_43288490;22;1111;43288489;43288490;190;0.167699341559427;FALSE
GUIDE-seq_v1;VEGFAs2;22_47115359_47115360;22;1118;47115359;47115360;68;0.0600187117160056;FALSE
GUIDE-seq_v1;VEGFAs2;22_49038541_49038541;22;1119;49038541;49038541;16;0.0141220498155307;FALSE
GUIDE-seq_v1;VEGFAs2;22_49455293_49455293;22;1121;49455293;49455293;3;0.00264788434041201;FALSE
GUIDE-seq_v1;VEGFAs2;22_50446374_50446374;22;1123;50446374;50446374;5330;4.70440784479867;FALSE
GUIDE-seq_v1;VEGFAs2;3_3171399_3171399;3;195;3171399;3171399;9;0.00794365302123603;FALSE
GUIDE-seq_v1;VEGFAs2;3_13001987_13001987;3;200;13001987;13001987;21;0.0185351903828841;FALSE
GUIDE-seq_v1;VEGFAs2;3_14898885_14898885;3;202;14898885;14898885;9;0.00794365302123603;FALSE
GUIDE-seq_v1;VEGFAs2;3_15702833_15702833;3;203;15702833;15702833;4;0.00353051245388268;FALSE
GUIDE-seq_v1;VEGFAs2;3_23554090_23554091;3;211;23554090;23554091;33;0.0291267277445321;FALSE
GUIDE-seq_v1;VEGFAs2;3_31417166_31417166;3;213;31417166;31417166;20;0.0176525622694134;FALSE
GUIDE-seq_v1;VEGFAs2;3_36900780_36900780;3;215;36900780;36900780;5;0.00441314056735335;FALSE
GUIDE-seq_v1;VEGFAs2;3_38099774_38099774;3;216;38099774;38099774;8;0.00706102490776536;FALSE
GUIDE-seq_v1;VEGFAs2;3_49812737_49812744;3;224;49812737;49812744;48;0.0423661494465922;FALSE
GUIDE-seq_v1;VEGFAs2;3_93470490_93470490;3;235;93470490;93470490;14;0.0123567935885894;FALSE
GUIDE-seq_v1;VEGFAs2;3_138433635_138433635;3;252;138433635;138433635;5;0.00441314056735335;FALSE
GUIDE-seq_v1;VEGFAs2;3_140679937_140679937;3;253;140679937;140679937;86;0.0759060177584776;FALSE
GUIDE-seq_v1;VEGFAs2;3_140679959_140679959;3;254;140679959;140679959;313;0.27626259951632;FALSE
GUIDE-seq_v1;VEGFAs2;3_193836015_193836015;3;270;193836015;193836015;143;0.126215820226306;FALSE
GUIDE-seq_v1;VEGFAs2;3_195762349_195762349;3;273;195762349;195762349;25;0.0220657028367668;FALSE
GUIDE-seq_v1;VEGFAs2;4_1494530_1494531;4;276;1494530;1494531;452;0.398947907288743;FALSE
GUIDE-seq_v1;VEGFAs2;4_7327819_7327820;4;281;7327819;7327820;52;0.0458966619004749;FALSE
GUIDE-seq_v1;VEGFAs2;4_8840191_8840191;4;284;8840191;8840191;344;0.303624071033911;FALSE
GUIDE-seq_v1;VEGFAs2;4_38536007_38536007;4;292;38536007;38536007;4257;3.75734787904464;FALSE
GUIDE-seq_v1;VEGFAs2;4_40232433_40232433;4;293;40232433;40232433;176;0.155342547970838;FALSE
GUIDE-seq_v1;VEGFAs2;4_102572332_102572332;4;307;102572332;102572332;11;0.00970890924817737;FALSE
GUIDE-seq_v1;VEGFAs2;4_142846219_142846219;4;315;142846219;142846219;59;0.0520750586947695;FALSE
GUIDE-seq_v1;VEGFAs2;4_147815471_147815471;4;316;147815471;147815471;29;0.0255962152906494;FALSE
GUIDE-seq_v1;VEGFAs2;4_148056563_148056568;4;317;148056563;148056568;70;0.0617839679429469;FALSE
GUIDE-seq_v1;VEGFAs2;4_159111998_159111998;4;321;159111998;159111998;4;0.00353051245388268;FALSE
GUIDE-seq_v1;VEGFAs2;5_6715006_6715006;5;333;6715006;6715006;7870;6.94628325301418;FALSE
GUIDE-seq_v1;VEGFAs2;5_36989378_36989378;5;338;36989378;36989378;12;0.010591537361648;FALSE
GUIDE-seq_v1;VEGFAs2;5_113616223_113616226;5;352;113616223;113616226;204;0.180056135148017;FALSE
GUIDE-seq_v1;VEGFAs2;5_133524684_133524685;5;357;133524684;133524685;51;0.0450140337870042;FALSE
GUIDE-seq_v1;VEGFAs2;5_134177452_134177467;5;358;134177452;134177467;37;0.0326572401984148;FALSE
GUIDE-seq_v1;VEGFAs2;5_139648668_139648671;5;362;139648668;139648671;15;0.0132394217020601;FALSE
GUIDE-seq_v1;VEGFAs2;5_156894130_156894130;5;367;156894130;156894130;222;0.195943441190489;FALSE
GUIDE-seq_v1;VEGFAs2;5_164829151_164829169;5;369;164829151;164829169;27;0.0238309590637081;FALSE
GUIDE-seq_v1;VEGFAs2;5_176361285_176361285;5;372;176361285;176361285;9;0.00794365302123603;FALSE
GUIDE-seq_v1;VEGFAs2;5_179908018_179908018;5;373;179908018;179908018;2;0.00176525622694134;FALSE
GUIDE-seq_v1;VEGFAs2;6_2737975_2737975;6;376;2737975;2737975;5;0.00441314056735335;FALSE
GUIDE-seq_v1;VEGFAs2;6_3641670_3641670;6;378;3641670;3641670;2;0.00176525622694134;FALSE
GUIDE-seq_v1;VEGFAs2;6_26570646_26570646;6;387;26570646;26570646;64;0.0564881992621229;FALSE
GUIDE-seq_v1;VEGFAs2;6_36886048_36886048;6;392;36886048;36886048;163;0.143868382495719;FALSE
GUIDE-seq_v1;VEGFAs2;6_41575712_41575712;6;394;41575712;41575712;14;0.0123567935885894;FALSE
GUIDE-seq_v1;VEGFAs2;6_43770825_43770825;6;401;43770825;43770825;2030;1.79173507034546;TRUE
GUIDE-seq_v1;VEGFAs2;6_44001525_44001525;6;402;44001525;44001525;8;0.00706102490776536;FALSE
GUIDE-seq_v1;VEGFAs2;6_105382136_105382140;6;412;105382136;105382140;35;0.0308919839714735;FALSE
GUIDE-seq_v1;VEGFAs2;6_160131533_160131533;6;433;160131533;160131533;87;0.0767886458719483;FALSE
GUIDE-seq_v1;VEGFAs2;7_774960_774961;7;438;774960;774961;29;0.0255962152906494;FALSE
GUIDE-seq_v1;VEGFAs2;7_5437498_5437499;7;442;5437498;5437499;32;0.0282440996310614;FALSE
GUIDE-seq_v1;VEGFAs2;7_37015218_37015218;7;451;37015218;37015218;8;0.00706102490776536;FALSE
GUIDE-seq_v1;VEGFAs2;7_42945808_42945809;7;453;42945808;42945809;172;0.151812035516955;FALSE
GUIDE-seq_v1;VEGFAs2;7_44213957_44213957;7;454;44213957;44213957;161;0.142103126268778;FALSE
GUIDE-seq_v1;VEGFAs2;7_45178349_45178349;7;456;45178349;45178349;30;0.0264788434041201;FALSE
GUIDE-seq_v1;VEGFAs2;7_66558186_66558186;7;461;66558186;66558186;5;0.00441314056735335;FALSE
GUIDE-seq_v1;VEGFAs2;7_93119292_93119292;7;466;93119292;93119292;2;0.00176525622694134;FALSE
GUIDE-seq_v1;VEGFAs2;7_95690365_95690365;7;467;95690365;95690365;77;0.0679623647372416;FALSE
GUIDE-seq_v1;VEGFAs2;7_100688270_100688271;7;471;100688270;100688271;33;0.0291267277445321;FALSE
GUIDE-seq_v1;VEGFAs2;7_101507517_101507517;7;472;101507517;101507517;12;0.010591537361648;FALSE
GUIDE-seq_v1;VEGFAs2;7_105293508_105293509;7;476;105293508;105293509;488;0.430722519373687;FALSE
GUIDE-seq_v1;VEGFAs2;7_123534656_123534656;7;480;123534656;123534656;132;0.116506910978128;FALSE
GUIDE-seq_v1;VEGFAs2;7_129649318_129649319;7;482;129649318;129649319;315;0.278027855743261;FALSE
GUIDE-seq_v1;VEGFAs2;7_131106816_131106819;7;483;131106816;131106819;115;0.101502233049127;FALSE
GUIDE-seq_v1;VEGFAs2;7_139618672_139618672;7;487;139618672;139618672;3;0.00264788434041201;FALSE
GUIDE-seq_v1;VEGFAs2;7_143263325_143263326;7;488;143263325;143263326;27;0.0238309590637081;FALSE
GUIDE-seq_v1;VEGFAs2;7_155144359_155144359;7;497;155144359;155144359;10;0.0088262811347067;FALSE
GUIDE-seq_v1;VEGFAs2;8_18184037_18184037;8;506;18184037;18184037;427;0.376882204451976;FALSE
GUIDE-seq_v1;VEGFAs2;8_140597490_140597490;8;543;140597490;140597490;9;0.00794365302123603;FALSE
GUIDE-seq_v1;VEGFAs2;8_143740791_143740791;8;547;143740791;143740791;2003;1.76790411128175;FALSE
GUIDE-seq_v1;VEGFAs2;8_143934237_143934237;8;549;143934237;143934237;38;0.0335398683118855;FALSE
GUIDE-seq_v1;VEGFAs2;9_2666738_2666738;9;551;2666738;2666738;28;0.0247135871771788;FALSE
GUIDE-seq_v1;VEGFAs2;9_27338876_27338876;9;555;27338876;27338876;421;0.371586435771152;FALSE
GUIDE-seq_v1;VEGFAs2;9_33202626_33202627;9;556;33202626;33202627;37;0.0326572401984148;FALSE
GUIDE-seq_v1;VEGFAs2;9_37465378_37465378;9;560;37465378;37465378;15;0.0132394217020601;FALSE
GUIDE-seq_v1;VEGFAs2;9_93069215_93069216;9;575;93069215;93069216;20;0.0176525622694134;FALSE
GUIDE-seq_v1;VEGFAs2;9_94648649_94648649;9;576;94648649;94648649;9;0.00794365302123603;FALSE
GUIDE-seq_v1;VEGFAs2;9_97970304_97970304;9;579;97970304;97970304;11;0.00970890924817737;FALSE
GUIDE-seq_v1;VEGFAs2;9_100837366_100837367;9;581;100837366;100837367;3094;2.73085138307825;FALSE
GUIDE-seq_v1;VEGFAs2;9_123375902_123375902;9;584;123375902;123375902;613;0.541051033557521;FALSE
GUIDE-seq_v1;VEGFAs2;9_127764614_127764615;9;587;127764614;127764615;15;0.0132394217020601;FALSE
GUIDE-seq_v1;VEGFAs2;9_127900808_127900808;9;588;127900808;127900808;5;0.00441314056735335;FALSE
GUIDE-seq_v1;VEGFAs2;9_128944303_128944303;9;591;128944303;128944303;369;0.325689773870677;FALSE
GUIDE-seq_v1;VEGFAs2;9_136485276_136485279;9;600;136485276;136485279;28;0.0247135871771788;FALSE
GUIDE-seq_v1;VEGFAs2;9_136546392_136546392;9;601;136546392;136546392;301;0.265671062154672;FALSE
GUIDE-seq_v1;VEGFAs2;9_137368993_137368993;9;603;137368993;137368993;8;0.00706102490776536;FALSE
GUIDE-seq_v1;VEGFAs2;MT_578_578;MT;1162;578;578;13;0.0114741654751187;FALSE
GUIDE-seq_v1;VEGFAs2;MT_790_790;MT;1164;790;790;6;0.00529576868082402;FALSE
GUIDE-seq_v1;VEGFAs2;MT_2981_2981;MT;1169;2981;2981;4;0.00353051245388268;FALSE
GUIDE-seq_v1;VEGFAs2;MT_3906_3906;MT;1177;3906;3906;5;0.00441314056735335;FALSE
GUIDE-seq_v1;VEGFAs2;MT_5359_5359;MT;1180;5359;5359;8;0.00706102490776536;FALSE
GUIDE-seq_v1;VEGFAs2;MT_5393_5393;MT;1182;5393;5393;11;0.00970890924817737;FALSE
GUIDE-seq_v1;VEGFAs2;MT_5428_5428;MT;1183;5428;5428;23;0.0203004466098254;FALSE
GUIDE-seq_v1;VEGFAs2;MT_6420_6420;MT;1188;6420;6420;7;0.00617839679429469;FALSE
GUIDE-seq_v1;VEGFAs2;MT_6635_6635;MT;1191;6635;6635;11;0.00970890924817737;FALSE
GUIDE-seq_v1;VEGFAs2;MT_8578_8578;MT;1196;8578;8578;13;0.0114741654751187;FALSE
GUIDE-seq_v1;VEGFAs2;MT_9972_9972;MT;1199;9972;9972;20;0.0176525622694134;FALSE
GUIDE-seq_v1;VEGFAs2;MT_10996_10996;MT;1205;10996;10996;14;0.0123567935885894;FALSE
GUIDE-seq_v1;VEGFAs2;MT_13046_13046;MT;1210;13046;13046;2;0.00176525622694134;FALSE
GUIDE-seq_v1;VEGFAs2;MT_13533_13533;MT;1213;13533;13533;7;0.00617839679429469;FALSE
GUIDE-seq_v1;VEGFAs2;MT_15038_15038;MT;1216;15038;15038;4;0.00353051245388268;FALSE
GUIDE-seq_v1;VEGFAs2;MT_15533_15533;MT;1218;15533;15533;4;0.00353051245388268;FALSE
GUIDE-seq_v1;VEGFAs2;MT_15801_15801;MT;1219;15801;15801;6;0.00529576868082402;FALSE
GUIDE-seq_v1;VEGFAs2;MT_16045_16045;MT;1221;16045;16045;3;0.00264788434041201;FALSE
GUIDE-seq_v1;VEGFAs2;X_68433953_68433954;X;1136;68433953;68433954;54;0.0476619181274162;FALSE
GUIDE-seq_v1;VEGFAs2;X_110087670_110087670;X;1143;110087670;110087670;2;0.00176525622694134;FALSE
GUIDE-seq_v1;VEGFAs2;X_119731519_119731520;X;1145;119731519;119731520;503;0.443961941075747;FALSE
GUIDE-seq_v1;VEGFAs2;X_129906664_129906664;X;1147;129906664;129906664;771;0.680506275485887;FALSE
GUIDE-seq_v1;VEGFAs2;X_143590202_143590202;X;1153;143590202;143590202;7;0.00617839679429469;FALSE
GUIDE-seq_v1;VEGFAs2;X_150764055_150764055;X;1156;150764055;150764055;2352;2.07594132288302;FALSE
GUIDE-seq_v1;VEGFAs2;X_153571671_153571671;X;1157;153571671;153571671;176;0.155342547970838;FALSE
GUIDE-seq_v1;VEGFAs3;1_32273162_32273162;1;26;32273162;32273162;166;0.260367651671999;FALSE
GUIDE-seq_v1;VEGFAs3;1_39584497_39584498;1;28;39584497;39584498;14;0.0219587176108915;FALSE
GUIDE-seq_v1;VEGFAs3;1_47839366_47839366;1;35;47839366;47839366;165;0.25879917184265;FALSE
GUIDE-seq_v1;VEGFAs3;1_109191384_109191384;1;51;109191384;109191384;17;0.0266641570989397;FALSE
GUIDE-seq_v1;VEGFAs3;1_206924242_206924242;1;91;206924242;206924242;7;0.0109793588054458;FALSE
GUIDE-seq_v1;VEGFAs3;10_5707694_5707694;10;607;5707694;5707694;59;0.0925403099316143;FALSE
GUIDE-seq_v1;VEGFAs3;10_97000831_97000831;10;625;97000831;97000831;305;0.478386347951565;FALSE
GUIDE-seq_v1;VEGFAs3;10_97546894_97546894;10;627;97546894;97546894;7;0.0109793588054458;FALSE
GUIDE-seq_v1;VEGFAs3;10_103547715_103547715;10;629;103547715;103547715;57;0.0894033502729155;FALSE
GUIDE-seq_v1;VEGFAs3;10_128430089_128430089;10;638;128430089;128430089;6;0.00941087897609637;FALSE
GUIDE-seq_v1;VEGFAs3;11_69083670_69083670;11;700;69083670;69083670;453;0.710521362695276;FALSE
GUIDE-seq_v1;VEGFAs3;11_119496774_119496774;11;721;119496774;119496774;108;0.169395821569735;FALSE
GUIDE-seq_v1;VEGFAs3;14_61612055_61612055;14;798;61612055;61612055;258;0.404667795972144;FALSE
GUIDE-seq_v1;VEGFAs3;14_65102441_65102441;14;799;65102441;65102441;7331;11.4985256289604;FALSE
GUIDE-seq_v1;VEGFAs3;14_73886793_73886793;14;809;73886793;73886793;820;1.2861534600665;FALSE
GUIDE-seq_v1;VEGFAs3;14_105562694_105562694;14;821;105562694;105562694;363;0.56935817805383;FALSE
GUIDE-seq_v1;VEGFAs3;16_74864222_74864223;16;891;74864222;74864223;103;0.161553422422988;FALSE
GUIDE-seq_v1;VEGFAs3;17_16482751_16482751;17;914;16482751;16482751;2;0.00313695965869879;FALSE
GUIDE-seq_v1;VEGFAs3;17_67056091_67056091;17;953;67056091;67056091;107;0.167827341740385;FALSE
GUIDE-seq_v1;VEGFAs3;18_6130266_6130266;18;975;6130266;6130266;18;0.0282326369282891;FALSE
GUIDE-seq_v1;VEGFAs3;18_76391218_76391218;18;989;76391218;76391218;25;0.0392119957337349;FALSE
GUIDE-seq_v1;VEGFAs3;19_6109021_6109021;19;1008;6109021;6109021;25;0.0392119957337349;FALSE
GUIDE-seq_v1;VEGFAs3;19_17483424_17483424;19;1027;17483424;17483424;6;0.00941087897609637;FALSE
GUIDE-seq_v1;VEGFAs3;19_40055960_40055960;19;1039;40055960;40055960;1655;2.59583411757325;FALSE
GUIDE-seq_v1;VEGFAs3;19_40090678_40090678;19;1040;40090678;40090678;11;0.0172532781228433;FALSE
GUIDE-seq_v1;VEGFAs3;19_47229235_47229235;19;1046;47229235;47229235;21;0.0329380764163373;FALSE
GUIDE-seq_v1;VEGFAs3;2_176598696_176598698;2;173;176598696;176598698;87;0.136457745153397;FALSE
GUIDE-seq_v1;VEGFAs3;2_229641532_229641532;2;189;229641532;229641532;13;0.0203902377815421;FALSE
GUIDE-seq_v1;VEGFAs3;20_20197640_20197640;20;1062;20197640;20197640;819;1.28458498023715;FALSE
GUIDE-seq_v1;VEGFAs3;21_34930697_34930697;21;1085;34930697;34930697;13;0.0203902377815421;FALSE
GUIDE-seq_v1;VEGFAs3;22_24216720_24216720;22;1096;24216720;24216720;156;0.244682853378506;FALSE
GUIDE-seq_v1;VEGFAs3;22_37266783_37266783;22;1102;37266783;37266783;7118;11.164439425309;FALSE
GUIDE-seq_v1;VEGFAs3;22_49344075_49344075;22;1120;49344075;49344075;7;0.0109793588054458;FALSE
GUIDE-seq_v1;VEGFAs3;3_40328393_40328393;3;217;40328393;40328393;2;0.00313695965869879;FALSE
GUIDE-seq_v1;VEGFAs3;3_194276095_194276095;3;271;194276095;194276095;157;0.246251333207855;FALSE
GUIDE-seq_v1;VEGFAs3;4_57460441_57460441;4;298;57460441;57460441;24;0.0376435159043855;FALSE
GUIDE-seq_v1;VEGFAs3;5_81209895_81209896;5;346;81209895;81209896;53;0.0831294309555179;FALSE
GUIDE-seq_v1;VEGFAs3;5_90145150_90145150;5;348;90145150;90145150;795;1.24694146433277;FALSE
GUIDE-seq_v1;VEGFAs3;5_116098978_116098978;5;353;116098978;116098978;9952;15.6095112616852;FALSE
GUIDE-seq_v1;VEGFAs3;6_43769591_43769591;6;397;43769591;43769591;23;0.0360750360750361;FALSE
GUIDE-seq_v1;VEGFAs3;6_43769611_43769611;6;398;43769611;43769611;7;0.0109793588054458;FALSE
GUIDE-seq_v1;VEGFAs3;6_43769624_43769624;6;399;43769624;43769624;8;0.0125478386347952;FALSE
GUIDE-seq_v1;VEGFAs3;6_43769733_43769733;6;400;43769733;43769733;31955;50.1207729468599;TRUE
GUIDE-seq_v1;VEGFAs3;6_109275005_109275005;6;414;109275005;109275005;21;0.0329380764163373;FALSE
GUIDE-seq_v1;VEGFAs3;6_144137154_144137154;6;424;144137154;144137154;17;0.0266641570989397;FALSE
GUIDE-seq_v1;VEGFAs3;6_156757193_156757193;6;431;156757193;156757193;25;0.0392119957337349;FALSE
GUIDE-seq_v1;VEGFAs3;7_2986832_2986832;7;441;2986832;2986832;2;0.00313695965869879;FALSE
GUIDE-seq_v1;VEGFAs3;7_150334641_150334641;7;491;150334641;150334641;13;0.0203902377815421;FALSE
GUIDE-seq_v1;VEGFAs3;8_48085245_48085245;8;516;48085245;48085245;106;0.166258861911036;FALSE
GUIDE-seq_v1;VEGFAs3;8_140027830_140027830;8;542;140027830;140027830;11;0.0172532781228433;FALSE
GUIDE-seq_v1;VEGFAs3;8_142809400_142809400;8;544;142809400;142809400;3;0.00470543948804818;FALSE
GUIDE-seq_v1;VEGFAs3;9_18733631_18733637;9;553;18733631;18733637;49;0.0768555116381203;FALSE
GUIDE-seq_v1;VEGFAs3;9_89494304_89494306;9;570;89494304;89494306;89;0.139594704812096;FALSE
GUIDE-seq_v1;VEGFAs3;MT_351_351;MT;1161;351;351;5;0.00784239914674697;FALSE
GUIDE-seq_v1;VEGFAs3;MT_919_919;MT;1165;919;919;4;0.00627391931739758;FALSE
GUIDE-seq_v1;VEGFAs3;MT_2861_2861;MT;1167;2861;2861;18;0.0282326369282891;FALSE
GUIDE-seq_v1;VEGFAs3;MT_3117_3117;MT;1170;3117;3117;5;0.00784239914674697;FALSE
GUIDE-seq_v1;VEGFAs3;MT_3162_3162;MT;1171;3162;3162;5;0.00784239914674697;FALSE
GUIDE-seq_v1;VEGFAs3;MT_3205_3205;MT;1173;3205;3205;7;0.0109793588054458;FALSE
GUIDE-seq_v1;VEGFAs3;MT_3731_3731;MT;1176;3731;3731;5;0.00784239914674697;FALSE
GUIDE-seq_v1;VEGFAs3;MT_5379_5379;MT;1181;5379;5379;3;0.00470543948804818;FALSE
GUIDE-seq_v1;VEGFAs3;MT_5483_5483;MT;1185;5483;5483;8;0.0125478386347952;FALSE
GUIDE-seq_v1;VEGFAs3;MT_6374_6374;MT;1187;6374;6374;8;0.0125478386347952;FALSE
GUIDE-seq_v1;VEGFAs3;MT_6440_6442;MT;1189;6440;6442;5;0.00784239914674697;FALSE
GUIDE-seq_v1;VEGFAs3;MT_6467_6467;MT;1190;6467;6467;3;0.00470543948804818;FALSE
GUIDE-seq_v1;VEGFAs3;MT_8178_8178;MT;1193;8178;8178;3;0.00470543948804818;FALSE
GUIDE-seq_v1;VEGFAs3;MT_8191_8191;MT;1194;8191;8191;4;0.00627391931739758;FALSE
GUIDE-seq_v1;VEGFAs3;MT_9946_9946;MT;1198;9946;9946;10;0.0156847982934939;FALSE
GUIDE-seq_v1;VEGFAs3;MT_10800_10800;MT;1203;10800;10800;10;0.0156847982934939;FALSE
GUIDE-seq_v1;VEGFAs3;MT_11789_11789;MT;1208;11789;11789;3;0.00470543948804818;FALSE
GUIDE-seq_v1;VEGFAs3;MT_12509_12509;MT;1209;12509;12509;3;0.00470543948804818;FALSE
GUIDE-seq_v1;VEGFAs3;MT_13204_13204;MT;1211;13204;13204;9;0.0141163184641446;FALSE
GUIDE-seq_v1;VEGFAs3;X_100409996_100409996;X;1142;100409996;100409996;4;0.00627391931739758;FALSE
GUIDE-seq_v2;B2M;11_46173654_46173654;11;677;46173654;46173654;9;0.0146806948862246;FALSE
GUIDE-seq_v2;B2M;15_25559813_25559813;15;822;25559813;25559813;2;0.00326237664138325;FALSE
GUIDE-seq_v2;B2M;15_44711244_44711244;15;829;44711244;44711244;3;0.00489356496207487;FALSE
GUIDE-seq_v2;B2M;15_44711294_44711294;15;830;44711294;44711294;5;0.00815594160345812;FALSE
GUIDE-seq_v2;B2M;15_44711313_44711316;15;831;44711313;44711316;42;0.0685099094690482;FALSE
GUIDE-seq_v2;B2M;15_44711568_44711568;15;836;44711568;44711568;60753;99.0995840469782;TRUE
GUIDE-seq_v2;B2M;15_44711662_44711662;15;837;44711662;44711662;3;0.00489356496207487;FALSE
GUIDE-seq_v2;B2M;15_44711701_44711701;15;838;44711701;44711701;7;0.0114183182448414;FALSE
GUIDE-seq_v2;B2M;15_44712124_44712124;15;841;44712124;44712124;16;0.026099013131066;FALSE
GUIDE-seq_v2;B2M;15_44713368_44713368;15;843;44713368;44713368;17;0.0277302014517576;FALSE
GUIDE-seq_v2;B2M;16_4709146_4709146;16;869;4709146;4709146;4;0.0065247532827665;FALSE
GUIDE-seq_v2;B2M;17_58330030_58330030;17;947;58330030;58330030;23;0.0375173313759073;FALSE
GUIDE-seq_v2;B2M;3_93470365_93470365;3;231;93470365;93470365;56;0.0913465459587309;FALSE
GUIDE-seq_v2;B2M;3_93470410_93470410;3;232;93470410;93470410;19;0.0309925780931409;FALSE
GUIDE-seq_v2;B2M;3_93470428_93470428;3;233;93470428;93470428;6;0.00978712992414974;FALSE
GUIDE-seq_v2;B2M;3_93470452_93470452;3;234;93470452;93470452;11;0.0179430715276079;FALSE
GUIDE-seq_v2;B2M;3_93470489_93470489;3;235;93470489;93470489;156;0.254465378027893;FALSE
GUIDE-seq_v2;B2M;3_93470523_93470530;3;236;93470523;93470530;88;0.143544572220863;FALSE
GUIDE-seq_v2;B2M;3_93470549_93470549;3;237;93470549;93470549;52;0.0848217926759644;FALSE
GUIDE-seq_v2;B2M;3_93470616_93470616;3;238;93470616;93470616;12;0.0195742598482995;FALSE
GUIDE-seq_v2;B2M;3_93470645_93470645;3;240;93470645;93470645;14;0.0228366364896827;FALSE
GUIDE-seq_v2;B2M;6_3396757_3396757;6;377;3396757;3396757;2;0.00326237664138325;FALSE
GUIDE-seq_v2;B2M;6_143379755_143379755;6;423;143379755;143379755;5;0.00815594160345812;FALSE
GUIDE-seq_v2;TRAC;1_200990183_200990183;1;89;200990183;200990183;269;1.24727593082023;FALSE
GUIDE-seq_v2;TRAC;10_4270270_4270270;10;606;4270270;4270270;14;0.0649139889646219;FALSE
GUIDE-seq_v2;TRAC;14_22547320_22547320;14;791;22547320;22547320;6;0.0278202809848379;FALSE
GUIDE-seq_v2;TRAC;14_22547664_22547664;14;792;22547664;22547664;21163;98.1267677470209;TRUE
GUIDE-seq_v2;TRAC;17_30173689_30173689;17;922;30173689;30173689;24;0.111281123939352;FALSE
GUIDE-seq_v2;TRAC;3_93470453_93470453;3;234;93470453;93470453;3;0.013910140492419;FALSE
GUIDE-seq_v2;TRAC;3_93470484_93470488;3;235;93470484;93470488;62;0.287476236843325;FALSE
GUIDE-seq_v2;TRAC;3_93470508_93470525;3;236;93470508;93470525;26;0.120554550934298;FALSE
GUIDE-seq_v2;VEGFAs2;1_920956_920956;1;2;920956;920956;213;0.173591302505257;FALSE
GUIDE-seq_v2;VEGFAs2;1_939957_939957;1;3;939957;939957;574;0.467800035859236;FALSE
GUIDE-seq_v2;VEGFAs2;1_1358892_1358893;1;5;1358892;1358893;26;0.0211895486626135;FALSE
GUIDE-seq_v2;VEGFAs2;1_5417092_5417092;1;6;5417092;5417092;145;0.118172482926114;FALSE
GUIDE-seq_v2;VEGFAs2;1_9689824_9689824;1;9;9689824;9689824;3;0.00244494792260925;FALSE
GUIDE-seq_v2;VEGFAs2;1_11654489_11654489;1;11;11654489;11654489;10;0.00814982640869749;FALSE
GUIDE-seq_v2;VEGFAs2;1_17053394_17053395;1;12;17053394;17053395;91;0.0741634203191472;FALSE
GUIDE-seq_v2;VEGFAs2;1_17053407_17053407;1;13;17053407;17053407;37;0.0301543577121807;FALSE
GUIDE-seq_v2;VEGFAs2;1_24848370_24848371;1;18;24848370;24848371;14;0.0114097569721765;FALSE
GUIDE-seq_v2;VEGFAs2;1_26696336_26696336;1;19;26696336;26696336;3;0.00244494792260925;FALSE
GUIDE-seq_v2;VEGFAs2;1_47726228_47726229;1;34;47726228;47726229;21;0.0171146354582647;FALSE
GUIDE-seq_v2;VEGFAs2;1_50976519_50976519;1;37;50976519;50976519;751;0.612051963293182;FALSE
GUIDE-seq_v2;VEGFAs2;1_77779751_77779751;1;47;77779751;77779751;400;0.3259930563479;FALSE
GUIDE-seq_v2;VEGFAs2;1_88891955_88891955;1;49;88891955;88891955;15;0.0122247396130462;FALSE
GUIDE-seq_v2;VEGFAs2;1_110340774_110340774;1;52;110340774;110340774;35;0.0285243924304412;FALSE
GUIDE-seq_v2;VEGFAs2;1_151059411_151059411;1;69;151059411;151059411;5276;4.2998484132288;FALSE
GUIDE-seq_v2;VEGFAs2;1_154580178_154580180;1;73;154580178;154580180;63;0.0513439063747942;FALSE
GUIDE-seq_v2;VEGFAs2;1_178769585_178769592;1;81;178769585;178769592;58;0.0472689931704455;FALSE
GUIDE-seq_v2;VEGFAs2;10_794627_794627;10;605;794627;794627;24;0.019559583380874;FALSE
GUIDE-seq_v2;VEGFAs2;10_44064637_44064637;10;615;44064637;44064637;4;0.003259930563479;FALSE
GUIDE-seq_v2;VEGFAs2;10_70778461_70778462;10;618;70778461;70778462;1259;1.02606314485501;FALSE
GUIDE-seq_v2;VEGFAs2;10_101061761_101061762;10;628;101061761;101061762;40;0.03259930563479;FALSE
GUIDE-seq_v2;VEGFAs2;10_114534496_114534496;10;633;114534496;114534496;621;0.506104219980114;FALSE
GUIDE-seq_v2;VEGFAs2;10_124143004_124143005;10;637;124143004;124143005;8;0.006519861126958;FALSE
GUIDE-seq_v2;VEGFAs2;10_133336444_133336444;10;645;133336444;133336444;1741;1.41888477775423;FALSE
GUIDE-seq_v2;VEGFAs2;11_374666_374666;11;646;374666;374666;1297;1.05703248520807;FALSE
GUIDE-seq_v2;VEGFAs2;11_1548491_1548492;11;651;1548491;1548492;25;0.0203745660217437;FALSE
GUIDE-seq_v2;VEGFAs2;11_2395349_2395350;11;652;2395349;2395350;64;0.052158889015664;FALSE
GUIDE-seq_v2;VEGFAs2;11_2665018_2665019;11;653;2665018;2665019;492;0.400971459307917;FALSE
GUIDE-seq_v2;VEGFAs2;11_12287387_12287388;11;657;12287387;12287388;57;0.0464540105295757;FALSE
GUIDE-seq_v2;VEGFAs2;11_13926823_13926823;11;659;13926823;13926823;290;0.236344965852227;FALSE
GUIDE-seq_v2;VEGFAs2;11_31795934_31795934;11;667;31795934;31795934;3399;2.77012599631628;FALSE
GUIDE-seq_v2;VEGFAs2;11_32042841_32042841;11;668;32042841;32042841;6;0.0048898958452185;FALSE
GUIDE-seq_v2;VEGFAs2;11_32162938_32162939;11;670;32162938;32162939;47;0.0383041841208782;FALSE
GUIDE-seq_v2;VEGFAs2;11_46120303_46120305;11;676;46120303;46120305;11;0.00896480904956725;FALSE
GUIDE-seq_v2;VEGFAs2;11_61553967_61553967;11;683;61553967;61553967;36;0.029339375071311;FALSE
GUIDE-seq_v2;VEGFAs2;11_63623618_63623618;11;687;63623618;63623618;206;0.167886424019168;FALSE
GUIDE-seq_v2;VEGFAs2;11_63951708_63951708;11;688;63951708;63951708;12;0.00977979169043699;FALSE
GUIDE-seq_v2;VEGFAs2;11_63999410_63999410;11;689;63999410;63999410;6;0.0048898958452185;FALSE
GUIDE-seq_v2;VEGFAs2;11_64836705_64836705;11;692;64836705;64836705;7;0.00570487848608825;FALSE
GUIDE-seq_v2;VEGFAs2;11_65639567_65639568;11;694;65639567;65639568;32;0.026079444507832;FALSE
GUIDE-seq_v2;VEGFAs2;11_65712298_65712298;11;695;65712298;65712298;176;0.143436944793076;FALSE
GUIDE-seq_v2;VEGFAs2;11_67584047_67584047;11;697;67584047;67584047;12;0.00977979169043699;FALSE
GUIDE-seq_v2;VEGFAs2;11_68104320_68104321;11;698;68104320;68104321;113;0.0920930384182817;FALSE
GUIDE-seq_v2;VEGFAs2;11_72237762_72237762;11;705;72237762;72237762;3421;2.78805561441541;FALSE
GUIDE-seq_v2;VEGFAs2;11_72750155_72750159;11;707;72750155;72750159;43;0.0350442535573992;FALSE
GUIDE-seq_v2;VEGFAs2;11_73747444_73747453;11;708;73747444;73747453;99;0.0806832814461052;FALSE
GUIDE-seq_v2;VEGFAs2;11_76784744_76784746;11;711;76784744;76784746;73;0.0594937327834917;FALSE
GUIDE-seq_v2;VEGFAs2;11_83722556_83722557;11;713;83722556;83722557;313;0.255089566592232;FALSE
GUIDE-seq_v2;VEGFAs2;11_133907553_133907563;11;726;133907553;133907563;126;0.102687812749588;FALSE
GUIDE-seq_v2;VEGFAs2;11_134490024_134490024;11;727;134490024;134490024;14;0.0114097569721765;FALSE
GUIDE-seq_v2;VEGFAs2;12_25872161_25872162;12;736;25872161;25872162;457;0.372447066877475;FALSE
GUIDE-seq_v2;VEGFAs2;12_31659416_31659416;12;737;31659416;31659416;293;0.238789913774837;FALSE
GUIDE-seq_v2;VEGFAs2;12_57210549_57210551;12;746;57210549;57210551;37;0.0301543577121807;FALSE
GUIDE-seq_v2;VEGFAs2;12_64598903_64598903;12;748;64598903;64598903;4;0.003259930563479;FALSE
GUIDE-seq_v2;VEGFAs2;12_76084037_76084037;12;753;76084037;76084037;6;0.0048898958452185;FALSE
GUIDE-seq_v2;VEGFAs2;12_101210010_101210010;12;757;101210010;101210010;19;0.0154846701765252;FALSE
GUIDE-seq_v2;VEGFAs2;12_105659931_105659931;12;759;105659931;105659931;6;0.0048898958452185;FALSE
GUIDE-seq_v2;VEGFAs2;12_132710562_132710562;12;768;132710562;132710562;282;0.229825104725269;FALSE
GUIDE-seq_v2;VEGFAs2;13_26052105_26052105;13;772;26052105;26052105;1227;0.999983700347183;FALSE
GUIDE-seq_v2;VEGFAs2;13_99894734_99894734;13;784;99894734;99894734;7443;6.06591579599355;FALSE
GUIDE-seq_v2;VEGFAs2;13_106715490_106715490;13;786;106715490;106715490;89;0.0725334550374077;FALSE
GUIDE-seq_v2;VEGFAs2;14_66383481_66383481;14;802;66383481;66383481;3;0.00244494792260925;FALSE
GUIDE-seq_v2;VEGFAs2;14_74632020_74632020;14;810;74632020;74632020;93;0.0757933856008867;FALSE
GUIDE-seq_v2;VEGFAs2;14_89936977_89936977;14;814;89936977;89936977;12;0.00977979169043699;FALSE
GUIDE-seq_v2;VEGFAs2;14_92679239_92679240;14;816;92679239;92679240;53;0.0431940799660967;FALSE
GUIDE-seq_v2;VEGFAs2;15_32993905_32993906;15;825;32993905;32993906;1101;0.897295887597594;FALSE
GUIDE-seq_v2;VEGFAs2;15_71241754_71241754;15;849;71241754;71241754;7;0.00570487848608825;FALSE
GUIDE-seq_v2;VEGFAs2;15_74690793_74690793;15;855;74690793;74690793;3;0.00244494792260925;FALSE
GUIDE-seq_v2;VEGFAs2;15_78565383_78565383;15;857;78565383;78565383;8;0.006519861126958;FALSE
GUIDE-seq_v2;VEGFAs2;16_894964_894964;16;864;894964;894964;19;0.0154846701765252;FALSE
GUIDE-seq_v2;VEGFAs2;16_1370594_1370595;16;866;1370594;1370595;66;0.0537888542974035;FALSE
GUIDE-seq_v2;VEGFAs2;16_8871232_8871232;16;872;8871232;8871232;24;0.019559583380874;FALSE
GUIDE-seq_v2;VEGFAs2;16_13398600_13398602;16;875;13398600;13398602;23;0.0187446007400042;FALSE
GUIDE-seq_v2;VEGFAs2;16_23505694_23505694;16;879;23505694;23505694;21;0.0171146354582647;FALSE
GUIDE-seq_v2;VEGFAs2;16_28920855_28920855;16;882;28920855;28920855;10;0.00814982640869749;FALSE
GUIDE-seq_v2;VEGFAs2;16_56929516_56929516;16;885;56929516;56929516;2773;2.25994686313182;FALSE
GUIDE-seq_v2;VEGFAs2;16_57940333_57940334;16;886;57940333;57940334;22;0.0179296180991345;FALSE
GUIDE-seq_v2;VEGFAs2;16_67255546_67255546;16;888;67255546;67255546;7;0.00570487848608825;FALSE
GUIDE-seq_v2;VEGFAs2;16_69132808_69132808;16;889;69132808;69132808;335;0.273019184691366;FALSE
GUIDE-seq_v2;VEGFAs2;16_75095871_75095871;16;892;75095871;75095871;5;0.00407491320434875;FALSE
GUIDE-seq_v2;VEGFAs2;16_82700977_82700977;16;895;82700977;82700977;601;0.489804567162719;FALSE
GUIDE-seq_v2;VEGFAs2;17_2778181_2778181;17;902;2778181;2778181;8;0.006519861126958;FALSE
GUIDE-seq_v2;VEGFAs2;17_4455456_4455457;17;904;4455456;4455457;1629;1.32760672197682;FALSE
GUIDE-seq_v2;VEGFAs2;17_7244162_7244162;17;907;7244162;7244162;27;0.0220045313034832;FALSE
GUIDE-seq_v2;VEGFAs2;17_7403795_7403799;17;908;7403795;7403799;40;0.03259930563479;FALSE
GUIDE-seq_v2;VEGFAs2;17_16286118_16286118;17;913;16286118;16286118;452;0.368372153673127;FALSE
GUIDE-seq_v2;VEGFAs2;17_17051538_17051538;17;915;17051538;17051538;468;0.381411875927043;FALSE
GUIDE-seq_v2;VEGFAs2;17_31655990_31655990;17;926;31655990;31655990;30;0.0244494792260925;FALSE
GUIDE-seq_v2;VEGFAs2;17_39544449_39544449;17;931;39544449;39544449;4;0.003259930563479;FALSE
GUIDE-seq_v2;VEGFAs2;17_40140833_40140833;17;932;40140833;40140833;83;0.0676435591921892;FALSE
GUIDE-seq_v2;VEGFAs2;17_41888504_41888504;17;934;41888504;41888504;6077;4.95264950856547;FALSE
GUIDE-seq_v2;VEGFAs2;17_43720610_43720610;17;936;43720610;43720610;2;0.0016299652817395;FALSE
GUIDE-seq_v2;VEGFAs2;17_48026481_48026481;17;942;48026481;48026481;12;0.00977979169043699;FALSE
GUIDE-seq_v2;VEGFAs2;17_50547418_50547419;17;944;50547418;50547419;53;0.0431940799660967;FALSE
GUIDE-seq_v2;VEGFAs2;17_57663168_57663168;17;946;57663168;57663168;293;0.238789913774837;FALSE
GUIDE-seq_v2;VEGFAs2;17_60327507_60327508;17;948;60327507;60327508;99;0.0806832814461052;FALSE
GUIDE-seq_v2;VEGFAs2;17_64089692_64089694;17;950;64089692;64089694;155;0.126322309334811;FALSE
GUIDE-seq_v2;VEGFAs2;17_67636875_67636875;17;954;67636875;67636875;5;0.00407491320434875;FALSE
GUIDE-seq_v2;VEGFAs2;17_74826813_74826813;17;960;74826813;74826813;15;0.0122247396130462;FALSE
GUIDE-seq_v2;VEGFAs2;17_81923278_81923278;17;969;81923278;81923278;105;0.0855731772913237;FALSE
GUIDE-seq_v2;VEGFAs2;17_82055720_82055720;17;970;82055720;82055720;15;0.0122247396130462;FALSE
GUIDE-seq_v2;VEGFAs2;18_22171102_22171103;18;978;22171102;22171103;34;0.0277094097895715;FALSE
GUIDE-seq_v2;VEGFAs2;18_23779594_23779595;18;980;23779594;23779595;3015;2.45717266222229;FALSE
GUIDE-seq_v2;VEGFAs2;19_1028251_1028251;19;992;1028251;1028251;160;0.13039722253916;FALSE
GUIDE-seq_v2;VEGFAs2;19_1494332_1494332;19;994;1494332;1494332;39;0.0317843229939202;FALSE
GUIDE-seq_v2;VEGFAs2;19_1633093_1633093;19;995;1633093;1633093;9;0.00733484376782775;FALSE
GUIDE-seq_v2;VEGFAs2;19_1953783_1953783;19;999;1953783;1953783;12;0.00977979169043699;FALSE
GUIDE-seq_v2;VEGFAs2;19_3554987_3554987;19;1002;3554987;3554987;108;0.0880181252139329;FALSE
GUIDE-seq_v2;VEGFAs2;19_3755563_3755563;19;1003;3755563;3755563;15;0.0122247396130462;FALSE
GUIDE-seq_v2;VEGFAs2;19_5065009_5065009;19;1006;5065009;5065009;11;0.00896480904956725;FALSE
GUIDE-seq_v2;VEGFAs2;19_6767902_6767903;19;1011;6767902;6767903;35;0.0285243924304412;FALSE
GUIDE-seq_v2;VEGFAs2;19_10053088_10053088;19;1015;10053088;10053088;6;0.0048898958452185;FALSE
GUIDE-seq_v2;VEGFAs2;19_13011374_13011375;19;1018;13011374;13011375;622;0.506919202620984;FALSE
GUIDE-seq_v2;VEGFAs2;19_14032163_14032163;19;1021;14032163;14032163;2678;2.18252351224919;FALSE
GUIDE-seq_v2;VEGFAs2;19_14080878_14080879;19;1022;14080878;14080879;38;0.0309693403530505;FALSE
GUIDE-seq_v2;VEGFAs2;19_18020503_18020505;19;1028;18020503;18020505;31;0.0252644618669622;FALSE
GUIDE-seq_v2;VEGFAs2;19_18522673_18522673;19;1030;18522673;18522673;1544;1.25833319750289;FALSE
GUIDE-seq_v2;VEGFAs2;19_27850789_27850789;19;1032;27850789;27850789;13;0.0105947743313067;FALSE
GUIDE-seq_v2;VEGFAs2;19_42302648_42302649;19;1042;42302648;42302649;472;0.384671806490522;FALSE
GUIDE-seq_v2;VEGFAs2;19_44821324_44821324;19;1043;44821324;44821324;4;0.003259930563479;FALSE
GUIDE-seq_v2;VEGFAs2;19_44890677_44890678;19;1044;44890677;44890678;1162;0.947009828690649;FALSE
GUIDE-seq_v2;VEGFAs2;19_45448796_45448802;19;1045;45448796;45448802;97;0.0790533161643657;FALSE
GUIDE-seq_v2;VEGFAs2;19_51412265_51412265;19;1050;51412265;51412265;43;0.0350442535573992;FALSE
GUIDE-seq_v2;VEGFAs2;19_54137498_54137499;19;1052;54137498;54137499;39;0.0317843229939202;FALSE
GUIDE-seq_v2;VEGFAs2;19_58154705_58154708;19;1054;58154705;58154708;74;0.0603087154243615;FALSE
GUIDE-seq_v2;VEGFAs2;2_5692245_5692245;2;109;5692245;5692245;6;0.0048898958452185;FALSE
GUIDE-seq_v2;VEGFAs2;2_10224577_10224577;2;112;10224577;10224577;3;0.00244494792260925;FALSE
GUIDE-seq_v2;VEGFAs2;2_11559838_11559839;2;113;11559838;11559839;106;0.0863881599321935;FALSE
GUIDE-seq_v2;VEGFAs2;2_12604649_12604649;2;115;12604649;12604649;229;0.186631024759173;FALSE
GUIDE-seq_v2;VEGFAs2;2_24634721_24634725;2;121;24634721;24634725;125;0.101872830108719;FALSE
GUIDE-seq_v2;VEGFAs2;2_43381399_43381406;2;126;43381399;43381406;55;0.0448240452478362;FALSE
GUIDE-seq_v2;VEGFAs2;2_44941561_44941561;2;129;44941561;44941561;3;0.00244494792260925;FALSE
GUIDE-seq_v2;VEGFAs2;2_65360666_65360666;2;141;65360666;65360666;3;0.00244494792260925;FALSE
GUIDE-seq_v2;VEGFAs2;2_98581008_98581009;2;153;98581008;98581009;11;0.00896480904956725;FALSE
GUIDE-seq_v2;VEGFAs2;2_100821005_100821006;2;155;100821005;100821006;107;0.0872031425730632;FALSE
GUIDE-seq_v2;VEGFAs2;2_117148440_117148440;2;158;117148440;117148440;10;0.00814982640869749;FALSE
GUIDE-seq_v2;VEGFAs2;2_127082162_127082162;2;160;127082162;127082162;21;0.0171146354582647;FALSE
GUIDE-seq_v2;VEGFAs2;2_128486627_128486628;2;161;128486627;128486628;95;0.0774233508826262;FALSE
GUIDE-seq_v2;VEGFAs2;2_169716840_169716840;2;171;169716840;169716840;11;0.00896480904956725;FALSE
GUIDE-seq_v2;VEGFAs2;2_201130168_201130169;2;178;201130168;201130169;66;0.0537888542974035;FALSE
GUIDE-seq_v2;VEGFAs2;2_217778779_217778779;2;182;217778779;217778779;9;0.00733484376782775;FALSE
GUIDE-seq_v2;VEGFAs2;2_220671111_220671112;2;183;220671111;220671112;31;0.0252644618669622;FALSE
GUIDE-seq_v2;VEGFAs2;2_221480064_221480064;2;184;221480064;221480064;3;0.00244494792260925;FALSE
GUIDE-seq_v2;VEGFAs2;2_224897562_224897568;2;188;224897562;224897568;119;0.0969829342635002;FALSE
GUIDE-seq_v2;VEGFAs2;2_241275192_241275192;2;193;241275192;241275192;25572;20.8407360923212;FALSE
GUIDE-seq_v2;VEGFAs2;20_10933312_10933313;20;1058;10933312;10933313;287;0.233900017929618;FALSE
GUIDE-seq_v2;VEGFAs2;20_63944463_63944466;20;1075;63944463;63944466;76;0.061938680706101;FALSE
GUIDE-seq_v2;VEGFAs2;21_45283319_45283319;21;1089;45283319;45283319;43;0.0350442535573992;FALSE
GUIDE-seq_v2;VEGFAs2;21_45283341_45283341;21;1090;45283341;45283341;76;0.061938680706101;FALSE
GUIDE-seq_v2;VEGFAs2;22_20154420_20154420;22;1094;20154420;20154420;5;0.00407491320434875;FALSE
GUIDE-seq_v2;VEGFAs2;22_38351979_38351979;22;1105;38351979;38351979;27;0.0220045313034832;FALSE
GUIDE-seq_v2;VEGFAs2;22_42995084_42995084;22;1109;42995084;42995084;15;0.0122247396130462;FALSE
GUIDE-seq_v2;VEGFAs2;22_43288489_43288490;22;1111;43288489;43288490;171;0.139362031588727;FALSE
GUIDE-seq_v2;VEGFAs2;22_44739014_44739014;22;1115;44739014;44739014;19;0.0154846701765252;FALSE
GUIDE-seq_v2;VEGFAs2;22_47115359_47115360;22;1118;47115359;47115360;81;0.0660135939104497;FALSE
GUIDE-seq_v2;VEGFAs2;22_49038543_49038543;22;1119;49038543;49038543;13;0.0105947743313067;FALSE
GUIDE-seq_v2;VEGFAs2;22_49455294_49455294;22;1121;49455294;49455294;5;0.00407491320434875;FALSE
GUIDE-seq_v2;VEGFAs2;22_50446374_50446374;22;1123;50446374;50446374;6535;5.32591155808381;FALSE
GUIDE-seq_v2;VEGFAs2;3_3171400_3171400;3;195;3171400;3171400;8;0.006519861126958;FALSE
GUIDE-seq_v2;VEGFAs2;3_13001987_13001987;3;200;13001987;13001987;17;0.0138547048947857;FALSE
GUIDE-seq_v2;VEGFAs2;3_13145803_13145803;3;201;13145803;13145803;6;0.0048898958452185;FALSE
GUIDE-seq_v2;VEGFAs2;3_14898885_14898885;3;202;14898885;14898885;11;0.00896480904956725;FALSE
GUIDE-seq_v2;VEGFAs2;3_15702833_15702833;3;203;15702833;15702833;13;0.0105947743313067;FALSE
GUIDE-seq_v2;VEGFAs2;3_23554090_23554091;3;211;23554090;23554091;27;0.0220045313034832;FALSE
GUIDE-seq_v2;VEGFAs2;3_31417166_31417166;3;213;31417166;31417166;19;0.0154846701765252;FALSE
GUIDE-seq_v2;VEGFAs2;3_36900779_36900780;3;215;36900779;36900780;30;0.0244494792260925;FALSE
GUIDE-seq_v2;VEGFAs2;3_38099774_38099774;3;216;38099774;38099774;6;0.0048898958452185;FALSE
GUIDE-seq_v2;VEGFAs2;3_49812723_49812723;3;223;49812723;49812723;22;0.0179296180991345;FALSE
GUIDE-seq_v2;VEGFAs2;3_49812744_49812744;3;224;49812744;49812744;33;0.0268944271487017;FALSE
GUIDE-seq_v2;VEGFAs2;3_93470490_93470490;3;235;93470490;93470490;10;0.00814982640869749;FALSE
GUIDE-seq_v2;VEGFAs2;3_93470645_93470645;3;240;93470645;93470645;7;0.00570487848608825;FALSE
GUIDE-seq_v2;VEGFAs2;3_138433634_138433635;3;252;138433634;138433635;26;0.0211895486626135;FALSE
GUIDE-seq_v2;VEGFAs2;3_140679937_140679937;3;253;140679937;140679937;94;0.0766083682417564;FALSE
GUIDE-seq_v2;VEGFAs2;3_140679959_140679959;3;254;140679959;140679959;373;0.303988525044417;FALSE
GUIDE-seq_v2;VEGFAs2;3_195762349_195762349;3;273;195762349;195762349;23;0.0187446007400042;FALSE
GUIDE-seq_v2;VEGFAs2;4_1494530_1494531;4;276;1494530;1494531;472;0.384671806490522;FALSE
GUIDE-seq_v2;VEGFAs2;4_7327817_7327819;4;281;7327817;7327819;67;0.0546038369382732;FALSE
GUIDE-seq_v2;VEGFAs2;4_8840191_8840191;4;284;8840191;8840191;369;0.300728594480938;FALSE
GUIDE-seq_v2;VEGFAs2;4_38536006_38536007;4;292;38536006;38536007;4501;3.66823686655474;FALSE
GUIDE-seq_v2;VEGFAs2;4_40232433_40232433;4;293;40232433;40232433;172;0.140177014229597;FALSE
GUIDE-seq_v2;VEGFAs2;4_102572333_102572333;4;307;102572333;102572333;17;0.0138547048947857;FALSE
GUIDE-seq_v2;VEGFAs2;4_142846219_142846219;4;315;142846219;142846219;68;0.055418819579143;FALSE
GUIDE-seq_v2;VEGFAs2;4_147815468_147815468;4;316;147815468;147815468;19;0.0154846701765252;FALSE
GUIDE-seq_v2;VEGFAs2;4_148056563_148056568;4;317;148056563;148056568;73;0.0594937327834917;FALSE
GUIDE-seq_v2;VEGFAs2;4_159112001_159112001;4;321;159112001;159112001;3;0.00244494792260925;FALSE
GUIDE-seq_v2;VEGFAs2;5_6715006_6715006;5;333;6715006;6715006;7717;6.28922103959186;FALSE
GUIDE-seq_v2;VEGFAs2;5_36989377_36989377;5;338;36989377;36989377;12;0.00977979169043699;FALSE
GUIDE-seq_v2;VEGFAs2;5_113616223_113616226;5;352;113616223;113616226;183;0.149141823279164;FALSE
GUIDE-seq_v2;VEGFAs2;5_133524684_133524684;5;357;133524684;133524684;43;0.0350442535573992;FALSE
GUIDE-seq_v2;VEGFAs2;5_134177452_134177467;5;358;134177452;134177467;56;0.045639027888706;FALSE
GUIDE-seq_v2;VEGFAs2;5_139648668_139648671;5;362;139648668;139648671;20;0.016299652817395;FALSE
GUIDE-seq_v2;VEGFAs2;5_156894130_156894130;5;367;156894130;156894130;198;0.16136656289221;FALSE
GUIDE-seq_v2;VEGFAs2;5_164829151_164829160;5;369;164829151;164829160;36;0.029339375071311;FALSE
GUIDE-seq_v2;VEGFAs2;5_176361285_176361285;5;372;176361285;176361285;10;0.00814982640869749;FALSE
GUIDE-seq_v2;VEGFAs2;5_179908019_179908019;5;373;179908019;179908019;3;0.00244494792260925;FALSE
GUIDE-seq_v2;VEGFAs2;6_2737975_2737983;6;376;2737975;2737983;23;0.0187446007400042;FALSE
GUIDE-seq_v2;VEGFAs2;6_3641670_3641670;6;378;3641670;3641670;2;0.0016299652817395;FALSE
GUIDE-seq_v2;VEGFAs2;6_26570645_26570646;6;387;26570645;26570646;100;0.0814982640869749;FALSE
GUIDE-seq_v2;VEGFAs2;6_36886048_36886049;6;392;36886048;36886049;186;0.151586771201773;FALSE
GUIDE-seq_v2;VEGFAs2;6_41575712_41575712;6;394;41575712;41575712;14;0.0114097569721765;FALSE
GUIDE-seq_v2;VEGFAs2;6_43770825_43770825;6;401;43770825;43770825;2302;1.87609003928216;TRUE
GUIDE-seq_v2;VEGFAs2;6_44001526_44001526;6;402;44001526;44001526;7;0.00570487848608825;FALSE
GUIDE-seq_v2;VEGFAs2;6_85497041_85497041;6;409;85497041;85497041;4;0.003259930563479;FALSE
GUIDE-seq_v2;VEGFAs2;6_105382136_105382140;6;412;105382136;105382140;36;0.029339375071311;FALSE
GUIDE-seq_v2;VEGFAs2;6_160131533_160131533;6;433;160131533;160131533;82;0.0668285765513194;FALSE
GUIDE-seq_v2;VEGFAs2;7_774960_774961;7;438;774960;774961;23;0.0187446007400042;FALSE
GUIDE-seq_v2;VEGFAs2;7_5437498_5437499;7;442;5437498;5437499;32;0.026079444507832;FALSE
GUIDE-seq_v2;VEGFAs2;7_37015218_37015218;7;451;37015218;37015218;7;0.00570487848608825;FALSE
GUIDE-seq_v2;VEGFAs2;7_42945808_42945809;7;453;42945808;42945809;153;0.124692344053072;FALSE
GUIDE-seq_v2;VEGFAs2;7_44213957_44213957;7;454;44213957;44213957;171;0.139362031588727;FALSE
GUIDE-seq_v2;VEGFAs2;7_45178348_45178349;7;456;45178348;45178349;27;0.0220045313034832;FALSE
GUIDE-seq_v2;VEGFAs2;7_66558186_66558186;7;461;66558186;66558186;6;0.0048898958452185;FALSE
GUIDE-seq_v2;VEGFAs2;7_95690365_95690365;7;467;95690365;95690365;69;0.0562338022200127;FALSE
GUIDE-seq_v2;VEGFAs2;7_100688270_100688271;7;471;100688270;100688271;37;0.0301543577121807;FALSE
GUIDE-seq_v2;VEGFAs2;7_101507517_101507517;7;472;101507517;101507517;9;0.00733484376782775;FALSE
GUIDE-seq_v2;VEGFAs2;7_105293508_105293509;7;476;105293508;105293509;488;0.397711528744438;FALSE
GUIDE-seq_v2;VEGFAs2;7_123534656_123534656;7;480;123534656;123534656;148;0.120617430848723;FALSE
GUIDE-seq_v2;VEGFAs2;7_129649318_129649319;7;482;129649318;129649319;321;0.26160942771919;FALSE
GUIDE-seq_v2;VEGFAs2;7_131106816_131106821;7;483;131106816;131106821;128;0.104317778031328;FALSE
GUIDE-seq_v2;VEGFAs2;7_139618672_139618672;7;487;139618672;139618672;3;0.00244494792260925;FALSE
GUIDE-seq_v2;VEGFAs2;7_143263325_143263326;7;488;143263325;143263326;25;0.0203745660217437;FALSE
GUIDE-seq_v2;VEGFAs2;7_155144359_155144359;7;497;155144359;155144359;9;0.00733484376782775;FALSE
GUIDE-seq_v2;VEGFAs2;8_9906731_9906731;8;500;9906731;9906731;3;0.00244494792260925;FALSE
GUIDE-seq_v2;VEGFAs2;8_18184037_18184037;8;506;18184037;18184037;434;0.353702466137471;FALSE
GUIDE-seq_v2;VEGFAs2;8_127111495_127111495;8;538;127111495;127111495;6;0.0048898958452185;FALSE
GUIDE-seq_v2;VEGFAs2;8_140597490_140597490;8;543;140597490;140597490;9;0.00733484376782775;FALSE
GUIDE-seq_v2;VEGFAs2;8_143740791_143740791;8;547;143740791;143740791;2043;1.6650095352969;FALSE
GUIDE-seq_v2;VEGFAs2;8_143934237_143934237;8;549;143934237;143934237;50;0.0407491320434875;FALSE
GUIDE-seq_v2;VEGFAs2;9_2666738_2666738;9;551;2666738;2666738;21;0.0171146354582647;FALSE
GUIDE-seq_v2;VEGFAs2;9_27338876_27338876;9;555;27338876;27338876;384;0.312953334093984;FALSE
GUIDE-seq_v2;VEGFAs2;9_33202626_33202627;9;556;33202626;33202627;37;0.0301543577121807;FALSE
GUIDE-seq_v2;VEGFAs2;9_37465378_37465378;9;560;37465378;37465378;13;0.0105947743313067;FALSE
GUIDE-seq_v2;VEGFAs2;9_93069215_93069216;9;575;93069215;93069216;20;0.016299652817395;FALSE
GUIDE-seq_v2;VEGFAs2;9_94648649_94648649;9;576;94648649;94648649;9;0.00733484376782775;FALSE
GUIDE-seq_v2;VEGFAs2;9_97970303_97970303;9;579;97970303;97970303;45;0.0366742188391387;FALSE
GUIDE-seq_v2;VEGFAs2;9_100837367_100837367;9;581;100837367;100837367;3275;2.66906814884843;FALSE
GUIDE-seq_v2;VEGFAs2;9_123375902_123375902;9;584;123375902;123375902;874;0.712294828120161;FALSE
GUIDE-seq_v2;VEGFAs2;9_127764614_127764614;9;587;127764614;127764614;20;0.016299652817395;FALSE
GUIDE-seq_v2;VEGFAs2;9_127900821_127900821;9;589;127900821;127900821;10;0.00814982640869749;FALSE
GUIDE-seq_v2;VEGFAs2;9_128944303_128944303;9;591;128944303;128944303;381;0.310508386171375;FALSE
GUIDE-seq_v2;VEGFAs2;9_136485277_136485279;9;600;136485277;136485279;31;0.0252644618669622;FALSE
GUIDE-seq_v2;VEGFAs2;9_136546392_136546392;9;601;136546392;136546392;314;0.255904549233101;FALSE
GUIDE-seq_v2;VEGFAs2;9_137368993_137368993;9;603;137368993;137368993;12;0.00977979169043699;FALSE
GUIDE-seq_v2;VEGFAs2;MT_578_578;MT;1162;578;578;19;0.0154846701765252;FALSE
GUIDE-seq_v2;VEGFAs2;MT_753_753;MT;1163;753;753;4;0.003259930563479;FALSE
GUIDE-seq_v2;VEGFAs2;MT_790_790;MT;1164;790;790;11;0.00896480904956725;FALSE
GUIDE-seq_v2;VEGFAs2;MT_2981_2981;MT;1169;2981;2981;3;0.00244494792260925;FALSE
GUIDE-seq_v2;VEGFAs2;MT_3906_3906;MT;1177;3906;3906;4;0.003259930563479;FALSE
GUIDE-seq_v2;VEGFAs2;MT_5359_5359;MT;1180;5359;5359;10;0.00814982640869749;FALSE
GUIDE-seq_v2;VEGFAs2;MT_5393_5393;MT;1182;5393;5393;12;0.00977979169043699;FALSE
GUIDE-seq_v2;VEGFAs2;MT_6420_6420;MT;1188;6420;6420;6;0.0048898958452185;FALSE
GUIDE-seq_v2;VEGFAs2;MT_8578_8578;MT;1196;8578;8578;11;0.00896480904956725;FALSE
GUIDE-seq_v2;VEGFAs2;MT_9833_9833;MT;1197;9833;9833;7;0.00570487848608825;FALSE
GUIDE-seq_v2;VEGFAs2;MT_9972_9972;MT;1199;9972;9972;16;0.013039722253916;FALSE
GUIDE-seq_v2;VEGFAs2;MT_10379_10379;MT;1200;10379;10379;9;0.00733484376782775;FALSE
GUIDE-seq_v2;VEGFAs2;MT_10753_10753;MT;1202;10753;10753;2;0.0016299652817395;FALSE
GUIDE-seq_v2;VEGFAs2;MT_10996_10996;MT;1205;10996;10996;10;0.00814982640869749;FALSE
GUIDE-seq_v2;VEGFAs2;MT_11066_11066;MT;1206;11066;11066;3;0.00244494792260925;FALSE
GUIDE-seq_v2;VEGFAs2;MT_11452_11452;MT;1207;11452;11452;6;0.0048898958452185;FALSE
GUIDE-seq_v2;VEGFAs2;MT_13046_13046;MT;1210;13046;13046;2;0.0016299652817395;FALSE
GUIDE-seq_v2;VEGFAs2;MT_13533_13533;MT;1213;13533;13533;9;0.00733484376782775;FALSE
GUIDE-seq_v2;VEGFAs2;MT_15038_15038;MT;1216;15038;15038;4;0.003259930563479;FALSE
GUIDE-seq_v2;VEGFAs2;MT_15412_15412;MT;1217;15412;15412;10;0.00814982640869749;FALSE
GUIDE-seq_v2;VEGFAs2;MT_15533_15533;MT;1218;15533;15533;5;0.00407491320434875;FALSE
GUIDE-seq_v2;VEGFAs2;MT_15801_15801;MT;1219;15801;15801;7;0.00570487848608825;FALSE
GUIDE-seq_v2;VEGFAs2;MT_16014_16014;MT;1220;16014;16014;3;0.00244494792260925;FALSE
GUIDE-seq_v2;VEGFAs2;MT_16045_16045;MT;1221;16045;16045;2;0.0016299652817395;FALSE
GUIDE-seq_v2;VEGFAs2;MT_16137_16137;MT;1222;16137;16137;17;0.0138547048947857;FALSE
GUIDE-seq_v2;VEGFAs2;MT_16201_16201;MT;1223;16201;16201;14;0.0114097569721765;FALSE
GUIDE-seq_v2;VEGFAs2;X_68433953_68433954;X;1136;68433953;68433954;52;0.042379097325227;FALSE
GUIDE-seq_v2;VEGFAs2;X_110087670_110087670;X;1143;110087670;110087670;4;0.003259930563479;FALSE
GUIDE-seq_v2;VEGFAs2;X_119731519_119731520;X;1145;119731519;119731520;486;0.396081563462698;FALSE
GUIDE-seq_v2;VEGFAs2;X_129906664_129906664;X;1147;129906664;129906664;1019;0.830467311046275;FALSE
GUIDE-seq_v2;VEGFAs2;X_143590202_143590202;X;1153;143590202;143590202;7;0.00570487848608825;FALSE
GUIDE-seq_v2;VEGFAs2;X_150764055_150764055;X;1156;150764055;150764055;2952;2.4058287558475;FALSE
GUIDE-seq_v2;VEGFAs2;X_153571671_153571671;X;1157;153571671;153571671;180;0.146696875356555;FALSE
GUIDE-seq_v2;VEGFAs3;1_32273162_32273162;1;26;32273162;32273162;258;0.408972021875248;FALSE
GUIDE-seq_v2;VEGFAs3;1_39584497_39584498;1;28;39584497;39584498;10;0.0158516287548546;FALSE
GUIDE-seq_v2;VEGFAs3;1_47839366_47839366;1;35;47839366;47839366;164;0.259966711579615;FALSE
GUIDE-seq_v2;VEGFAs3;1_109191384_109191384;1;51;109191384;109191384;16;0.0253626060077673;FALSE
GUIDE-seq_v2;VEGFAs3;1_206924242_206924242;1;91;206924242;206924242;26;0.0412142347626219;FALSE
GUIDE-seq_v2;VEGFAs3;10_5707694_5707694;10;607;5707694;5707694;70;0.110961401283982;FALSE
GUIDE-seq_v2;VEGFAs3;10_97000831_97000831;10;625;97000831;97000831;302;0.478719188396608;FALSE
GUIDE-seq_v2;VEGFAs3;10_97546894_97546894;10;627;97546894;97546894;11;0.01743679163034;FALSE
GUIDE-seq_v2;VEGFAs3;10_103547715_103547715;10;629;103547715;103547715;53;0.0840136324007292;FALSE
GUIDE-seq_v2;VEGFAs3;10_128430089_128430089;10;638;128430089;128430089;4;0.00634065150194183;FALSE
GUIDE-seq_v2;VEGFAs3;11_7604566_7604566;11;655;7604566;7604566;2;0.00317032575097091;FALSE
GUIDE-seq_v2;VEGFAs3;11_69083670_69083670;11;700;69083670;69083670;490;0.776729808987874;FALSE
GUIDE-seq_v2;VEGFAs3;13_114117524_114117524;13;789;114117524;114117524;5;0.00792581437742728;FALSE
GUIDE-seq_v2;VEGFAs3;14_61612055_61612055;14;798;61612055;61612055;294;0.466037885392724;FALSE
GUIDE-seq_v2;VEGFAs3;14_65102441_65102441;14;799;65102441;65102441;7908;12.535468019339;FALSE
GUIDE-seq_v2;VEGFAs3;14_73886793_73886793;14;809;73886793;73886793;858;1.36006974716652;FALSE
GUIDE-seq_v2;VEGFAs3;14_105562694_105562694;14;821;105562694;105562694;402;0.637235475945153;FALSE
GUIDE-seq_v2;VEGFAs3;16_74864222_74864222;16;891;74864222;74864222;91;0.144249821669177;FALSE
GUIDE-seq_v2;VEGFAs3;17_16482751_16482751;17;914;16482751;16482751;2;0.00317032575097091;FALSE
GUIDE-seq_v2;VEGFAs3;18_6130266_6130266;18;975;6130266;6130266;20;0.0317032575097091;FALSE
GUIDE-seq_v2;VEGFAs3;18_76391218_76391218;18;989;76391218;76391218;29;0.0459697233890782;FALSE
GUIDE-seq_v2;VEGFAs3;19_6109021_6109021;19;1008;6109021;6109021;23;0.0364587461361655;FALSE
GUIDE-seq_v2;VEGFAs3;19_17483424_17483424;19;1027;17483424;17483424;6;0.00951097725291274;FALSE
GUIDE-seq_v2;VEGFAs3;19_40055960_40055960;19;1039;40055960;40055960;1625;2.57588967266387;FALSE
GUIDE-seq_v2;VEGFAs3;19_40090678_40090678;19;1040;40090678;40090678;11;0.01743679163034;FALSE
GUIDE-seq_v2;VEGFAs3;19_47229235_47229235;19;1046;47229235;47229235;20;0.0317032575097091;FALSE
GUIDE-seq_v2;VEGFAs3;2_176598696_176598696;2;173;176598696;176598696;83;0.131568518665293;FALSE
GUIDE-seq_v2;VEGFAs3;2_229641532_229641532;2;189;229641532;229641532;23;0.0364587461361655;FALSE
GUIDE-seq_v2;VEGFAs3;20_20197640_20197640;20;1062;20197640;20197640;783;1.24118253150511;FALSE
GUIDE-seq_v2;VEGFAs3;21_34930697_34930697;21;1085;34930697;34930697;12;0.0190219545058255;FALSE
GUIDE-seq_v2;VEGFAs3;22_24216720_24216720;22;1096;24216720;24216720;141;0.223507965443449;FALSE
GUIDE-seq_v2;VEGFAs3;22_37266783_37266783;22;1102;37266783;37266783;6947;11.0121264959975;FALSE
GUIDE-seq_v2;VEGFAs3;22_49344075_49344075;22;1120;49344075;49344075;6;0.00951097725291274;FALSE
GUIDE-seq_v2;VEGFAs3;3_40328388_40328388;3;217;40328388;40328388;5;0.00792581437742728;FALSE
GUIDE-seq_v2;VEGFAs3;3_194276095_194276095;3;271;194276095;194276095;152;0.240944757073789;FALSE
GUIDE-seq_v2;VEGFAs3;4_57460441_57460441;4;298;57460441;57460441;21;0.0332884203851946;FALSE
GUIDE-seq_v2;VEGFAs3;5_81209895_81209896;5;346;81209895;81209896;49;0.0776729808987874;FALSE
GUIDE-seq_v2;VEGFAs3;5_90145150_90145151;5;348;90145150;90145151;771;1.22216057699929;FALSE
GUIDE-seq_v2;VEGFAs3;5_116098978_116098978;5;353;116098978;116098978;9237;14.6421494808592;FALSE
GUIDE-seq_v2;VEGFAs3;6_43769733_43769733;6;400;43769733;43769733;31672;50.2052785923754;TRUE
GUIDE-seq_v2;VEGFAs3;6_144137154_144137154;6;424;144137154;144137154;18;0.0285329317587382;FALSE
GUIDE-seq_v2;VEGFAs3;6_156757193_156757193;6;431;156757193;156757193;26;0.0412142347626219;FALSE
GUIDE-seq_v2;VEGFAs3;7_150334641_150334641;7;491;150334641;150334641;12;0.0190219545058255;FALSE
GUIDE-seq_v2;VEGFAs3;8_48085245_48085245;8;516;48085245;48085245;117;0.185464056431798;FALSE
GUIDE-seq_v2;VEGFAs3;8_140027830_140027830;8;542;140027830;140027830;13;0.0206071173813109;FALSE
GUIDE-seq_v2;VEGFAs3;8_142809400_142809400;8;544;142809400;142809400;4;0.00634065150194183;FALSE
GUIDE-seq_v2;VEGFAs3;9_18733631_18733637;9;553;18733631;18733637;44;0.0697471665213601;FALSE
GUIDE-seq_v2;VEGFAs3;9_89494304_89494306;9;570;89494304;89494306;80;0.126813030038836;FALSE
GUIDE-seq_v2;VEGFAs3;MT_351_351;MT;1161;351;351;4;0.00634065150194183;FALSE
GUIDE-seq_v2;VEGFAs3;MT_919_919;MT;1165;919;919;4;0.00634065150194183;FALSE
GUIDE-seq_v2;VEGFAs3;MT_960_960;MT;1166;960;960;6;0.00951097725291274;FALSE
GUIDE-seq_v2;VEGFAs3;MT_2874_2874;MT;1168;2874;2874;17;0.0269477688832528;FALSE
GUIDE-seq_v2;VEGFAs3;MT_3117_3117;MT;1170;3117;3117;4;0.00634065150194183;FALSE
GUIDE-seq_v2;VEGFAs3;MT_3176_3176;MT;1172;3176;3176;12;0.0190219545058255;FALSE
GUIDE-seq_v2;VEGFAs3;MT_3205_3205;MT;1173;3205;3205;12;0.0190219545058255;FALSE
GUIDE-seq_v2;VEGFAs3;MT_3274_3274;MT;1174;3274;3274;5;0.00792581437742728;FALSE
GUIDE-seq_v2;VEGFAs3;MT_3648_3648;MT;1175;3648;3648;10;0.0158516287548546;FALSE
GUIDE-seq_v2;VEGFAs3;MT_5379_5379;MT;1181;5379;5379;5;0.00792581437742728;FALSE
GUIDE-seq_v2;VEGFAs3;MT_5483_5483;MT;1185;5483;5483;9;0.0142664658793691;FALSE
GUIDE-seq_v2;VEGFAs3;MT_6374_6374;MT;1187;6374;6374;7;0.0110961401283982;FALSE
GUIDE-seq_v2;VEGFAs3;MT_6440_6442;MT;1189;6440;6442;5;0.00792581437742728;FALSE
GUIDE-seq_v2;VEGFAs3;MT_6467_6467;MT;1190;6467;6467;4;0.00634065150194183;FALSE
GUIDE-seq_v2;VEGFAs3;MT_8178_8178;MT;1193;8178;8178;4;0.00634065150194183;FALSE
GUIDE-seq_v2;VEGFAs3;MT_8191_8191;MT;1194;8191;8191;7;0.0110961401283982;FALSE
GUIDE-seq_v2;VEGFAs3;MT_9946_9946;MT;1198;9946;9946;12;0.0190219545058255;FALSE
GUIDE-seq_v2;VEGFAs3;MT_10800_10800;MT;1203;10800;10800;15;0.0237774431322818;FALSE
GUIDE-seq_v2;VEGFAs3;MT_10967_10967;MT;1204;10967;10967;3;0.00475548862645637;FALSE
GUIDE-seq_v2;VEGFAs3;MT_11789_11789;MT;1208;11789;11789;3;0.00475548862645637;FALSE
GUIDE-seq_v2;VEGFAs3;MT_12511_12511;MT;1209;12511;12511;2;0.00317032575097091;FALSE
GUIDE-seq_v2;VEGFAs3;MT_13204_13204;MT;1211;13204;13204;7;0.0110961401283982;FALSE
GUIDE-seq_v2;VEGFAs3;MT_13505_13505;MT;1212;13505;13505;3;0.00475548862645637;FALSE
GUIDE-seq_v2;VEGFAs3;MT_13936_13936;MT;1214;13936;13936;4;0.00634065150194183;FALSE
GUIDE-seq_v2;VEGFAs3;X_100409996_100409996;X;1142;100409996;100409996;5;0.00792581437742728;FALSE
GENETHOFF;B2M;1_1060243_1060243;1;4;1060243;1060243;6;0.0700607192900514;FALSE
GENETHOFF;B2M;1_5664860_5664860;1;7;5664860;5664860;2;0.0233535730966838;FALSE
GENETHOFF;B2M;1_31777154_31777154;1;23;31777154;31777154;3;0.0350303596450257;FALSE
GENETHOFF;B2M;1_82295247_82295247;1;48;82295247;82295247;3;0.0350303596450257;FALSE
GENETHOFF;B2M;1_154042375_154042375;1;71;154042375;154042375;2;0.0233535730966838;FALSE
GENETHOFF;B2M;1_176664412_176664412;1;80;176664412;176664412;7;0.0817375058383933;FALSE
GENETHOFF;B2M;1_199039515_199039515;1;87;199039515;199039515;4;0.0467071461933676;FALSE
GENETHOFF;B2M;10_23990198_23990198;10;609;23990198;23990198;3;0.0350303596450257;FALSE
GENETHOFF;B2M;10_35886662_35886662;10;612;35886662;35886662;4;0.0467071461933676;FALSE
GENETHOFF;B2M;10_111724220_111724220;10;632;111724220;111724220;2;0.0233535730966838;FALSE
GENETHOFF;B2M;10_129477171_129477171;10;640;129477171;129477171;5;0.0583839327417095;FALSE
GENETHOFF;B2M;10_130570032_130570032;10;641;130570032;130570032;2;0.0233535730966838;FALSE
GENETHOFF;B2M;11_17784462_17784462;11;662;17784462;17784462;2;0.0233535730966838;FALSE
GENETHOFF;B2M;11_24167648_24167648;11;665;24167648;24167648;2;0.0233535730966838;FALSE
GENETHOFF;B2M;11_44644238_44644238;11;673;44644238;44644238;4;0.0467071461933676;FALSE
GENETHOFF;B2M;11_68442332_68442332;11;699;68442332;68442332;6;0.0700607192900514;FALSE
GENETHOFF;B2M;11_107483997_107483997;11;717;107483997;107483997;2;0.0233535730966838;FALSE
GENETHOFF;B2M;12_117933986_117933986;12;763;117933986;117933986;2;0.0233535730966838;FALSE
GENETHOFF;B2M;13_51868791_51868791;13;776;51868791;51868791;4;0.0467071461933676;FALSE
GENETHOFF;B2M;13_70729511_70729511;13;777;70729511;70729511;2;0.0233535730966838;FALSE
GENETHOFF;B2M;14_65821094_65821094;14;801;65821094;65821094;2;0.0233535730966838;FALSE
GENETHOFF;B2M;14_67257549_67257549;14;803;67257549;67257549;4;0.0467071461933676;FALSE
GENETHOFF;B2M;15_44711567_44711568;15;836;44711567;44711568;8336;97.337692666978;TRUE
GENETHOFF;B2M;15_72108266_72108266;15;850;72108266;72108266;2;0.0233535730966838;FALSE
GENETHOFF;B2M;16_19864001_19864001;16;877;19864001;19864001;3;0.0350303596450257;FALSE
GENETHOFF;B2M;16_21640464_21640464;16;878;21640464;21640464;3;0.0350303596450257;FALSE
GENETHOFF;B2M;16_77443342_77443342;16;893;77443342;77443342;2;0.0233535730966838;FALSE
GENETHOFF;B2M;17_7036116_7036116;17;906;7036116;7036116;3;0.0350303596450257;FALSE
GENETHOFF;B2M;17_28844987_28844987;17;921;28844987;28844987;3;0.0350303596450257;FALSE
GENETHOFF;B2M;17_30772320_30772320;17;924;30772320;30772320;2;0.0233535730966838;FALSE
GENETHOFF;B2M;17_35919605_35919605;17;929;35919605;35919605;4;0.0467071461933676;FALSE
GENETHOFF;B2M;17_48662005_48662005;17;943;48662005;48662005;3;0.0350303596450257;FALSE
GENETHOFF;B2M;17_69210014_69210014;17;955;69210014;69210014;2;0.0233535730966838;FALSE
GENETHOFF;B2M;17_73121477_73121477;17;957;73121477;73121477;4;0.0467071461933676;FALSE
GENETHOFF;B2M;18_209679_209679;18;972;209679;209679;2;0.0233535730966838;FALSE
GENETHOFF;B2M;18_45234337_45234337;18;983;45234337;45234337;3;0.0350303596450257;FALSE
GENETHOFF;B2M;19_3247190_3247190;19;1000;3247190;3247190;2;0.0233535730966838;FALSE
GENETHOFF;B2M;19_6747848_6747848;19;1010;6747848;6747848;2;0.0233535730966838;FALSE
GENETHOFF;B2M;19_8690666_8690666;19;1014;8690666;8690666;5;0.0583839327417095;FALSE
GENETHOFF;B2M;19_10934720_10934720;19;1016;10934720;10934720;2;0.0233535730966838;FALSE
GENETHOFF;B2M;19_24017839_24017839;19;1031;24017839;24017839;3;0.0350303596450257;FALSE
GENETHOFF;B2M;19_31390725_31390725;19;1033;31390725;31390725;3;0.0350303596450257;FALSE
GENETHOFF;B2M;2_1899973_1899973;2;107;1899973;1899973;3;0.0350303596450257;FALSE
GENETHOFF;B2M;2_44157741_44157741;2;127;44157741;44157741;3;0.0350303596450257;FALSE
GENETHOFF;B2M;2_55999329_55999329;2;135;55999329;55999329;2;0.0233535730966838;FALSE
GENETHOFF;B2M;2_98390277_98390277;2;152;98390277;98390277;6;0.0700607192900514;FALSE
GENETHOFF;B2M;2_139770036_139770036;2;163;139770036;139770036;2;0.0233535730966838;FALSE
GENETHOFF;B2M;20_54587745_54587745;20;1071;54587745;54587745;4;0.0467071461933676;FALSE
GENETHOFF;B2M;20_62189176_62189176;20;1073;62189176;62189176;3;0.0350303596450257;FALSE
GENETHOFF;B2M;21_29657058_29657058;21;1079;29657058;29657058;2;0.0233535730966838;FALSE
GENETHOFF;B2M;22_37703644_37703644;22;1103;37703644;37703644;2;0.0233535730966838;FALSE
GENETHOFF;B2M;3_118833112_118833112;3;246;118833112;118833112;3;0.0350303596450257;FALSE
GENETHOFF;B2M;3_156846798_156846798;3;261;156846798;156846798;4;0.0467071461933676;FALSE
GENETHOFF;B2M;4_16185345_16185345;4;287;16185345;16185345;2;0.0233535730966838;FALSE
GENETHOFF;B2M;4_90627055_90627055;4;305;90627055;90627055;7;0.0817375058383933;FALSE
GENETHOFF;B2M;4_152755866_152755866;4;318;152755866;152755866;2;0.0233535730966838;FALSE
GENETHOFF;B2M;4_157278317_157278317;4;320;157278317;157278317;4;0.0467071461933676;FALSE
GENETHOFF;B2M;4_170051619_170051619;4;324;170051619;170051619;5;0.0583839327417095;FALSE
GENETHOFF;B2M;4_182765213_182765213;4;327;182765213;182765213;3;0.0350303596450257;FALSE
GENETHOFF;B2M;5_36538000_36538000;5;337;36538000;36538000;2;0.0233535730966838;FALSE
GENETHOFF;B2M;5_61791474_61791474;5;344;61791474;61791474;2;0.0233535730966838;FALSE
GENETHOFF;B2M;5_98989435_98989435;5;350;98989435;98989435;2;0.0233535730966838;FALSE
GENETHOFF;B2M;6_13469521_13469521;6;382;13469521;13469521;2;0.0233535730966838;FALSE
GENETHOFF;B2M;6_27502735_27502735;6;388;27502735;27502735;2;0.0233535730966838;FALSE
GENETHOFF;B2M;6_69906728_69906728;6;405;69906728;69906728;2;0.0233535730966838;FALSE
GENETHOFF;B2M;6_108958781_108958781;6;413;108958781;108958781;2;0.0233535730966838;FALSE
GENETHOFF;B2M;8_10627846_10627846;8;501;10627846;10627846;3;0.0350303596450257;FALSE
GENETHOFF;B2M;8_25312627_25312627;8;509;25312627;25312627;5;0.0583839327417095;FALSE
GENETHOFF;B2M;8_31767711_31767711;8;510;31767711;31767711;3;0.0350303596450257;FALSE
GENETHOFF;B2M;8_63070887_63070887;8;518;63070887;63070887;2;0.0233535730966838;FALSE
GENETHOFF;B2M;9_18125240_18125240;9;552;18125240;18125240;2;0.0233535730966838;FALSE
GENETHOFF;B2M;9_116705853_116705853;9;582;116705853;116705853;5;0.0583839327417095;FALSE
GENETHOFF;B2M;9_133210160_133210160;9;596;133210160;133210160;2;0.0233535730966838;FALSE
GENETHOFF;B2M;X_94389299_94389299;X;1140;94389299;94389299;4;0.0467071461933676;FALSE
GENETHOFF;B2M;X_134377233_134377233;X;1150;134377233;134377233;3;0.0350303596450257;FALSE
GENETHOFF;B2M;X_134642534_134642534;X;1151;134642534;134642534;2;0.0233535730966838;FALSE
GENETHOFF;TRAC;1_17069516_17069516;1;14;17069516;17069516;3;0.0578703703703704;FALSE
GENETHOFF;TRAC;1_24001003_24001003;1;17;24001003;24001003;2;0.0385802469135802;FALSE
GENETHOFF;TRAC;1_52551645_52551645;1;41;52551645;52551645;2;0.0385802469135802;FALSE
GENETHOFF;TRAC;1_110865102_110865102;1;53;110865102;110865102;3;0.0578703703703704;FALSE
GENETHOFF;TRAC;1_119153197_119153197;1;60;119153197;119153197;2;0.0385802469135802;FALSE
GENETHOFF;TRAC;1_152316820_152316820;1;70;152316820;152316820;2;0.0385802469135802;FALSE
GENETHOFF;TRAC;1_170259018_170259018;1;79;170259018;170259018;2;0.0385802469135802;FALSE
GENETHOFF;TRAC;1_179967097_179967097;1;83;179967097;179967097;2;0.0385802469135802;FALSE
GENETHOFF;TRAC;1_182935397_182935397;1;84;182935397;182935397;2;0.0385802469135802;FALSE
GENETHOFF;TRAC;1_200459624_200459624;1;88;200459624;200459624;2;0.0385802469135802;FALSE
GENETHOFF;TRAC;1_227469135_227469135;1;99;227469135;227469135;2;0.0385802469135802;FALSE
GENETHOFF;TRAC;10_45237561_45237561;10;616;45237561;45237561;2;0.0385802469135802;FALSE
GENETHOFF;TRAC;10_68460551_68460551;10;617;68460551;68460551;5;0.0964506172839506;FALSE
GENETHOFF;TRAC;10_74335209_74335209;10;620;74335209;74335209;4;0.0771604938271605;FALSE
GENETHOFF;TRAC;10_78872710_78872710;10;622;78872710;78872710;3;0.0578703703703704;FALSE
GENETHOFF;TRAC;10_88183279_88183279;10;624;88183279;88183279;3;0.0578703703703704;FALSE
GENETHOFF;TRAC;10_109930057_109930057;10;630;109930057;109930057;2;0.0385802469135802;FALSE
GENETHOFF;TRAC;10_132761150_132761150;10;644;132761150;132761150;2;0.0385802469135802;FALSE
GENETHOFF;TRAC;11_20403318_20403318;11;663;20403318;20403318;4;0.0771604938271605;FALSE
GENETHOFF;TRAC;11_43997256_43997256;11;672;43997256;43997256;2;0.0385802469135802;FALSE
GENETHOFF;TRAC;11_45137885_45137885;11;674;45137885;45137885;7;0.135030864197531;FALSE
GENETHOFF;TRAC;11_58316547_58316547;11;680;58316547;58316547;3;0.0578703703703704;FALSE
GENETHOFF;TRAC;11_61481584_61481584;11;682;61481584;61481584;3;0.0578703703703704;FALSE
GENETHOFF;TRAC;11_113660832_113660832;11;719;113660832;113660832;3;0.0578703703703704;FALSE
GENETHOFF;TRAC;11_124280291_124280291;11;722;124280291;124280291;4;0.0771604938271605;FALSE
GENETHOFF;TRAC;11_129231288_129231288;11;724;129231288;129231288;2;0.0385802469135802;FALSE
GENETHOFF;TRAC;12_12727216_12727216;12;731;12727216;12727216;5;0.0964506172839506;FALSE
GENETHOFF;TRAC;12_13496760_13496760;12;732;13496760;13496760;2;0.0385802469135802;FALSE
GENETHOFF;TRAC;12_15250704_15250704;12;733;15250704;15250704;2;0.0385802469135802;FALSE
GENETHOFF;TRAC;12_15962841_15962841;12;735;15962841;15962841;3;0.0578703703703704;FALSE
GENETHOFF;TRAC;12_45193375_45193375;12;738;45193375;45193375;2;0.0385802469135802;FALSE
GENETHOFF;TRAC;12_67041356_67041356;12;750;67041356;67041356;3;0.0578703703703704;FALSE
GENETHOFF;TRAC;12_95793611_95793611;12;755;95793611;95793611;4;0.0771604938271605;FALSE
GENETHOFF;TRAC;12_96571511_96571511;12;756;96571511;96571511;4;0.0771604938271605;FALSE
GENETHOFF;TRAC;12_122672446_122672446;12;764;122672446;122672446;5;0.0964506172839506;FALSE
GENETHOFF;TRAC;13_37421115_37421115;13;775;37421115;37421115;3;0.0578703703703704;FALSE
GENETHOFF;TRAC;13_70853426_70853426;13;778;70853426;70853426;2;0.0385802469135802;FALSE
GENETHOFF;TRAC;13_81613153_81613153;13;780;81613153;81613153;2;0.0385802469135802;FALSE
GENETHOFF;TRAC;13_105226554_105226554;13;785;105226554;105226554;2;0.0385802469135802;FALSE
GENETHOFF;TRAC;13_113307046_113307046;13;788;113307046;113307046;3;0.0578703703703704;FALSE
GENETHOFF;TRAC;14_22547663_22547664;14;792;22547663;22547664;4731;91.2615740740741;TRUE
GENETHOFF;TRAC;14_32943293_32943293;14;794;32943293;32943293;2;0.0385802469135802;FALSE
GENETHOFF;TRAC;14_71267223_71267223;14;806;71267223;71267223;2;0.0385802469135802;FALSE
GENETHOFF;TRAC;14_73330642_73330642;14;808;73330642;73330642;2;0.0385802469135802;FALSE
GENETHOFF;TRAC;14_92838401_92838401;14;817;92838401;92838401;4;0.0771604938271605;FALSE
GENETHOFF;TRAC;15_35686744_35686744;15;826;35686744;35686744;2;0.0385802469135802;FALSE
GENETHOFF;TRAC;15_41666834_41666834;15;828;41666834;41666834;4;0.0771604938271605;FALSE
GENETHOFF;TRAC;15_91226866_91226866;15;861;91226866;91226866;3;0.0578703703703704;FALSE
GENETHOFF;TRAC;16_10852808_10852808;16;873;10852808;10852808;2;0.0385802469135802;FALSE
GENETHOFF;TRAC;17_9925811_9925811;17;911;9925811;9925811;3;0.0578703703703704;FALSE
GENETHOFF;TRAC;17_14839804_14839804;17;912;14839804;14839804;4;0.0771604938271605;FALSE
GENETHOFF;TRAC;17_33995588_33995588;17;927;33995588;33995588;4;0.0771604938271605;FALSE
GENETHOFF;TRAC;17_60521084_60521084;17;949;60521084;60521084;4;0.0771604938271605;FALSE
GENETHOFF;TRAC;17_73128499_73128499;17;958;73128499;73128499;3;0.0578703703703704;FALSE
GENETHOFF;TRAC;18_9348232_9348232;18;976;9348232;9348232;3;0.0578703703703704;FALSE
GENETHOFF;TRAC;18_22921546_22921546;18;979;22921546;22921546;2;0.0385802469135802;FALSE
GENETHOFF;TRAC;18_58542592_58542592;18;985;58542592;58542592;2;0.0385802469135802;FALSE
GENETHOFF;TRAC;18_61332243_61332243;18;986;61332243;61332243;2;0.0385802469135802;FALSE
GENETHOFF;TRAC;19_18375108_18375108;19;1029;18375108;18375108;4;0.0771604938271605;FALSE
GENETHOFF;TRAC;2_12436389_12436389;2;114;12436389;12436389;2;0.0385802469135802;FALSE
GENETHOFF;TRAC;2_44260864_44260864;2;128;44260864;44260864;2;0.0385802469135802;FALSE
GENETHOFF;TRAC;2_63225717_63225717;2;139;63225717;63225717;2;0.0385802469135802;FALSE
GENETHOFF;TRAC;2_77440864_77440864;2;143;77440864;77440864;2;0.0385802469135802;FALSE
GENETHOFF;TRAC;2_114928339_114928339;2;157;114928339;114928339;2;0.0385802469135802;FALSE
GENETHOFF;TRAC;2_156605454_156605454;2;168;156605454;156605454;4;0.0771604938271605;FALSE
GENETHOFF;TRAC;2_187407616_187407616;2;175;187407616;187407616;2;0.0385802469135802;FALSE
GENETHOFF;TRAC;2_221743903_221743903;2;185;221743903;221743903;3;0.0578703703703704;FALSE
GENETHOFF;TRAC;20_1517816_1517816;20;1055;1517816;1517816;2;0.0385802469135802;FALSE
GENETHOFF;TRAC;20_2214086_2214086;20;1056;2214086;2214086;3;0.0578703703703704;FALSE
GENETHOFF;TRAC;20_12914169_12914169;20;1060;12914169;12914169;4;0.0771604938271605;FALSE
GENETHOFF;TRAC;20_13254336_13254336;20;1061;13254336;13254336;4;0.0771604938271605;FALSE
GENETHOFF;TRAC;20_20669370_20669370;20;1063;20669370;20669370;2;0.0385802469135802;FALSE
GENETHOFF;TRAC;20_35846208_35846208;20;1068;35846208;35846208;3;0.0578703703703704;FALSE
GENETHOFF;TRAC;20_48231401_48231401;20;1069;48231401;48231401;4;0.0771604938271605;FALSE
GENETHOFF;TRAC;21_10165410_10165410;21;1076;10165410;10165410;2;0.0385802469135802;FALSE
GENETHOFF;TRAC;21_14601228_14601228;21;1077;14601228;14601228;4;0.0771604938271605;FALSE
GENETHOFF;TRAC;21_25027818_25027818;21;1078;25027818;25027818;3;0.0578703703703704;FALSE
GENETHOFF;TRAC;21_32059157_32059157;21;1083;32059157;32059157;3;0.0578703703703704;FALSE
GENETHOFF;TRAC;22_12160943_12160943;22;1092;12160943;12160943;2;0.0385802469135802;FALSE
GENETHOFF;TRAC;22_26373387_26373387;22;1099;26373387;26373387;4;0.0771604938271605;FALSE
GENETHOFF;TRAC;22_34133734_34133734;22;1101;34133734;34133734;4;0.0771604938271605;FALSE
GENETHOFF;TRAC;3_2469993_2469993;3;194;2469993;2469993;4;0.0771604938271605;FALSE
GENETHOFF;TRAC;3_3628883_3628883;3;196;3628883;3628883;2;0.0385802469135802;FALSE
GENETHOFF;TRAC;3_17359640_17359640;3;204;17359640;17359640;4;0.0771604938271605;FALSE
GENETHOFF;TRAC;3_18229248_18229248;3;207;18229248;18229248;2;0.0385802469135802;FALSE
GENETHOFF;TRAC;3_21571750_21571750;3;208;21571750;21571750;5;0.0964506172839506;FALSE
GENETHOFF;TRAC;3_30368557_30368557;3;212;30368557;30368557;2;0.0385802469135802;FALSE
GENETHOFF;TRAC;3_45728492_45728492;3;219;45728492;45728492;2;0.0385802469135802;FALSE
GENETHOFF;TRAC;3_79143223_79143223;3;228;79143223;79143223;3;0.0578703703703704;FALSE
GENETHOFF;TRAC;3_80931916_80931916;3;230;80931916;80931916;2;0.0385802469135802;FALSE
GENETHOFF;TRAC;3_119431272_119431272;3;247;119431272;119431272;2;0.0385802469135802;FALSE
GENETHOFF;TRAC;3_152271652_152271652;3;259;152271652;152271652;3;0.0578703703703704;FALSE
GENETHOFF;TRAC;3_152374840_152374840;3;260;152374840;152374840;3;0.0578703703703704;FALSE
GENETHOFF;TRAC;3_175393790_175393790;3;264;175393790;175393790;2;0.0385802469135802;FALSE
GENETHOFF;TRAC;3_178541762_178541762;3;265;178541762;178541762;3;0.0578703703703704;FALSE
GENETHOFF;TRAC;3_183745374_183745374;3;268;183745374;183745374;2;0.0385802469135802;FALSE
GENETHOFF;TRAC;3_184469154_184469154;3;269;184469154;184469154;2;0.0385802469135802;FALSE
GENETHOFF;TRAC;4_10586074_10586074;4;286;10586074;10586074;3;0.0578703703703704;FALSE
GENETHOFF;TRAC;4_20932412_20932412;4;288;20932412;20932412;4;0.0771604938271605;FALSE
GENETHOFF;TRAC;4_23265461_23265461;4;289;23265461;23265461;2;0.0385802469135802;FALSE
GENETHOFF;TRAC;4_23958398_23958398;4;290;23958398;23958398;4;0.0771604938271605;FALSE
GENETHOFF;TRAC;4_37346373_37346373;4;291;37346373;37346373;2;0.0385802469135802;FALSE
GENETHOFF;TRAC;4_49269242_49269242;4;295;49269242;49269242;2;0.0385802469135802;FALSE
GENETHOFF;TRAC;4_61308761_61308761;4;299;61308761;61308761;2;0.0385802469135802;FALSE
GENETHOFF;TRAC;4_73707715_73707715;4;301;73707715;73707715;2;0.0385802469135802;FALSE
GENETHOFF;TRAC;4_81900044_81900044;4;304;81900044;81900044;2;0.0385802469135802;FALSE
GENETHOFF;TRAC;4_106370642_106370642;4;308;106370642;106370642;3;0.0578703703703704;FALSE
GENETHOFF;TRAC;4_142655593_142655593;4;314;142655593;142655593;2;0.0385802469135802;FALSE
GENETHOFF;TRAC;4_159369704_159369704;4;322;159369704;159369704;3;0.0578703703703704;FALSE
GENETHOFF;TRAC;4_182622917_182622917;4;326;182622917;182622917;6;0.115740740740741;FALSE
GENETHOFF;TRAC;4_183199389_183199389;4;329;183199389;183199389;3;0.0578703703703704;FALSE
GENETHOFF;TRAC;5_29261147_29261147;5;334;29261147;29261147;7;0.135030864197531;FALSE
GENETHOFF;TRAC;5_33174372_33174372;5;336;33174372;33174372;2;0.0385802469135802;FALSE
GENETHOFF;TRAC;5_56900838_56900838;5;342;56900838;56900838;3;0.0578703703703704;FALSE
GENETHOFF;TRAC;5_70131888_70131888;5;345;70131888;70131888;3;0.0578703703703704;FALSE
GENETHOFF;TRAC;5_90301499_90301499;5;349;90301499;90301499;2;0.0385802469135802;FALSE
GENETHOFF;TRAC;5_99103184_99103184;5;351;99103184;99103184;3;0.0578703703703704;FALSE
GENETHOFF;TRAC;5_135751305_135751305;5;361;135751305;135751305;2;0.0385802469135802;FALSE
GENETHOFF;TRAC;5_155389392_155389392;5;366;155389392;155389392;3;0.0578703703703704;FALSE
GENETHOFF;TRAC;6_550354_550354;6;374;550354;550354;3;0.0578703703703704;FALSE
GENETHOFF;TRAC;6_2442740_2442740;6;375;2442740;2442740;2;0.0385802469135802;FALSE
GENETHOFF;TRAC;6_26220435_26220435;6;385;26220435;26220435;2;0.0385802469135802;FALSE
GENETHOFF;TRAC;6_29733858_29733858;6;389;29733858;29733858;2;0.0385802469135802;FALSE
GENETHOFF;TRAC;6_56648629_56648629;6;404;56648629;56648629;3;0.0578703703703704;FALSE
GENETHOFF;TRAC;6_73229189_73229189;6;406;73229189;73229189;2;0.0385802469135802;FALSE
GENETHOFF;TRAC;6_79597462_79597462;6;407;79597462;79597462;2;0.0385802469135802;FALSE
GENETHOFF;TRAC;6_102746111_102746111;6;411;102746111;102746111;7;0.135030864197531;FALSE
GENETHOFF;TRAC;6_113109704_113109704;6;416;113109704;113109704;2;0.0385802469135802;FALSE
GENETHOFF;TRAC;6_126705294_126705294;6;419;126705294;126705294;2;0.0385802469135802;FALSE
GENETHOFF;TRAC;6_129138172_129138172;6;420;129138172;129138172;2;0.0385802469135802;FALSE
GENETHOFF;TRAC;6_131870329_131870329;6;421;131870329;131870329;3;0.0578703703703704;FALSE
GENETHOFF;TRAC;6_148418383_148418383;6;427;148418383;148418383;2;0.0385802469135802;FALSE
GENETHOFF;TRAC;6_154029787_154029787;6;429;154029787;154029787;2;0.0385802469135802;FALSE
GENETHOFF;TRAC;7_2296759_2296759;7;440;2296759;2296759;3;0.0578703703703704;FALSE
GENETHOFF;TRAC;7_13752351_13752351;7;446;13752351;13752351;2;0.0385802469135802;FALSE
GENETHOFF;TRAC;7_25261010_25261010;7;448;25261010;25261010;5;0.0964506172839506;FALSE
GENETHOFF;TRAC;7_45127441_45127441;7;455;45127441;45127441;2;0.0385802469135802;FALSE
GENETHOFF;TRAC;7_104263868_104263868;7;475;104263868;104263868;3;0.0578703703703704;FALSE
GENETHOFF;TRAC;7_123173084_123173084;7;479;123173084;123173084;4;0.0771604938271605;FALSE
GENETHOFF;TRAC;7_128959254_128959254;7;481;128959254;128959254;2;0.0385802469135802;FALSE
GENETHOFF;TRAC;7_134726108_134726108;7;485;134726108;134726108;3;0.0578703703703704;FALSE
GENETHOFF;TRAC;7_147063728_147063728;7;489;147063728;147063728;2;0.0385802469135802;FALSE
GENETHOFF;TRAC;7_149121718_149121718;7;490;149121718;149121718;4;0.0771604938271605;FALSE
GENETHOFF;TRAC;7_153147141_153147141;7;495;153147141;153147141;5;0.0964506172839506;FALSE
GENETHOFF;TRAC;8_37707945_37707945;8;511;37707945;37707945;2;0.0385802469135802;FALSE
GENETHOFF;TRAC;8_42024263_42024263;8;513;42024263;42024263;2;0.0385802469135802;FALSE
GENETHOFF;TRAC;8_45011000_45011000;8;514;45011000;45011000;2;0.0385802469135802;FALSE
GENETHOFF;TRAC;8_45453288_45453288;8;515;45453288;45453288;2;0.0385802469135802;FALSE
GENETHOFF;TRAC;8_62221536_62221536;8;517;62221536;62221536;2;0.0385802469135802;FALSE
GENETHOFF;TRAC;8_71252074_71252074;8;519;71252074;71252074;4;0.0771604938271605;FALSE
GENETHOFF;TRAC;8_73311205_73311205;8;520;73311205;73311205;3;0.0578703703703704;FALSE
GENETHOFF;TRAC;8_92531916_92531916;8;526;92531916;92531916;4;0.0771604938271605;FALSE
GENETHOFF;TRAC;8_95577513_95577513;8;527;95577513;95577513;3;0.0578703703703704;FALSE
GENETHOFF;TRAC;8_108014363_108014363;8;531;108014363;108014363;3;0.0578703703703704;FALSE
GENETHOFF;TRAC;8_122238415_122238415;8;535;122238415;122238415;2;0.0385802469135802;FALSE
GENETHOFF;TRAC;8_124187739_124187739;8;536;124187739;124187739;2;0.0385802469135802;FALSE
GENETHOFF;TRAC;9_133079602_133079602;9;595;133079602;133079602;3;0.0578703703703704;FALSE
GENETHOFF;TRAC;X_7690651_7690651;X;1125;7690651;7690651;2;0.0385802469135802;FALSE
GENETHOFF;TRAC;X_12631730_12631730;X;1127;12631730;12631730;2;0.0385802469135802;FALSE
GENETHOFF;TRAC;X_46810518_46810518;X;1132;46810518;46810518;4;0.0771604938271605;FALSE
GENETHOFF;TRAC;X_149851364_149851364;X;1155;149851364;149851364;2;0.0385802469135802;FALSE
GENETHOFF;VEGFAs2;1_920954_920955;1;2;920954;920955;60;0.206440957886045;FALSE
GENETHOFF;VEGFAs2;1_939956_939956;1;3;939956;939956;133;0.457610789980732;FALSE
GENETHOFF;VEGFAs2;1_1358891_1358892;1;5;1358891;1358892;5;0.0172034131571704;FALSE
GENETHOFF;VEGFAs2;1_5417091_5417091;1;6;5417091;5417091;35;0.120423892100193;FALSE
GENETHOFF;VEGFAs2;1_11654488_11654488;1;11;11654488;11654488;3;0.0103220478943022;FALSE
GENETHOFF;VEGFAs2;1_17053386_17053394;1;12;17053386;17053394;30;0.103220478943022;FALSE
GENETHOFF;VEGFAs2;1_17053407_17053407;1;13;17053407;17053407;11;0.0378475089457748;FALSE
GENETHOFF;VEGFAs2;1_23435757_23435757;1;16;23435757;23435757;2;0.00688136526286815;FALSE
GENETHOFF;VEGFAs2;1_24848370_24848370;1;18;24848370;24848370;4;0.0137627305257363;FALSE
GENETHOFF;VEGFAs2;1_30931468_30931468;1;22;30931468;30931468;2;0.00688136526286815;FALSE
GENETHOFF;VEGFAs2;1_39766868_39766869;1;29;39766868;39766869;4;0.0137627305257363;FALSE
GENETHOFF;VEGFAs2;1_43550364_43550364;1;32;43550364;43550364;2;0.00688136526286815;FALSE
GENETHOFF;VEGFAs2;1_47726228_47726228;1;34;47726228;47726228;3;0.0103220478943022;FALSE
GENETHOFF;VEGFAs2;1_50976518_50976518;1;37;50976518;50976518;161;0.553949903660886;FALSE
GENETHOFF;VEGFAs2;1_77779749_77779750;1;47;77779749;77779750;92;0.316542802091935;FALSE
GENETHOFF;VEGFAs2;1_88891954_88891954;1;49;88891954;88891954;4;0.0137627305257363;FALSE
GENETHOFF;VEGFAs2;1_110340771_110340773;1;52;110340771;110340773;7;0.0240847784200385;FALSE
GENETHOFF;VEGFAs2;1_111960625_111960625;1;55;111960625;111960625;3;0.0103220478943022;FALSE
GENETHOFF;VEGFAs2;1_117760727_117760727;1;59;117760727;117760727;2;0.00688136526286815;FALSE
GENETHOFF;VEGFAs2;1_119253108_119253108;1;61;119253108;119253108;2;0.00688136526286815;FALSE
GENETHOFF;VEGFAs2;1_120913531_120913531;1;62;120913531;120913531;3;0.0103220478943022;FALSE
GENETHOFF;VEGFAs2;1_121395991_121395991;1;63;121395991;121395991;4;0.0137627305257363;FALSE
GENETHOFF;VEGFAs2;1_145215556_145215556;1;65;145215556;145215556;3;0.0103220478943022;FALSE
GENETHOFF;VEGFAs2;1_147576307_147576307;1;66;147576307;147576307;6;0.0206440957886045;FALSE
GENETHOFF;VEGFAs2;1_151058203_151058203;1;67;151058203;151058203;4;0.0137627305257363;FALSE
GENETHOFF;VEGFAs2;1_151059408_151059408;1;69;151059408;151059408;832;2.86264794935315;FALSE
GENETHOFF;VEGFAs2;1_154580178_154580179;1;73;154580178;154580179;9;0.0309661436829067;FALSE
GENETHOFF;VEGFAs2;1_155561963_155561963;1;74;155561963;155561963;2;0.00688136526286815;FALSE
GENETHOFF;VEGFAs2;1_168848553_168848553;1;78;168848553;168848553;2;0.00688136526286815;FALSE
GENETHOFF;VEGFAs2;1_178769584_178769590;1;81;178769584;178769590;14;0.0481695568400771;FALSE
GENETHOFF;VEGFAs2;1_179095057_179095057;1;82;179095057;179095057;3;0.0103220478943022;FALSE
GENETHOFF;VEGFAs2;1_188269944_188269944;1;86;188269944;188269944;2;0.00688136526286815;FALSE
GENETHOFF;VEGFAs2;1_225883783_225883783;1;97;225883783;225883783;2;0.00688136526286815;FALSE
GENETHOFF;VEGFAs2;1_244661573_244661573;1;103;244661573;244661573;2;0.00688136526286815;FALSE
GENETHOFF;VEGFAs2;1_245797523_245797523;1;104;245797523;245797523;2;0.00688136526286815;FALSE
GENETHOFF;VEGFAs2;10_794626_794626;10;605;794626;794626;10;0.0344068263143408;FALSE
GENETHOFF;VEGFAs2;10_42782595_42782595;10;614;42782595;42782595;4;0.0137627305257363;FALSE
GENETHOFF;VEGFAs2;10_44064636_44064637;10;615;44064636;44064637;4;0.0137627305257363;FALSE
GENETHOFF;VEGFAs2;10_70778460_70778461;10;618;70778460;70778461;288;0.990916597853014;FALSE
GENETHOFF;VEGFAs2;10_77722014_77722014;10;621;77722014;77722014;2;0.00688136526286815;FALSE
GENETHOFF;VEGFAs2;10_97291619_97291619;10;626;97291619;97291619;2;0.00688136526286815;FALSE
GENETHOFF;VEGFAs2;10_101061762_101061770;10;628;101061762;101061770;4;0.0137627305257363;FALSE
GENETHOFF;VEGFAs2;10_114534495_114534495;10;633;114534495;114534495;147;0.505780346820809;FALSE
GENETHOFF;VEGFAs2;10_123137091_123137091;10;635;123137091;123137091;2;0.00688136526286815;FALSE
GENETHOFF;VEGFAs2;10_132708089_132708089;10;642;132708089;132708089;2;0.00688136526286815;FALSE
GENETHOFF;VEGFAs2;10_133336443_133336443;10;645;133336443;133336443;363;1.24896779521057;FALSE
GENETHOFF;VEGFAs2;11_374665_374665;11;646;374665;374665;983;3.3821910266997;FALSE
GENETHOFF;VEGFAs2;11_863203_863203;11;649;863203;863203;2;0.00688136526286815;FALSE
GENETHOFF;VEGFAs2;11_1548491_1548491;11;651;1548491;1548491;8;0.0275254610514726;FALSE
GENETHOFF;VEGFAs2;11_2395348_2395349;11;652;2395348;2395349;12;0.0412881915772089;FALSE
GENETHOFF;VEGFAs2;11_2665017_2665017;11;653;2665017;2665017;121;0.416322598403523;FALSE
GENETHOFF;VEGFAs2;11_12287386_12287387;11;657;12287386;12287387;15;0.0516102394715111;FALSE
GENETHOFF;VEGFAs2;11_13926822_13926823;11;659;13926822;13926823;63;0.216763005780347;FALSE
GENETHOFF;VEGFAs2;11_17476039_17476039;11;660;17476039;17476039;2;0.00688136526286815;FALSE
GENETHOFF;VEGFAs2;11_23540357_23540357;11;664;23540357;23540357;3;0.0103220478943022;FALSE
GENETHOFF;VEGFAs2;11_31795933_31795933;11;667;31795933;31795933;809;2.78351224883017;FALSE
GENETHOFF;VEGFAs2;11_32042836_32042836;11;668;32042836;32042836;3;0.0103220478943022;FALSE
GENETHOFF;VEGFAs2;11_32162937_32162938;11;670;32162937;32162938;18;0.0619322873658134;FALSE
GENETHOFF;VEGFAs2;11_45774504_45774504;11;675;45774504;45774504;4;0.0137627305257363;FALSE
GENETHOFF;VEGFAs2;11_46120302_46120302;11;676;46120302;46120302;3;0.0103220478943022;FALSE
GENETHOFF;VEGFAs2;11_61553965_61553966;11;683;61553965;61553966;6;0.0206440957886045;FALSE
GENETHOFF;VEGFAs2;11_62715171_62715171;11;684;62715171;62715171;2;0.00688136526286815;FALSE
GENETHOFF;VEGFAs2;11_63623616_63623617;11;687;63623616;63623617;55;0.189237544728874;FALSE
GENETHOFF;VEGFAs2;11_63951707_63951707;11;688;63951707;63951707;10;0.0344068263143408;FALSE
GENETHOFF;VEGFAs2;11_64029060_64029060;11;690;64029060;64029060;2;0.00688136526286815;FALSE
GENETHOFF;VEGFAs2;11_64836708_64836708;11;692;64836708;64836708;4;0.0137627305257363;FALSE
GENETHOFF;VEGFAs2;11_65633690_65633690;11;693;65633690;65633690;2;0.00688136526286815;FALSE
GENETHOFF;VEGFAs2;11_65639566_65639567;11;694;65639566;65639567;14;0.0481695568400771;FALSE
GENETHOFF;VEGFAs2;11_65712296_65712297;11;695;65712296;65712297;31;0.106661161574456;FALSE
GENETHOFF;VEGFAs2;11_67584051_67584051;11;697;67584051;67584051;4;0.0137627305257363;FALSE
GENETHOFF;VEGFAs2;11_68104319_68104320;11;698;68104319;68104320;27;0.0928984310487201;FALSE
GENETHOFF;VEGFAs2;11_72237759_72237759;11;705;72237759;72237759;845;2.90737682356179;FALSE
GENETHOFF;VEGFAs2;11_72696713_72696713;11;706;72696713;72696713;2;0.00688136526286815;FALSE
GENETHOFF;VEGFAs2;11_72750152_72750158;11;707;72750152;72750158;7;0.0240847784200385;FALSE
GENETHOFF;VEGFAs2;11_73747451_73747451;11;708;73747451;73747451;19;0.0653729699972475;FALSE
GENETHOFF;VEGFAs2;11_76784743_76784743;11;711;76784743;76784743;14;0.0481695568400771;FALSE
GENETHOFF;VEGFAs2;11_83722555_83722556;11;713;83722555;83722556;76;0.26149187998899;FALSE
GENETHOFF;VEGFAs2;11_133907561_133907562;11;726;133907561;133907562;27;0.0928984310487201;FALSE
GENETHOFF;VEGFAs2;11_134490023_134490023;11;727;134490023;134490023;5;0.0172034131571704;FALSE
GENETHOFF;VEGFAs2;12_25872160_25872161;12;736;25872160;25872161;97;0.333746215249105;FALSE
GENETHOFF;VEGFAs2;12_31659415_31659415;12;737;31659415;31659415;72;0.247729149463254;FALSE
GENETHOFF;VEGFAs2;12_49809948_49809948;12;740;49809948;49809948;2;0.00688136526286815;FALSE
GENETHOFF;VEGFAs2;12_56638762_56638762;12;744;56638762;56638762;2;0.00688136526286815;FALSE
GENETHOFF;VEGFAs2;12_57087443_57087443;12;745;57087443;57087443;3;0.0103220478943022;FALSE
GENETHOFF;VEGFAs2;12_57210548_57210551;12;746;57210548;57210551;10;0.0344068263143408;FALSE
GENETHOFF;VEGFAs2;12_64598902_64598902;12;748;64598902;64598902;2;0.00688136526286815;FALSE
GENETHOFF;VEGFAs2;12_76084036_76084036;12;753;76084036;76084036;2;0.00688136526286815;FALSE
GENETHOFF;VEGFAs2;12_101210009_101210009;12;757;101210009;101210009;9;0.0309661436829067;FALSE
GENETHOFF;VEGFAs2;12_105659930_105659935;12;759;105659930;105659935;4;0.0137627305257363;FALSE
GENETHOFF;VEGFAs2;12_123409124_123409125;12;765;123409124;123409125;6;0.0206440957886045;FALSE
GENETHOFF;VEGFAs2;12_132197313_132197313;12;767;132197313;132197313;5;0.0172034131571704;FALSE
GENETHOFF;VEGFAs2;12_132710561_132710561;12;768;132710561;132710561;71;0.244288466831819;FALSE
GENETHOFF;VEGFAs2;13_26052104_26052104;13;772;26052104;26052104;311;1.070052298376;FALSE
GENETHOFF;VEGFAs2;13_99894733_99894733;13;784;99894733;99894733;1617;5.5635838150289;FALSE
GENETHOFF;VEGFAs2;13_106715489_106715499;13;786;106715489;106715499;22;0.0756950178915497;FALSE
GENETHOFF;VEGFAs2;14_66383479_66383479;14;802;66383479;66383479;2;0.00688136526286815;FALSE
GENETHOFF;VEGFAs2;14_69981955_69981955;14;805;69981955;69981955;3;0.0103220478943022;FALSE
GENETHOFF;VEGFAs2;14_74632018_74632019;14;810;74632018;74632019;22;0.0756950178915497;FALSE
GENETHOFF;VEGFAs2;14_75162025_75162025;14;811;75162025;75162025;7;0.0240847784200385;FALSE
GENETHOFF;VEGFAs2;14_81910905_81910905;14;813;81910905;81910905;6;0.0206440957886045;FALSE
GENETHOFF;VEGFAs2;14_89936976_89936977;14;814;89936976;89936977;12;0.0412881915772089;FALSE
GENETHOFF;VEGFAs2;14_92679238_92679238;14;816;92679238;92679238;13;0.044728874208643;FALSE
GENETHOFF;VEGFAs2;14_104134870_104134870;14;820;104134870;104134870;3;0.0103220478943022;FALSE
GENETHOFF;VEGFAs2;15_31488367_31488367;15;823;31488367;31488367;4;0.0137627305257363;FALSE
GENETHOFF;VEGFAs2;15_32993904_32993905;15;825;32993904;32993905;253;0.870492705752821;FALSE
GENETHOFF;VEGFAs2;15_71241753_71241762;15;849;71241753;71241762;6;0.0206440957886045;FALSE
GENETHOFF;VEGFAs2;15_78565382_78565382;15;857;78565382;78565382;3;0.0103220478943022;FALSE
GENETHOFF;VEGFAs2;15_85785973_85785973;15;859;85785973;85785973;3;0.0103220478943022;FALSE
GENETHOFF;VEGFAs2;16_894963_894963;16;864;894963;894963;4;0.0137627305257363;FALSE
GENETHOFF;VEGFAs2;16_974362_974362;16;865;974362;974362;4;0.0137627305257363;FALSE
GENETHOFF;VEGFAs2;16_1370591_1370592;16;866;1370591;1370592;11;0.0378475089457748;FALSE
GENETHOFF;VEGFAs2;16_2123574_2123574;16;867;2123574;2123574;2;0.00688136526286815;FALSE
GENETHOFF;VEGFAs2;16_8871228_8871231;16;872;8871228;8871231;5;0.0172034131571704;FALSE
GENETHOFF;VEGFAs2;16_13398602_13398602;16;875;13398602;13398602;4;0.0137627305257363;FALSE
GENETHOFF;VEGFAs2;16_15142753_15142753;16;876;15142753;15142753;2;0.00688136526286815;FALSE
GENETHOFF;VEGFAs2;16_23505693_23505693;16;879;23505693;23505693;6;0.0206440957886045;FALSE
GENETHOFF;VEGFAs2;16_28920854_28920854;16;882;28920854;28920854;4;0.0137627305257363;FALSE
GENETHOFF;VEGFAs2;16_29137104_29137104;16;883;29137104;29137104;6;0.0206440957886045;FALSE
GENETHOFF;VEGFAs2;16_48164882_48164882;16;884;48164882;48164882;2;0.00688136526286815;FALSE
GENETHOFF;VEGFAs2;16_56929515_56929515;16;885;56929515;56929515;659;2.26740985411506;FALSE
GENETHOFF;VEGFAs2;16_57940332_57940333;16;886;57940332;57940333;5;0.0172034131571704;FALSE
GENETHOFF;VEGFAs2;16_67255543_67255543;16;888;67255543;67255543;5;0.0172034131571704;FALSE
GENETHOFF;VEGFAs2;16_69132806_69132807;16;889;69132806;69132807;86;0.295898706303331;FALSE
GENETHOFF;VEGFAs2;16_82700976_82700976;16;895;82700976;82700976;118;0.406000550509221;FALSE
GENETHOFF;VEGFAs2;16_88914972_88914974;16;899;88914972;88914974;5;0.0172034131571704;FALSE
GENETHOFF;VEGFAs2;17_2778179_2778179;17;902;2778179;2778179;2;0.00688136526286815;FALSE
GENETHOFF;VEGFAs2;17_4455455_4455456;17;904;4455455;4455456;392;1.34874759152216;FALSE
GENETHOFF;VEGFAs2;17_7244161_7244161;17;907;7244161;7244161;4;0.0137627305257363;FALSE
GENETHOFF;VEGFAs2;17_7403796_7403798;17;908;7403796;7403798;6;0.0206440957886045;FALSE
GENETHOFF;VEGFAs2;17_9714992_9714992;17;910;9714992;9714992;3;0.0103220478943022;FALSE
GENETHOFF;VEGFAs2;17_16286117_16286117;17;913;16286117;16286117;137;0.471373520506469;FALSE
GENETHOFF;VEGFAs2;17_17051537_17051537;17;915;17051537;17051537;110;0.378475089457748;FALSE
GENETHOFF;VEGFAs2;17_19337863_19337863;17;918;19337863;19337863;2;0.00688136526286815;FALSE
GENETHOFF;VEGFAs2;17_21172437_21172439;17;919;21172437;21172439;4;0.0137627305257363;FALSE
GENETHOFF;VEGFAs2;17_30648221_30648221;17;923;30648221;30648221;3;0.0103220478943022;FALSE
GENETHOFF;VEGFAs2;17_31655989_31655989;17;926;31655989;31655989;10;0.0344068263143408;FALSE
GENETHOFF;VEGFAs2;17_38707215_38707215;17;930;38707215;38707215;2;0.00688136526286815;FALSE
GENETHOFF;VEGFAs2;17_40140832_40140832;17;932;40140832;40140832;19;0.0653729699972475;FALSE
GENETHOFF;VEGFAs2;17_40327132_40327132;17;933;40327132;40327132;2;0.00688136526286815;FALSE
GENETHOFF;VEGFAs2;17_41888503_41888503;17;934;41888503;41888503;1542;5.30553261767135;FALSE
GENETHOFF;VEGFAs2;17_42022757_42022757;17;935;42022757;42022757;2;0.00688136526286815;FALSE
GENETHOFF;VEGFAs2;17_43833603_43833603;17;937;43833603;43833603;2;0.00688136526286815;FALSE
GENETHOFF;VEGFAs2;17_47692953_47692953;17;940;47692953;47692953;2;0.00688136526286815;FALSE
GENETHOFF;VEGFAs2;17_48026480_48026480;17;942;48026480;48026480;5;0.0172034131571704;FALSE
GENETHOFF;VEGFAs2;17_50547417_50547417;17;944;50547417;50547417;7;0.0240847784200385;FALSE
GENETHOFF;VEGFAs2;17_57663166_57663167;17;946;57663166;57663167;90;0.309661436829067;FALSE
GENETHOFF;VEGFAs2;17_60327506_60327507;17;948;60327506;60327507;19;0.0653729699972475;FALSE
GENETHOFF;VEGFAs2;17_64089692_64089693;17;950;64089692;64089693;40;0.137627305257363;FALSE
GENETHOFF;VEGFAs2;17_67636873_67636873;17;954;67636873;67636873;4;0.0137627305257363;FALSE
GENETHOFF;VEGFAs2;17_74826813_74826813;17;960;74826813;74826813;2;0.00688136526286815;FALSE
GENETHOFF;VEGFAs2;17_81923277_81923277;17;969;81923277;81923277;28;0.0963391136801541;FALSE
GENETHOFF;VEGFAs2;17_82055719_82055720;17;970;82055719;82055720;8;0.0275254610514726;FALSE
GENETHOFF;VEGFAs2;18_22171101_22171102;18;978;22171101;22171102;6;0.0206440957886045;FALSE
GENETHOFF;VEGFAs2;18_23779593_23779594;18;980;23779593;23779594;806;2.77319020093587;FALSE
GENETHOFF;VEGFAs2;18_32092473_32092473;18;982;32092473;32092473;2;0.00688136526286815;FALSE
GENETHOFF;VEGFAs2;19_710353_710353;19;991;710353;710353;3;0.0103220478943022;FALSE
GENETHOFF;VEGFAs2;19_1028249_1028250;19;992;1028249;1028250;35;0.120423892100193;FALSE
GENETHOFF;VEGFAs2;19_1417043_1417043;19;993;1417043;1417043;2;0.00688136526286815;FALSE
GENETHOFF;VEGFAs2;19_1494330_1494330;19;994;1494330;1494330;3;0.0103220478943022;FALSE
GENETHOFF;VEGFAs2;19_1633092_1633093;19;995;1633092;1633093;4;0.0137627305257363;FALSE
GENETHOFF;VEGFAs2;19_1953782_1953782;19;999;1953782;1953782;2;0.00688136526286815;FALSE
GENETHOFF;VEGFAs2;19_3554986_3554986;19;1002;3554986;3554986;25;0.0860170657858519;FALSE
GENETHOFF;VEGFAs2;19_3755560_3755560;19;1003;3755560;3755560;4;0.0137627305257363;FALSE
GENETHOFF;VEGFAs2;19_5065008_5065008;19;1006;5065008;5065008;2;0.00688136526286815;FALSE
GENETHOFF;VEGFAs2;19_6767902_6767902;19;1011;6767902;6767902;6;0.0206440957886045;FALSE
GENETHOFF;VEGFAs2;19_13011373_13011374;19;1018;13011373;13011374;203;0.698458574181118;FALSE
GENETHOFF;VEGFAs2;19_14032162_14032162;19;1021;14032162;14032162;633;2.17795210569777;FALSE
GENETHOFF;VEGFAs2;19_14080878_14080878;19;1022;14080878;14080878;4;0.0137627305257363;FALSE
GENETHOFF;VEGFAs2;19_14384582_14384582;19;1023;14384582;14384582;2;0.00688136526286815;FALSE
GENETHOFF;VEGFAs2;19_16748542_16748542;19;1026;16748542;16748542;4;0.0137627305257363;FALSE
GENETHOFF;VEGFAs2;19_18020502_18020503;19;1028;18020502;18020503;7;0.0240847784200385;FALSE
GENETHOFF;VEGFAs2;19_18522672_18522672;19;1030;18522672;18522672;390;1.34186622625929;FALSE
GENETHOFF;VEGFAs2;19_27850788_27850793;19;1032;27850788;27850793;6;0.0206440957886045;FALSE
GENETHOFF;VEGFAs2;19_37333926_37333926;19;1035;37333926;37333926;7;0.0240847784200385;FALSE
GENETHOFF;VEGFAs2;19_38302415_38302415;19;1036;38302415;38302415;2;0.00688136526286815;FALSE
GENETHOFF;VEGFAs2;19_42302647_42302647;19;1042;42302647;42302647;100;0.344068263143408;FALSE
GENETHOFF;VEGFAs2;19_44890676_44890677;19;1044;44890676;44890677;311;1.070052298376;FALSE
GENETHOFF;VEGFAs2;19_45448795_45448796;19;1045;45448795;45448796;22;0.0756950178915497;FALSE
GENETHOFF;VEGFAs2;19_51412264_51412264;19;1050;51412264;51412264;11;0.0378475089457748;FALSE
GENETHOFF;VEGFAs2;19_54137498_54137498;19;1052;54137498;54137498;5;0.0172034131571704;FALSE
GENETHOFF;VEGFAs2;19_58154707_58154710;19;1054;58154707;58154710;17;0.0584916047343793;FALSE
GENETHOFF;VEGFAs2;2_3028178_3028178;2;108;3028178;3028178;2;0.00688136526286815;FALSE
GENETHOFF;VEGFAs2;2_8088057_8088057;2;111;8088057;8088057;2;0.00688136526286815;FALSE
GENETHOFF;VEGFAs2;2_10224575_10224575;2;112;10224575;10224575;3;0.0103220478943022;FALSE
GENETHOFF;VEGFAs2;2_11559837_11559838;2;113;11559837;11559838;21;0.0722543352601156;FALSE
GENETHOFF;VEGFAs2;2_12604648_12604648;2;115;12604648;12604648;52;0.178915496834572;FALSE
GENETHOFF;VEGFAs2;2_21183918_21183918;2;119;21183918;21183918;2;0.00688136526286815;FALSE
GENETHOFF;VEGFAs2;2_24634718_24634724;2;121;24634718;24634724;23;0.0791357005229838;FALSE
GENETHOFF;VEGFAs2;2_38292128_38292128;2;124;38292128;38292128;4;0.0137627305257363;FALSE
GENETHOFF;VEGFAs2;2_43381398_43381399;2;126;43381398;43381399;8;0.0275254610514726;FALSE
GENETHOFF;VEGFAs2;2_44941560_44941565;2;129;44941560;44941565;6;0.0206440957886045;FALSE
GENETHOFF;VEGFAs2;2_55616813_55616813;2;134;55616813;55616813;3;0.0103220478943022;FALSE
GENETHOFF;VEGFAs2;2_63506573_63506573;2;140;63506573;63506573;4;0.0137627305257363;FALSE
GENETHOFF;VEGFAs2;2_86077110_86077110;2;146;86077110;86077110;5;0.0172034131571704;FALSE
GENETHOFF;VEGFAs2;2_91477088_91477088;2;149;91477088;91477088;2;0.00688136526286815;FALSE
GENETHOFF;VEGFAs2;2_100821003_100821005;2;155;100821003;100821005;18;0.0619322873658134;FALSE
GENETHOFF;VEGFAs2;2_117148440_117148440;2;158;117148440;117148440;4;0.0137627305257363;FALSE
GENETHOFF;VEGFAs2;2_127082160_127082161;2;160;127082160;127082161;14;0.0481695568400771;FALSE
GENETHOFF;VEGFAs2;2_128486624_128486627;2;161;128486624;128486627;20;0.0688136526286815;FALSE
GENETHOFF;VEGFAs2;2_155479783_155479783;2;167;155479783;155479783;2;0.00688136526286815;FALSE
GENETHOFF;VEGFAs2;2_201130166_201130168;2;178;201130166;201130168;7;0.0240847784200385;FALSE
GENETHOFF;VEGFAs2;2_217706887_217706887;2;181;217706887;217706887;3;0.0103220478943022;FALSE
GENETHOFF;VEGFAs2;2_217778774_217778778;2;182;217778774;217778778;8;0.0275254610514726;FALSE
GENETHOFF;VEGFAs2;2_220671110_220671110;2;183;220671110;220671110;5;0.0172034131571704;FALSE
GENETHOFF;VEGFAs2;2_224897561_224897568;2;188;224897561;224897568;27;0.0928984310487201;FALSE
GENETHOFF;VEGFAs2;2_241275191_241275191;2;193;241275191;241275191;5164;17.7676851087256;FALSE
GENETHOFF;VEGFAs2;20_10933311_10933312;20;1058;10933311;10933312;56;0.192678227360308;FALSE
GENETHOFF;VEGFAs2;20_63944462_63944463;20;1075;63944462;63944463;22;0.0756950178915497;FALSE
GENETHOFF;VEGFAs2;21_45283316_45283317;21;1089;45283316;45283317;21;0.0722543352601156;FALSE
GENETHOFF;VEGFAs2;22_20154418_20154419;22;1094;20154418;20154419;5;0.0172034131571704;FALSE
GENETHOFF;VEGFAs2;22_25404633_25404633;22;1098;25404633;25404633;2;0.00688136526286815;FALSE
GENETHOFF;VEGFAs2;22_38351978_38351978;22;1105;38351978;38351978;9;0.0309661436829067;FALSE
GENETHOFF;VEGFAs2;22_42995083_42995083;22;1109;42995083;42995083;3;0.0103220478943022;FALSE
GENETHOFF;VEGFAs2;22_43288488_43288489;22;1111;43288488;43288489;48;0.165152766308836;FALSE
GENETHOFF;VEGFAs2;22_44181723_44181723;22;1113;44181723;44181723;2;0.00688136526286815;FALSE
GENETHOFF;VEGFAs2;22_44739013_44739013;22;1115;44739013;44739013;7;0.0240847784200385;FALSE
GENETHOFF;VEGFAs2;22_46392357_46392357;22;1117;46392357;46392357;3;0.0103220478943022;FALSE
GENETHOFF;VEGFAs2;22_47115358_47115359;22;1118;47115358;47115359;26;0.089457748417286;FALSE
GENETHOFF;VEGFAs2;22_49038542_49038542;22;1119;49038542;49038542;2;0.00688136526286815;FALSE
GENETHOFF;VEGFAs2;22_50446373_50446373;22;1123;50446373;50446373;1575;5.41907514450867;FALSE
GENETHOFF;VEGFAs2;3_3171401_3171401;3;195;3171401;3171401;2;0.00688136526286815;FALSE
GENETHOFF;VEGFAs2;3_13145802_13145802;3;201;13145802;13145802;2;0.00688136526286815;FALSE
GENETHOFF;VEGFAs2;3_14898883_14898883;3;202;14898883;14898883;4;0.0137627305257363;FALSE
GENETHOFF;VEGFAs2;3_15702831_15702832;3;203;15702831;15702832;7;0.0240847784200385;FALSE
GENETHOFF;VEGFAs2;3_17603673_17603673;3;205;17603673;17603673;2;0.00688136526286815;FALSE
GENETHOFF;VEGFAs2;3_23326837_23326837;3;210;23326837;23326837;4;0.0137627305257363;FALSE
GENETHOFF;VEGFAs2;3_23554089_23554090;3;211;23554089;23554090;6;0.0206440957886045;FALSE
GENETHOFF;VEGFAs2;3_31417165_31417165;3;213;31417165;31417165;15;0.0516102394715111;FALSE
GENETHOFF;VEGFAs2;3_36900778_36900778;3;215;36900778;36900778;3;0.0103220478943022;FALSE
GENETHOFF;VEGFAs2;3_38099782_38099782;3;216;38099782;38099782;2;0.00688136526286815;FALSE
GENETHOFF;VEGFAs2;3_47371401_47371401;3;220;47371401;47371401;2;0.00688136526286815;FALSE
GENETHOFF;VEGFAs2;3_48655855_48655855;3;221;48655855;48655855;3;0.0103220478943022;FALSE
GENETHOFF;VEGFAs2;3_49812743_49812743;3;224;49812743;49812743;10;0.0344068263143408;FALSE
GENETHOFF;VEGFAs2;3_126692352_126692352;3;249;126692352;126692352;2;0.00688136526286815;FALSE
GENETHOFF;VEGFAs2;3_138433633_138433633;3;252;138433633;138433633;5;0.0172034131571704;FALSE
GENETHOFF;VEGFAs2;3_140679957_140679959;3;254;140679957;140679959;73;0.251169832094688;FALSE
GENETHOFF;VEGFAs2;3_151140418_151140418;3;258;151140418;151140418;2;0.00688136526286815;FALSE
GENETHOFF;VEGFAs2;3_165900493_165900493;3;262;165900493;165900493;6;0.0206440957886045;FALSE
GENETHOFF;VEGFAs2;3_195762348_195762349;3;273;195762348;195762349;12;0.0412881915772089;FALSE
GENETHOFF;VEGFAs2;4_1494529_1494529;4;276;1494529;1494529;109;0.375034406826314;FALSE
GENETHOFF;VEGFAs2;4_2484091_2484091;4;278;2484091;2484091;2;0.00688136526286815;FALSE
GENETHOFF;VEGFAs2;4_4387558_4387558;4;279;4387558;4387558;2;0.00688136526286815;FALSE
GENETHOFF;VEGFAs2;4_7192052_7192052;4;280;7192052;7192052;2;0.00688136526286815;FALSE
GENETHOFF;VEGFAs2;4_7327816_7327818;4;281;7327816;7327818;23;0.0791357005229838;FALSE
GENETHOFF;VEGFAs2;4_8840189_8840190;4;284;8840189;8840190;82;0.282135975777594;FALSE
GENETHOFF;VEGFAs2;4_38536005_38536006;4;292;38536005;38536006;1232;4.23892100192678;FALSE
GENETHOFF;VEGFAs2;4_40232432_40232432;4;293;40232432;40232432;41;0.141067987888797;FALSE
GENETHOFF;VEGFAs2;4_52931526_52931526;4;296;52931526;52931526;2;0.00688136526286815;FALSE
GENETHOFF;VEGFAs2;4_77626371_77626371;4;302;77626371;77626371;3;0.0103220478943022;FALSE
GENETHOFF;VEGFAs2;4_142846218_142846219;4;315;142846218;142846219;14;0.0481695568400771;FALSE
GENETHOFF;VEGFAs2;4_147815469_147815469;4;316;147815469;147815469;2;0.00688136526286815;FALSE
GENETHOFF;VEGFAs2;4_148056561_148056563;4;317;148056561;148056563;22;0.0756950178915497;FALSE
GENETHOFF;VEGFAs2;4_153810751_153810751;4;319;153810751;153810751;6;0.0206440957886045;FALSE
GENETHOFF;VEGFAs2;4_159111992_159111999;4;321;159111992;159111999;9;0.0309661436829067;FALSE
GENETHOFF;VEGFAs2;4_185020065_185020065;4;331;185020065;185020065;2;0.00688136526286815;FALSE
GENETHOFF;VEGFAs2;5_6715005_6715005;5;333;6715005;6715005;1790;6.158821910267;FALSE
GENETHOFF;VEGFAs2;5_123091081_123091083;5;354;123091081;123091083;9;0.0309661436829067;FALSE
GENETHOFF;VEGFAs2;5_133524684_133524684;5;357;133524684;133524684;2;0.00688136526286815;FALSE
GENETHOFF;VEGFAs2;5_134177451_134177460;5;358;134177451;134177460;11;0.0378475089457748;FALSE
GENETHOFF;VEGFAs2;5_139700245_139700245;5;363;139700245;139700245;2;0.00688136526286815;FALSE
GENETHOFF;VEGFAs2;5_147452695_147452695;5;365;147452695;147452695;4;0.0137627305257363;FALSE
GENETHOFF;VEGFAs2;5_156894129_156894129;5;367;156894129;156894129;53;0.182356179466006;FALSE
GENETHOFF;VEGFAs2;5_164829157_164829157;5;369;164829157;164829157;5;0.0172034131571704;FALSE
GENETHOFF;VEGFAs2;6_2737974_2737979;6;376;2737974;2737979;6;0.0206440957886045;FALSE
GENETHOFF;VEGFAs2;6_13814595_13814597;6;383;13814595;13814597;5;0.0172034131571704;FALSE
GENETHOFF;VEGFAs2;6_26470391_26470391;6;386;26470391;26470391;7;0.0240847784200385;FALSE
GENETHOFF;VEGFAs2;6_26570644_26570645;6;387;26570644;26570645;24;0.0825763831544178;FALSE
GENETHOFF;VEGFAs2;6_31495048_31495048;6;390;31495048;31495048;2;0.00688136526286815;FALSE
GENETHOFF;VEGFAs2;6_36886047_36886048;6;392;36886047;36886048;51;0.175474814203138;FALSE
GENETHOFF;VEGFAs2;6_41575711_41575711;6;394;41575711;41575711;2;0.00688136526286815;FALSE
GENETHOFF;VEGFAs2;6_43369598_43369598;6;396;43369598;43369598;2;0.00688136526286815;FALSE
GENETHOFF;VEGFAs2;6_43770824_43770824;6;401;43770824;43770824;528;1.81668042939719;TRUE
GENETHOFF;VEGFAs2;6_44001525_44001525;6;402;44001525;44001525;4;0.0137627305257363;FALSE
GENETHOFF;VEGFAs2;6_105382136_105382139;6;412;105382136;105382139;14;0.0481695568400771;FALSE
GENETHOFF;VEGFAs2;6_110199831_110199831;6;415;110199831;110199831;3;0.0103220478943022;FALSE
GENETHOFF;VEGFAs2;6_144248340_144248340;6;425;144248340;144248340;2;0.00688136526286815;FALSE
GENETHOFF;VEGFAs2;6_145030981_145030981;6;426;145030981;145030981;5;0.0172034131571704;FALSE
GENETHOFF;VEGFAs2;6_149450534_149450534;6;428;149450534;149450534;3;0.0103220478943022;FALSE
GENETHOFF;VEGFAs2;6_156251754_156251754;6;430;156251754;156251754;3;0.0103220478943022;FALSE
GENETHOFF;VEGFAs2;6_160131532_160131532;6;433;160131532;160131532;34;0.116983209468759;FALSE
GENETHOFF;VEGFAs2;7_727834_727834;7;437;727834;727834;3;0.0103220478943022;FALSE
GENETHOFF;VEGFAs2;7_774959_774959;7;438;774959;774959;5;0.0172034131571704;FALSE
GENETHOFF;VEGFAs2;7_5437497_5437497;7;442;5437497;5437497;2;0.00688136526286815;FALSE
GENETHOFF;VEGFAs2;7_37015210_37015210;7;451;37015210;37015210;4;0.0137627305257363;FALSE
GENETHOFF;VEGFAs2;7_42945807_42945808;7;453;42945807;42945808;41;0.141067987888797;FALSE
GENETHOFF;VEGFAs2;7_44213955_44213956;7;454;44213955;44213956;38;0.130745939994495;FALSE
GENETHOFF;VEGFAs2;7_45178347_45178347;7;456;45178347;45178347;8;0.0275254610514726;FALSE
GENETHOFF;VEGFAs2;7_46415082_46415082;7;457;46415082;46415082;2;0.00688136526286815;FALSE
GENETHOFF;VEGFAs2;7_50315370_50315370;7;458;50315370;50315370;2;0.00688136526286815;FALSE
GENETHOFF;VEGFAs2;7_50697830_50697830;7;459;50697830;50697830;2;0.00688136526286815;FALSE
GENETHOFF;VEGFAs2;7_66558184_66558186;7;461;66558184;66558186;5;0.0172034131571704;FALSE
GENETHOFF;VEGFAs2;7_77258158_77258164;7;464;77258158;77258164;5;0.0172034131571704;FALSE
GENETHOFF;VEGFAs2;7_95690364_95690364;7;467;95690364;95690364;6;0.0206440957886045;FALSE
GENETHOFF;VEGFAs2;7_99314759_99314759;7;468;99314759;99314759;3;0.0103220478943022;FALSE
GENETHOFF;VEGFAs2;7_100688268_100688269;7;471;100688268;100688269;15;0.0516102394715111;FALSE
GENETHOFF;VEGFAs2;7_101507516_101507517;7;472;101507516;101507517;5;0.0172034131571704;FALSE
GENETHOFF;VEGFAs2;7_102616275_102616275;7;474;102616275;102616275;2;0.00688136526286815;FALSE
GENETHOFF;VEGFAs2;7_105293507_105293507;7;476;105293507;105293507;113;0.388797137352051;FALSE
GENETHOFF;VEGFAs2;7_106285212_106285212;7;477;106285212;106285212;7;0.0240847784200385;FALSE
GENETHOFF;VEGFAs2;7_123534655_123534655;7;480;123534655;123534655;25;0.0860170657858519;FALSE
GENETHOFF;VEGFAs2;7_129649317_129649317;7;482;129649317;129649317;102;0.350949628406276;FALSE
GENETHOFF;VEGFAs2;7_131106808_131106819;7;483;131106808;131106819;23;0.0791357005229838;FALSE
GENETHOFF;VEGFAs2;7_139618670_139618670;7;487;139618670;139618670;2;0.00688136526286815;FALSE
GENETHOFF;VEGFAs2;7_143263324_143263324;7;488;143263324;143263324;18;0.0619322873658134;FALSE
GENETHOFF;VEGFAs2;7_151242378_151242378;7;492;151242378;151242378;2;0.00688136526286815;FALSE
GENETHOFF;VEGFAs2;7_151252699_151252700;7;493;151252699;151252700;5;0.0172034131571704;FALSE
GENETHOFF;VEGFAs2;7_155144357_155144357;7;497;155144357;155144357;4;0.0137627305257363;FALSE
GENETHOFF;VEGFAs2;8_17364591_17364591;8;504;17364591;17364591;3;0.0103220478943022;FALSE
GENETHOFF;VEGFAs2;8_18184036_18184036;8;506;18184036;18184036;105;0.361271676300578;FALSE
GENETHOFF;VEGFAs2;8_19083310_19083318;8;507;19083310;19083318;7;0.0240847784200385;FALSE
GENETHOFF;VEGFAs2;8_87119618_87119618;8;521;87119618;87119618;2;0.00688136526286815;FALSE
GENETHOFF;VEGFAs2;8_88580065_88580065;8;522;88580065;88580065;2;0.00688136526286815;FALSE
GENETHOFF;VEGFAs2;8_91148246_91148246;8;524;91148246;91148246;2;0.00688136526286815;FALSE
GENETHOFF;VEGFAs2;8_127739340_127739340;8;539;127739340;127739340;2;0.00688136526286815;FALSE
GENETHOFF;VEGFAs2;8_133463960_133463960;8;540;133463960;133463960;4;0.0137627305257363;FALSE
GENETHOFF;VEGFAs2;8_140597482_140597482;8;543;140597482;140597482;3;0.0103220478943022;FALSE
GENETHOFF;VEGFAs2;8_143080487_143080492;8;546;143080487;143080492;6;0.0206440957886045;FALSE
GENETHOFF;VEGFAs2;8_143740790_143740790;8;547;143740790;143740790;516;1.77539223781998;FALSE
GENETHOFF;VEGFAs2;8_143934235_143934236;8;549;143934235;143934236;9;0.0309661436829067;FALSE
GENETHOFF;VEGFAs2;9_2666737_2666737;9;551;2666737;2666737;10;0.0344068263143408;FALSE
GENETHOFF;VEGFAs2;9_27338874_27338876;9;555;27338874;27338876;89;0.306220754197633;FALSE
GENETHOFF;VEGFAs2;9_33202626_33202626;9;556;33202626;33202626;6;0.0206440957886045;FALSE
GENETHOFF;VEGFAs2;9_34199752_34199752;9;557;34199752;34199752;2;0.00688136526286815;FALSE
GENETHOFF;VEGFAs2;9_37990366_37990366;9;561;37990366;37990366;2;0.00688136526286815;FALSE
GENETHOFF;VEGFAs2;9_37990378_37990378;9;562;37990378;37990378;4;0.0137627305257363;FALSE
GENETHOFF;VEGFAs2;9_71891035_71891035;9;563;71891035;71891035;3;0.0103220478943022;FALSE
GENETHOFF;VEGFAs2;9_83979521_83979521;9;567;83979521;83979521;2;0.00688136526286815;FALSE
GENETHOFF;VEGFAs2;9_91224844_91224844;9;571;91224844;91224844;3;0.0103220478943022;FALSE
GENETHOFF;VEGFAs2;9_91405893_91405893;9;572;91405893;91405893;2;0.00688136526286815;FALSE
GENETHOFF;VEGFAs2;9_93069215_93069215;9;575;93069215;93069215;4;0.0137627305257363;FALSE
GENETHOFF;VEGFAs2;9_94648648_94648648;9;576;94648648;94648648;2;0.00688136526286815;FALSE
GENETHOFF;VEGFAs2;9_97970302_97970302;9;579;97970302;97970302;13;0.044728874208643;FALSE
GENETHOFF;VEGFAs2;9_100837366_100837366;9;581;100837366;100837366;839;2.88673272777319;FALSE
GENETHOFF;VEGFAs2;9_123375901_123375901;9;584;123375901;123375901;190;0.653729699972475;FALSE
GENETHOFF;VEGFAs2;9_123909195_123909195;9;585;123909195;123909195;2;0.00688136526286815;FALSE
GENETHOFF;VEGFAs2;9_126124222_126124222;9;586;126124222;126124222;2;0.00688136526286815;FALSE
GENETHOFF;VEGFAs2;9_127764613_127764613;9;587;127764613;127764613;6;0.0206440957886045;FALSE
GENETHOFF;VEGFAs2;9_127900808_127900808;9;588;127900808;127900808;2;0.00688136526286815;FALSE
GENETHOFF;VEGFAs2;9_128944302_128944302;9;591;128944302;128944302;93;0.319983484723369;FALSE
GENETHOFF;VEGFAs2;9_129106984_129106984;9;592;129106984;129106984;3;0.0103220478943022;FALSE
GENETHOFF;VEGFAs2;9_129107005_129107005;9;593;129107005;129107005;5;0.0172034131571704;FALSE
GENETHOFF;VEGFAs2;9_133559070_133559070;9;597;133559070;133559070;3;0.0103220478943022;FALSE
GENETHOFF;VEGFAs2;9_136095720_136095720;9;599;136095720;136095720;2;0.00688136526286815;FALSE
GENETHOFF;VEGFAs2;9_136485276_136485279;9;600;136485276;136485279;6;0.0206440957886045;FALSE
GENETHOFF;VEGFAs2;9_137455881_137455881;9;604;137455881;137455881;4;0.0137627305257363;FALSE
GENETHOFF;VEGFAs2;MT_7418_7418;MT;1192;7418;7418;2;0.00688136526286815;FALSE
GENETHOFF;VEGFAs2;MT_8473_8473;MT;1195;8473;8473;2;0.00688136526286815;FALSE
GENETHOFF;VEGFAs2;X_1453455_1453455;X;1124;1453455;1453455;3;0.0103220478943022;FALSE
GENETHOFF;VEGFAs2;X_43544500_43544500;X;1131;43544500;43544500;3;0.0103220478943022;FALSE
GENETHOFF;VEGFAs2;X_65348081_65348081;X;1135;65348081;65348081;3;0.0103220478943022;FALSE
GENETHOFF;VEGFAs2;X_68433952_68433953;X;1136;68433952;68433953;21;0.0722543352601156;FALSE
GENETHOFF;VEGFAs2;X_119731518_119731518;X;1145;119731518;119731518;130;0.44728874208643;FALSE
GENETHOFF;VEGFAs2;X_124593669_124593669;X;1146;124593669;124593669;4;0.0137627305257363;FALSE
GENETHOFF;VEGFAs2;X_129906663_129906663;X;1147;129906663;129906663;206;0.70878062207542;FALSE
GENETHOFF;VEGFAs2;X_132297488_132297488;X;1148;132297488;132297488;3;0.0103220478943022;FALSE
GENETHOFF;VEGFAs2;X_132490220_132490220;X;1149;132490220;132490220;2;0.00688136526286815;FALSE
GENETHOFF;VEGFAs2;X_150764054_150764054;X;1156;150764054;150764054;709;2.43944398568676;FALSE
GENETHOFF;VEGFAs2;X_153571670_153571670;X;1157;153571670;153571670;37;0.127305257363061;FALSE
GENETHOFF;VEGFAs2;Y_1453455_1453455;Y;1159;1453455;1453455;2;0.00688136526286815;FALSE
GENETHOFF;VEGFAs3;1_629699_629699;1;1;629699;629699;3;0.0242385069079745;FALSE
GENETHOFF;VEGFAs3;1_29732370_29732370;1;21;29732370;29732370;2;0.0161590046053163;FALSE
GENETHOFF;VEGFAs3;1_32273161_32273162;1;26;32273161;32273162;47;0.379736608224933;FALSE
GENETHOFF;VEGFAs3;1_47839364_47839365;1;35;47839364;47839365;39;0.315100589803668;FALSE
GENETHOFF;VEGFAs3;1_51899169_51899169;1;40;51899169;51899169;2;0.0161590046053163;FALSE
GENETHOFF;VEGFAs3;1_165747715_165747715;1;77;165747715;165747715;2;0.0161590046053163;FALSE
GENETHOFF;VEGFAs3;1_206924241_206924241;1;91;206924241;206924241;6;0.0484770138159489;FALSE
GENETHOFF;VEGFAs3;1_211636364_211636364;1;94;211636364;211636364;2;0.0161590046053163;FALSE
GENETHOFF;VEGFAs3;1_219058297_219058297;1;95;219058297;219058297;2;0.0161590046053163;FALSE
GENETHOFF;VEGFAs3;10_5707692_5707693;10;607;5707692;5707693;8;0.0646360184212652;FALSE
GENETHOFF;VEGFAs3;10_97000830_97000830;10;625;97000830;97000830;76;0.61404217500202;FALSE
GENETHOFF;VEGFAs3;10_97546892_97546892;10;627;97546892;97546892;2;0.0161590046053163;FALSE
GENETHOFF;VEGFAs3;10_103547714_103547714;10;629;103547714;103547714;15;0.121192534539872;FALSE
GENETHOFF;VEGFAs3;10_128430088_128430088;10;638;128430088;128430088;2;0.0161590046053163;FALSE
GENETHOFF;VEGFAs3;11_69083669_69083669;11;700;69083669;69083669;88;0.710996202633918;FALSE
GENETHOFF;VEGFAs3;11_70604574_70604574;11;701;70604574;70604574;2;0.0161590046053163;FALSE
GENETHOFF;VEGFAs3;11_82926591_82926591;11;712;82926591;82926591;2;0.0161590046053163;FALSE
GENETHOFF;VEGFAs3;11_88681632_88681632;11;715;88681632;88681632;2;0.0161590046053163;FALSE
GENETHOFF;VEGFAs3;12_6827889_6827889;12;730;6827889;6827889;3;0.0242385069079745;FALSE
GENETHOFF;VEGFAs3;12_104136687_104136687;12;758;104136687;104136687;2;0.0161590046053163;FALSE
GENETHOFF;VEGFAs3;13_29706701_29706701;13;774;29706701;29706701;2;0.0161590046053163;FALSE
GENETHOFF;VEGFAs3;13_94230512_94230512;13;783;94230512;94230512;3;0.0242385069079745;FALSE
GENETHOFF;VEGFAs3;13_114117523_114117523;13;789;114117523;114117523;4;0.0323180092106326;FALSE
GENETHOFF;VEGFAs3;14_61612053_61612053;14;798;61612053;61612053;67;0.541326654278096;FALSE
GENETHOFF;VEGFAs3;14_65102440_65102440;14;799;65102440;65102440;1949;15.7469499878807;FALSE
GENETHOFF;VEGFAs3;14_73886792_73886792;14;809;73886792;73886792;186;1.50278742829442;FALSE
GENETHOFF;VEGFAs3;14_105562693_105562694;14;821;105562693;105562694;47;0.379736608224933;FALSE
GENETHOFF;VEGFAs3;16_74864221_74864221;16;891;74864221;74864221;15;0.121192534539872;FALSE
GENETHOFF;VEGFAs3;16_77767651_77767651;16;894;77767651;77767651;3;0.0242385069079745;FALSE
GENETHOFF;VEGFAs3;17_26494632_26494632;17;920;26494632;26494632;2;0.0161590046053163;FALSE
GENETHOFF;VEGFAs3;17_34996248_34996248;17;928;34996248;34996248;2;0.0161590046053163;FALSE
GENETHOFF;VEGFAs3;17_76050620_76050620;17;963;76050620;76050620;2;0.0161590046053163;FALSE
GENETHOFF;VEGFAs3;18_6130265_6130265;18;975;6130265;6130265;2;0.0161590046053163;FALSE
GENETHOFF;VEGFAs3;18_75574125_75574125;18;988;75574125;75574125;2;0.0161590046053163;FALSE
GENETHOFF;VEGFAs3;18_76391217_76391217;18;989;76391217;76391217;8;0.0646360184212652;FALSE
GENETHOFF;VEGFAs3;19_6109021_6109021;19;1008;6109021;6109021;12;0.0969540276318979;FALSE
GENETHOFF;VEGFAs3;19_38649363_38649363;19;1037;38649363;38649363;2;0.0161590046053163;FALSE
GENETHOFF;VEGFAs3;19_40055959_40055959;19;1039;40055959;40055959;389;3.14292639573402;FALSE
GENETHOFF;VEGFAs3;19_40090676_40090676;19;1040;40090676;40090676;2;0.0161590046053163;FALSE
GENETHOFF;VEGFAs3;19_47229233_47229234;19;1046;47229233;47229234;4;0.0323180092106326;FALSE
GENETHOFF;VEGFAs3;2_18514957_18514958;2;118;18514957;18514958;6;0.0484770138159489;FALSE
GENETHOFF;VEGFAs3;2_56726632_56726632;2;136;56726632;56726632;3;0.0242385069079745;FALSE
GENETHOFF;VEGFAs3;2_176598697_176598697;2;173;176598697;176598697;20;0.161590046053163;FALSE
GENETHOFF;VEGFAs3;2_229641530_229641530;2;189;229641530;229641530;5;0.0403975115132908;FALSE
GENETHOFF;VEGFAs3;2_234216785_234216785;2;191;234216785;234216785;2;0.0161590046053163;FALSE
GENETHOFF;VEGFAs3;20_20197639_20197639;20;1062;20197639;20197639;179;1.44623091217581;FALSE
GENETHOFF;VEGFAs3;20_52107859_52107859;20;1070;52107859;52107859;3;0.0242385069079745;FALSE
GENETHOFF;VEGFAs3;22_24216719_24216719;22;1096;24216719;24216719;34;0.274703078290377;FALSE
GENETHOFF;VEGFAs3;22_37266782_37266782;22;1102;37266782;37266782;1445;11.674880827341;FALSE
GENETHOFF;VEGFAs3;22_40555709_40555709;22;1108;40555709;40555709;2;0.0161590046053163;FALSE
GENETHOFF;VEGFAs3;22_49344075_49344075;22;1120;49344075;49344075;2;0.0161590046053163;FALSE
GENETHOFF;VEGFAs3;3_36549902_36549902;3;214;36549902;36549902;4;0.0323180092106326;FALSE
GENETHOFF;VEGFAs3;3_59850582_59850582;3;225;59850582;59850582;2;0.0161590046053163;FALSE
GENETHOFF;VEGFAs3;3_142208661_142208661;3;255;142208661;142208661;2;0.0161590046053163;FALSE
GENETHOFF;VEGFAs3;3_142979830_142979830;3;256;142979830;142979830;2;0.0161590046053163;FALSE
GENETHOFF;VEGFAs3;3_194276093_194276093;3;271;194276093;194276093;32;0.258544073685061;FALSE
GENETHOFF;VEGFAs3;4_57460439_57460439;4;298;57460439;57460439;2;0.0161590046053163;FALSE
GENETHOFF;VEGFAs3;4_69045123_69045123;4;300;69045123;69045123;2;0.0161590046053163;FALSE
GENETHOFF;VEGFAs3;4_182808687_182808687;4;328;182808687;182808687;2;0.0161590046053163;FALSE
GENETHOFF;VEGFAs3;5_81209895_81209895;5;346;81209895;81209895;9;0.0727155207239234;FALSE
GENETHOFF;VEGFAs3;5_90145151_90145151;5;348;90145151;90145151;197;1.59166195362366;FALSE
GENETHOFF;VEGFAs3;5_116098977_116098977;5;353;116098977;116098977;1882;15.2056233336027;FALSE
GENETHOFF;VEGFAs3;5_131521908_131521908;5;356;131521908;131521908;2;0.0161590046053163;FALSE
GENETHOFF;VEGFAs3;5_168234196_168234196;5;370;168234196;168234196;2;0.0161590046053163;FALSE
GENETHOFF;VEGFAs3;6_16358448_16358448;6;384;16358448;16358448;2;0.0161590046053163;FALSE
GENETHOFF;VEGFAs3;6_43769732_43769732;6;400;43769732;43769732;5402;43.6454714389594;TRUE
GENETHOFF;VEGFAs3;6_116246185_116246185;6;417;116246185;116246185;2;0.0161590046053163;FALSE
GENETHOFF;VEGFAs3;6_144137153_144137153;6;424;144137153;144137153;2;0.0161590046053163;FALSE
GENETHOFF;VEGFAs3;6_156757193_156757193;6;431;156757193;156757193;9;0.0727155207239234;FALSE
GENETHOFF;VEGFAs3;7_132199878_132199878;7;484;132199878;132199878;2;0.0161590046053163;FALSE
GENETHOFF;VEGFAs3;7_150334640_150334640;7;491;150334640;150334640;9;0.0727155207239234;FALSE
GENETHOFF;VEGFAs3;7_152974292_152974292;7;494;152974292;152974292;2;0.0161590046053163;FALSE
GENETHOFF;VEGFAs3;7_153331486_153331486;7;496;153331486;153331486;2;0.0161590046053163;FALSE
GENETHOFF;VEGFAs3;8_1178036_1178036;8;499;1178036;1178036;3;0.0242385069079745;FALSE
GENETHOFF;VEGFAs3;8_23074988_23074988;8;508;23074988;23074988;2;0.0161590046053163;FALSE
GENETHOFF;VEGFAs3;8_48085244_48085245;8;516;48085244;48085245;21;0.169669548355821;FALSE
GENETHOFF;VEGFAs3;8_113950635_113950635;8;532;113950635;113950635;3;0.0242385069079745;FALSE
GENETHOFF;VEGFAs3;8_140027829_140027830;8;542;140027829;140027830;13;0.105033529934556;FALSE
GENETHOFF;VEGFAs3;9_18733636_18733636;9;553;18733636;18733636;7;0.0565565161186071;FALSE
GENETHOFF;VEGFAs3;9_89410749_89410749;9;569;89410749;89410749;2;0.0161590046053163;FALSE
GENETHOFF;VEGFAs3;9_89494301_89494303;9;570;89494301;89494303;17;0.137351539145189;FALSE
GENETHOFF;VEGFAs3;9_117449884_117449884;9;583;117449884;117449884;2;0.0161590046053163;FALSE
GENETHOFF;VEGFAs3;MT_4148_4148;MT;1178;4148;4148;3;0.0242385069079745;FALSE
GENETHOFF;VEGFAs3;MT_4529_4529;MT;1179;4529;4529;5;0.0403975115132908;FALSE
GENETHOFF;VEGFAs3;MT_5439_5439;MT;1184;5439;5439;2;0.0161590046053163;FALSE
GENETHOFF;VEGFAs3;MT_10613_10615;MT;1201;10613;10615;4;0.0323180092106326;FALSE
GENETHOFF;VEGFAs3;MT_14891_14891;MT;1215;14891;14891;3;0.0242385069079745;FALSE
GENETHOFF;VEGFAs3;X_41866965_41866965;X;1130;41866965;41866965;2;0.0161590046053163;FALSE
GENETHOFF;VEGFAs3;X_53225547_53225547;X;1133;53225547;53225547;2;0.0161590046053163;FALSE
GENETHOFF;VEGFAs3;X_144759136_144759136;X;1154;144759136;144759136;3;0.0242385069079745;FALSE
iGUIDE-seq;B2M;1_48779011_48779011;1;36;48779011;48779011;7;0.0366530526756728;FALSE
iGUIDE-seq;B2M;12_65197076_65197076;12;749;65197076;65197076;4;0.0209446015289559;FALSE
iGUIDE-seq;B2M;13_76499461_76499461;13;779;76499461;76499461;1;0.00523615038223898;FALSE
iGUIDE-seq;B2M;13_92919860_92919860;13;782;92919860;92919860;4;0.0209446015289559;FALSE
iGUIDE-seq;B2M;15_44711569_44711569;15;836;44711569;44711569;18995;99.4606765106294;TRUE
iGUIDE-seq;B2M;15_45179617_45179617;15;844;45179617;45179617;1;0.00523615038223898;FALSE
iGUIDE-seq;B2M;17_8901363_8901363;17;909;8901363;8901363;1;0.00523615038223898;FALSE
iGUIDE-seq;B2M;17_46037815_46037815;17;939;46037815;46037815;2;0.010472300764478;FALSE
iGUIDE-seq;B2M;17_66986364_66986364;17;952;66986364;66986364;10;0.0523615038223898;FALSE
iGUIDE-seq;B2M;2_1899961_1899961;2;106;1899961;1899961;17;0.0890145564980626;FALSE
iGUIDE-seq;B2M;2_207331105_207331105;2;179;207331105;207331105;1;0.00523615038223898;FALSE
iGUIDE-seq;B2M;20_54587757_54587757;20;1072;54587757;54587757;9;0.0471253534401508;FALSE
iGUIDE-seq;B2M;22_39934236_39934236;22;1107;39934236;39934236;10;0.0523615038223898;FALSE
iGUIDE-seq;B2M;3_114026454_114026454;3;244;114026454;114026454;13;0.0680699549691067;FALSE
iGUIDE-seq;B2M;4_78554451_78554451;4;303;78554451;78554451;8;0.0418892030579118;FALSE
iGUIDE-seq;B2M;6_41864510_41864510;6;395;41864510;41864510;1;0.00523615038223898;FALSE
iGUIDE-seq;B2M;6_121383388_121383388;6;418;121383388;121383388;1;0.00523615038223898;FALSE
iGUIDE-seq;B2M;9_75366468_75366468;9;564;75366468;75366468;1;0.00523615038223898;FALSE
iGUIDE-seq;B2M;9_87127272_87127272;9;568;87127272;87127272;12;0.0628338045868677;FALSE
iGUIDE-seq;TRAC;1_52551650_52551650;1;41;52551650;52551650;5;0.033167495854063;FALSE
iGUIDE-seq;TRAC;1_246060700_246060700;1;105;246060700;246060700;3;0.0199004975124378;FALSE
iGUIDE-seq;TRAC;10_15363669_15363669;10;608;15363669;15363669;2;0.0132669983416252;FALSE
iGUIDE-seq;TRAC;10_32483562_32483562;10;611;32483562;32483562;5;0.033167495854063;FALSE
iGUIDE-seq;TRAC;10_85258339_85258339;10;623;85258339;85258339;1;0.0066334991708126;FALSE
iGUIDE-seq;TRAC;10_118374608_118374608;10;634;118374608;118374608;4;0.0265339966832504;FALSE
iGUIDE-seq;TRAC;11_13599737_13599737;11;658;13599737;13599737;4;0.0265339966832504;FALSE
iGUIDE-seq;TRAC;11_110426793_110426793;11;718;110426793;110426793;10;0.066334991708126;FALSE
iGUIDE-seq;TRAC;12_15346176_15346176;12;734;15346176;15346176;8;0.0530679933665008;FALSE
iGUIDE-seq;TRAC;13_25112558_25112558;13;771;25112558;25112558;11;0.0729684908789386;FALSE
iGUIDE-seq;TRAC;14_22547664_22547664;14;792;22547664;22547664;14895;98.8059701492537;TRUE
iGUIDE-seq;TRAC;14_26950893_26950893;14;793;26950893;26950893;2;0.0132669983416252;FALSE
iGUIDE-seq;TRAC;15_63770903_63770903;15;846;63770903;63770903;2;0.0132669983416252;FALSE
iGUIDE-seq;TRAC;15_74512210_74512210;15;854;74512210;74512210;1;0.0066334991708126;FALSE
iGUIDE-seq;TRAC;17_51569353_51569353;17;945;51569353;51569353;1;0.0066334991708126;FALSE
iGUIDE-seq;TRAC;17_73128504_73128504;17;958;73128504;73128504;11;0.0729684908789386;FALSE
iGUIDE-seq;TRAC;2_16865328_16865328;2;117;16865328;16865328;6;0.0398009950248756;FALSE
iGUIDE-seq;TRAC;2_24015942_24015942;2;120;24015942;24015942;1;0.0066334991708126;FALSE
iGUIDE-seq;TRAC;2_140593908_140593908;2;164;140593908;140593908;7;0.0464344941956882;FALSE
iGUIDE-seq;TRAC;2_222375422_222375422;2;186;222375422;222375422;1;0.0066334991708126;FALSE
iGUIDE-seq;TRAC;3_23143974_23143974;3;209;23143974;23143974;3;0.0199004975124378;FALSE
iGUIDE-seq;TRAC;3_80931902_80931902;3;229;80931902;80931902;8;0.0530679933665008;FALSE
iGUIDE-seq;TRAC;3_119431279_119431279;3;247;119431279;119431279;17;0.112769485903814;FALSE
iGUIDE-seq;TRAC;3_165963016_165963016;3;263;165963016;165963016;1;0.0066334991708126;FALSE
iGUIDE-seq;TRAC;4_96928625_96928625;4;306;96928625;96928625;7;0.0464344941956882;FALSE
iGUIDE-seq;TRAC;4_109162751_109162751;4;311;109162751;109162751;5;0.033167495854063;FALSE
iGUIDE-seq;TRAC;4_110486369_110486369;4;312;110486369;110486369;2;0.0132669983416252;FALSE
iGUIDE-seq;TRAC;5_84203301_84203301;5;347;84203301;84203301;8;0.0530679933665008;FALSE
iGUIDE-seq;TRAC;6_5744127_5744127;6;379;5744127;5744127;9;0.0597014925373134;FALSE
iGUIDE-seq;TRAC;6_131870338_131870338;6;421;131870338;131870338;12;0.0796019900497512;FALSE
iGUIDE-seq;TRAC;6_165227578_165227578;6;435;165227578;165227578;1;0.0066334991708126;FALSE
iGUIDE-seq;TRAC;7_114162835_114162835;7;478;114162835;114162835;3;0.0199004975124378;FALSE
iGUIDE-seq;TRAC;7_136092081_136092081;7;486;136092081;136092081;9;0.0597014925373134;FALSE
iGUIDE-seq;TRAC;X_12631727_12631727;X;1127;12631727;12631727;4;0.0265339966832504;FALSE
iGUIDE-seq;TRAC;X_137243059_137243059;X;1152;137243059;137243059;5;0.033167495854063;FALSE
iGUIDE-seq;TRAC;X_155310183_155310183;X;1158;155310183;155310183;1;0.0066334991708126;FALSE
iGUIDE-seq;VEGFAs2;1_920956_920956;1;2;920956;920956;140;0.231370539919681;FALSE
iGUIDE-seq;VEGFAs2;1_939957_939957;1;3;939957;939957;273;0.451172552843379;FALSE
iGUIDE-seq;VEGFAs2;1_1358892_1358892;1;5;1358892;1358892;16;0.0264423474193922;FALSE
iGUIDE-seq;VEGFAs2;1_5417092_5417092;1;6;5417092;5417092;66;0.109074683104993;FALSE
iGUIDE-seq;VEGFAs2;1_7507848_7507848;1;8;7507848;7507848;2;0.00330529342742402;FALSE
iGUIDE-seq;VEGFAs2;1_9689824_9689824;1;9;9689824;9689824;4;0.00661058685484804;FALSE
iGUIDE-seq;VEGFAs2;1_9824832_9824832;1;10;9824832;9824832;1;0.00165264671371201;FALSE
iGUIDE-seq;VEGFAs2;1_11654488_11654488;1;11;11654488;11654488;12;0.0198317605645441;FALSE
iGUIDE-seq;VEGFAs2;1_17053395_17053395;1;12;17053395;17053395;85;0.140474970665521;FALSE
iGUIDE-seq;VEGFAs2;1_23435758_23435758;1;16;23435758;23435758;4;0.00661058685484804;FALSE
iGUIDE-seq;VEGFAs2;1_24848371_24848371;1;18;24848371;24848371;12;0.0198317605645441;FALSE
iGUIDE-seq;VEGFAs2;1_26696336_26696336;1;19;26696336;26696336;3;0.00495794014113603;FALSE
iGUIDE-seq;VEGFAs2;1_27435628_27435628;1;20;27435628;27435628;6;0.00991588028227206;FALSE
iGUIDE-seq;VEGFAs2;1_30931469_30931469;1;22;30931469;30931469;2;0.00330529342742402;FALSE
iGUIDE-seq;VEGFAs2;1_31801616_31801616;1;24;31801616;31801616;10;0.0165264671371201;FALSE
iGUIDE-seq;VEGFAs2;1_32099319_32099319;1;25;32099319;32099319;2;0.00330529342742402;FALSE
iGUIDE-seq;VEGFAs2;1_35718682_35718682;1;27;35718682;35718682;6;0.00991588028227206;FALSE
iGUIDE-seq;VEGFAs2;1_39766868_39766868;1;29;39766868;39766868;3;0.00495794014113603;FALSE
iGUIDE-seq;VEGFAs2;1_43550364_43550364;1;32;43550364;43550364;3;0.00495794014113603;FALSE
iGUIDE-seq;VEGFAs2;1_50976520_50976520;1;37;50976520;50976520;355;0.586689583367763;FALSE
iGUIDE-seq;VEGFAs2;1_51752247_51752247;1;38;51752247;51752247;5;0.00826323356856005;FALSE
iGUIDE-seq;VEGFAs2;1_51791192_51791192;1;39;51791192;51791192;3;0.00495794014113603;FALSE
iGUIDE-seq;VEGFAs2;1_53529764_53529764;1;42;53529764;53529764;2;0.00330529342742402;FALSE
iGUIDE-seq;VEGFAs2;1_54788372_54788372;1;44;54788372;54788372;2;0.00330529342742402;FALSE
iGUIDE-seq;VEGFAs2;1_64842459_64842459;1;45;64842459;64842459;2;0.00330529342742402;FALSE
iGUIDE-seq;VEGFAs2;1_77779751_77779751;1;47;77779751;77779751;105;0.173527904939761;FALSE
iGUIDE-seq;VEGFAs2;1_88891955_88891955;1;49;88891955;88891955;11;0.0181791138508321;FALSE
iGUIDE-seq;VEGFAs2;1_101107632_101107632;1;50;101107632;101107632;3;0.00495794014113603;FALSE
iGUIDE-seq;VEGFAs2;1_111317980_111317980;1;54;111317980;111317980;3;0.00495794014113603;FALSE
iGUIDE-seq;VEGFAs2;1_111960626_111960626;1;55;111960626;111960626;3;0.00495794014113603;FALSE
iGUIDE-seq;VEGFAs2;1_112165658_112165658;1;56;112165658;112165658;1;0.00165264671371201;FALSE
iGUIDE-seq;VEGFAs2;1_112691725_112691725;1;57;112691725;112691725;3;0.00495794014113603;FALSE
iGUIDE-seq;VEGFAs2;1_117760728_117760728;1;59;117760728;117760728;6;0.00991588028227206;FALSE
iGUIDE-seq;VEGFAs2;1_121395991_121395991;1;63;121395991;121395991;11;0.0181791138508321;FALSE
iGUIDE-seq;VEGFAs2;1_125086786_125086786;1;64;125086786;125086786;1;0.00165264671371201;FALSE
iGUIDE-seq;VEGFAs2;1_151059409_151059409;1;69;151059409;151059409;1782;2.9450164438348;FALSE
iGUIDE-seq;VEGFAs2;1_154580180_154580180;1;73;154580180;154580180;27;0.0446214612702243;FALSE
iGUIDE-seq;VEGFAs2;1_155687893_155687893;1;75;155687893;155687893;1;0.00165264671371201;FALSE
iGUIDE-seq;VEGFAs2;1_161728220_161728220;1;76;161728220;161728220;1;0.00165264671371201;FALSE
iGUIDE-seq;VEGFAs2;1_168848554_168848554;1;78;168848554;168848554;6;0.00991588028227206;FALSE
iGUIDE-seq;VEGFAs2;1_178769592_178769592;1;81;178769592;178769592;36;0.0594952816936324;FALSE
iGUIDE-seq;VEGFAs2;1_179095056_179095056;1;82;179095056;179095056;11;0.0181791138508321;FALSE
iGUIDE-seq;VEGFAs2;1_185318647_185318647;1;85;185318647;185318647;1;0.00165264671371201;FALSE
iGUIDE-seq;VEGFAs2;1_188269945_188269945;1;86;188269945;188269945;7;0.0115685269959841;FALSE
iGUIDE-seq;VEGFAs2;1_221709327_221709327;1;96;221709327;221709327;3;0.00495794014113603;FALSE
iGUIDE-seq;VEGFAs2;1_225883782_225883782;1;97;225883782;225883782;4;0.00661058685484804;FALSE
iGUIDE-seq;VEGFAs2;1_226737884_226737884;1;98;226737884;226737884;3;0.00495794014113603;FALSE
iGUIDE-seq;VEGFAs2;1_227561514_227561514;1;100;227561514;227561514;6;0.00991588028227206;FALSE
iGUIDE-seq;VEGFAs2;1_237032381_237032381;1;101;237032381;237032381;1;0.00165264671371201;FALSE
iGUIDE-seq;VEGFAs2;1_244645511_244645511;1;102;244645511;244645511;4;0.00661058685484804;FALSE
iGUIDE-seq;VEGFAs2;1_245797525_245797525;1;104;245797525;245797525;3;0.00495794014113603;FALSE
iGUIDE-seq;VEGFAs2;10_794626_794626;10;605;794626;794626;16;0.0264423474193922;FALSE
iGUIDE-seq;VEGFAs2;10_29769266_29769266;10;610;29769266;29769266;1;0.00165264671371201;FALSE
iGUIDE-seq;VEGFAs2;10_42782597_42782597;10;614;42782597;42782597;6;0.00991588028227206;FALSE
iGUIDE-seq;VEGFAs2;10_44064636_44064636;10;615;44064636;44064636;8;0.0132211737096961;FALSE
iGUIDE-seq;VEGFAs2;10_70778461_70778461;10;618;70778461;70778461;630;1.04116742963857;FALSE
iGUIDE-seq;VEGFAs2;10_77722015_77722015;10;621;77722015;77722015;4;0.00661058685484804;FALSE
iGUIDE-seq;VEGFAs2;10_101061760_101061760;10;628;101061760;101061760;22;0.0363582277016642;FALSE
iGUIDE-seq;VEGFAs2;10_110521763_110521763;10;631;110521763;110521763;1;0.00165264671371201;FALSE
iGUIDE-seq;VEGFAs2;10_114534497_114534497;10;633;114534497;114534497;319;0.527194301674131;FALSE
iGUIDE-seq;VEGFAs2;10_123168100_123168100;10;636;123168100;123168100;7;0.0115685269959841;FALSE
iGUIDE-seq;VEGFAs2;10_129470830_129470830;10;639;129470830;129470830;1;0.00165264671371201;FALSE
iGUIDE-seq;VEGFAs2;10_133336443_133336443;10;645;133336443;133336443;926;1.53035085689732;FALSE
iGUIDE-seq;VEGFAs2;11_374667_374667;11;646;374667;374667;2145;3.54492720091226;FALSE
iGUIDE-seq;VEGFAs2;11_393512_393512;11;647;393512;393512;2;0.00330529342742402;FALSE
iGUIDE-seq;VEGFAs2;11_790854_790854;11;648;790854;790854;1;0.00165264671371201;FALSE
iGUIDE-seq;VEGFAs2;11_863203_863203;11;649;863203;863203;2;0.00330529342742402;FALSE
iGUIDE-seq;VEGFAs2;11_2395350_2395350;11;652;2395350;2395350;43;0.0710638086896164;FALSE
iGUIDE-seq;VEGFAs2;11_2665019_2665019;11;653;2665019;2665019;271;0.447867259415955;FALSE
iGUIDE-seq;VEGFAs2;11_7077947_7077947;11;654;7077947;7077947;1;0.00165264671371201;FALSE
iGUIDE-seq;VEGFAs2;11_12287387_12287387;11;657;12287387;12287387;40;0.0661058685484804;FALSE
iGUIDE-seq;VEGFAs2;11_13926823_13926823;11;659;13926823;13926823;150;0.247897007056801;FALSE
iGUIDE-seq;VEGFAs2;11_17476040_17476040;11;660;17476040;17476040;5;0.00826323356856005;FALSE
iGUIDE-seq;VEGFAs2;11_17641109_17641109;11;661;17641109;17641109;1;0.00165264671371201;FALSE
iGUIDE-seq;VEGFAs2;11_31795935_31795935;11;667;31795935;31795935;1773;2.93014262341139;FALSE
iGUIDE-seq;VEGFAs2;11_32042842_32042842;11;668;32042842;32042842;7;0.0115685269959841;FALSE
iGUIDE-seq;VEGFAs2;11_32073153_32073153;11;669;32073153;32073153;1;0.00165264671371201;FALSE
iGUIDE-seq;VEGFAs2;11_32162939_32162939;11;670;32162939;32162939;55;0.0908955692541605;FALSE
iGUIDE-seq;VEGFAs2;11_39990031_39990031;11;671;39990031;39990031;3;0.00495794014113603;FALSE
iGUIDE-seq;VEGFAs2;11_45774505_45774505;11;675;45774505;45774505;15;0.0247897007056801;FALSE
iGUIDE-seq;VEGFAs2;11_46120304_46120304;11;676;46120304;46120304;12;0.0198317605645441;FALSE
iGUIDE-seq;VEGFAs2;11_48239437_48239437;11;678;48239437;48239437;1;0.00165264671371201;FALSE
iGUIDE-seq;VEGFAs2;11_61429428_61429428;11;681;61429428;61429428;1;0.00165264671371201;FALSE
iGUIDE-seq;VEGFAs2;11_61553967_61553967;11;683;61553967;61553967;15;0.0247897007056801;FALSE
iGUIDE-seq;VEGFAs2;11_62715182_62715182;11;685;62715182;62715182;1;0.00165264671371201;FALSE
iGUIDE-seq;VEGFAs2;11_63623618_63623618;11;687;63623618;63623618;127;0.209886132641425;FALSE
iGUIDE-seq;VEGFAs2;11_63951708_63951708;11;688;63951708;63951708;27;0.0446214612702243;FALSE
iGUIDE-seq;VEGFAs2;11_64029060_64029060;11;690;64029060;64029060;2;0.00330529342742402;FALSE
iGUIDE-seq;VEGFAs2;11_64184247_64184247;11;691;64184247;64184247;1;0.00165264671371201;FALSE
iGUIDE-seq;VEGFAs2;11_64836708_64836711;11;692;64836708;64836711;13;0.0214844072782561;FALSE
iGUIDE-seq;VEGFAs2;11_65639568_65639568;11;694;65639568;65639568;22;0.0363582277016642;FALSE
iGUIDE-seq;VEGFAs2;11_65712298_65712298;11;695;65712298;65712298;79;0.130559090383249;FALSE
iGUIDE-seq;VEGFAs2;11_66325940_66325940;11;696;66325940;66325940;7;0.0115685269959841;FALSE
iGUIDE-seq;VEGFAs2;11_67584052_67584052;11;697;67584052;67584052;20;0.0330529342742402;FALSE
iGUIDE-seq;VEGFAs2;11_68104321_68104321;11;698;68104321;68104321;19;0.0314002875605282;FALSE
iGUIDE-seq;VEGFAs2;11_71197286_71197286;11;702;71197286;71197286;1;0.00165264671371201;FALSE
iGUIDE-seq;VEGFAs2;11_72237760_72237760;11;705;72237760;72237760;1945;3.21439785816986;FALSE
iGUIDE-seq;VEGFAs2;11_72696714_72696714;11;706;72696714;72696714;2;0.00330529342742402;FALSE
iGUIDE-seq;VEGFAs2;11_72750159_72750159;11;707;72750159;72750159;19;0.0314002875605282;FALSE
iGUIDE-seq;VEGFAs2;11_73747452_73747452;11;708;73747452;73747452;27;0.0446214612702243;FALSE
iGUIDE-seq;VEGFAs2;11_76784745_76784745;11;711;76784745;76784745;32;0.0528846948387843;FALSE
iGUIDE-seq;VEGFAs2;11_83722557_83722557;11;713;83722557;83722557;178;0.294171115040738;FALSE
iGUIDE-seq;VEGFAs2;11_106397398_106397398;11;716;106397398;106397398;7;0.0115685269959841;FALSE
iGUIDE-seq;VEGFAs2;11_128819272_128819272;11;723;128819272;128819272;3;0.00495794014113603;FALSE
iGUIDE-seq;VEGFAs2;11_133907562_133907562;11;726;133907562;133907562;71;0.117337916673553;FALSE
iGUIDE-seq;VEGFAs2;11_134490023_134490023;11;727;134490023;134490023;15;0.0247897007056801;FALSE
iGUIDE-seq;VEGFAs2;11_134549264_134549264;11;728;134549264;134549264;8;0.0132211737096961;FALSE
iGUIDE-seq;VEGFAs2;12_2794597_2794597;12;729;2794597;2794597;2;0.00330529342742402;FALSE
iGUIDE-seq;VEGFAs2;12_25872162_25872162;12;736;25872162;25872162;239;0.39498256457717;FALSE
iGUIDE-seq;VEGFAs2;12_31659415_31659415;12;737;31659415;31659415;167;0.275992001189906;FALSE
iGUIDE-seq;VEGFAs2;12_49132350_49132350;12;739;49132350;49132350;5;0.00826323356856005;FALSE
iGUIDE-seq;VEGFAs2;12_56239753_56239753;12;742;56239753;56239753;1;0.00165264671371201;FALSE
iGUIDE-seq;VEGFAs2;12_57087446_57087446;12;745;57087446;57087446;6;0.00991588028227206;FALSE
iGUIDE-seq;VEGFAs2;12_57210549_57210549;12;746;57210549;57210549;23;0.0380108744153762;FALSE
iGUIDE-seq;VEGFAs2;12_64598902_64598902;12;748;64598902;64598902;6;0.00991588028227206;FALSE
iGUIDE-seq;VEGFAs2;12_74072003_74072003;12;752;74072003;74072003;3;0.00495794014113603;FALSE
iGUIDE-seq;VEGFAs2;12_76084037_76084037;12;753;76084037;76084037;7;0.0115685269959841;FALSE
iGUIDE-seq;VEGFAs2;12_86287520_86287520;12;754;86287520;86287520;5;0.00826323356856005;FALSE
iGUIDE-seq;VEGFAs2;12_101210010_101210010;12;757;101210010;101210010;17;0.0280949941331042;FALSE
iGUIDE-seq;VEGFAs2;12_105659930_105659930;12;759;105659930;105659930;8;0.0132211737096961;FALSE
iGUIDE-seq;VEGFAs2;12_108106031_108106031;12;760;108106031;108106031;3;0.00495794014113603;FALSE
iGUIDE-seq;VEGFAs2;12_113389301_113389301;12;761;113389301;113389301;2;0.00330529342742402;FALSE
iGUIDE-seq;VEGFAs2;12_123409125_123409125;12;765;123409125;123409125;28;0.0462741079839363;FALSE
iGUIDE-seq;VEGFAs2;12_132044821_132044821;12;766;132044821;132044821;2;0.00330529342742402;FALSE
iGUIDE-seq;VEGFAs2;12_132197314_132197314;12;767;132197314;132197314;8;0.0132211737096961;FALSE
iGUIDE-seq;VEGFAs2;12_132710562_132710562;12;768;132710562;132710562;162;0.267728767621346;FALSE
iGUIDE-seq;VEGFAs2;13_18300146_18300146;13;769;18300146;18300146;1;0.00165264671371201;FALSE
iGUIDE-seq;VEGFAs2;13_83235630_83235630;13;781;83235630;83235630;2;0.00330529342742402;FALSE
iGUIDE-seq;VEGFAs2;13_99894735_99894735;13;784;99894735;99894735;5455;9.01518782329901;FALSE
iGUIDE-seq;VEGFAs2;13_106715490_106715490;13;786;106715490;106715490;50;0.0826323356856005;FALSE
iGUIDE-seq;VEGFAs2;13_109013130_109013130;13;787;109013130;109013130;1;0.00165264671371201;FALSE
iGUIDE-seq;VEGFAs2;13_114155518_114155518;13;790;114155518;114155518;1;0.00165264671371201;FALSE
iGUIDE-seq;VEGFAs2;14_65522736_65522736;14;800;65522736;65522736;1;0.00165264671371201;FALSE
iGUIDE-seq;VEGFAs2;14_69014319_69014319;14;804;69014319;69014319;3;0.00495794014113603;FALSE
iGUIDE-seq;VEGFAs2;14_69981956_69981956;14;805;69981956;69981956;15;0.0247897007056801;FALSE
iGUIDE-seq;VEGFAs2;14_72983362_72983362;14;807;72983362;72983362;1;0.00165264671371201;FALSE
iGUIDE-seq;VEGFAs2;14_74632019_74632019;14;810;74632019;74632019;69;0.114032623246129;FALSE
iGUIDE-seq;VEGFAs2;14_75162026_75162026;14;811;75162026;75162026;9;0.0148738204234081;FALSE
iGUIDE-seq;VEGFAs2;14_79362313_79362313;14;812;79362313;79362313;6;0.00991588028227206;FALSE
iGUIDE-seq;VEGFAs2;14_89936977_89936977;14;814;89936977;89936977;40;0.0661058685484804;FALSE
iGUIDE-seq;VEGFAs2;14_100569862_100569862;14;819;100569862;100569862;1;0.00165264671371201;FALSE
iGUIDE-seq;VEGFAs2;14_104134871_104134871;14;820;104134871;104134871;4;0.00661058685484804;FALSE
iGUIDE-seq;VEGFAs2;15_31648660_31648660;15;824;31648660;31648660;4;0.00661058685484804;FALSE
iGUIDE-seq;VEGFAs2;15_32993906_32993906;15;825;32993906;32993906;468;0.773438662017221;FALSE
iGUIDE-seq;VEGFAs2;15_35866870_35866870;15;827;35866870;35866870;1;0.00165264671371201;FALSE
iGUIDE-seq;VEGFAs2;15_64460715_64460715;15;847;64460715;64460715;2;0.00330529342742402;FALSE
iGUIDE-seq;VEGFAs2;15_71241753_71241753;15;849;71241753;71241753;10;0.0165264671371201;FALSE
iGUIDE-seq;VEGFAs2;15_73598573_73598573;15;851;73598573;73598573;6;0.00991588028227206;FALSE
iGUIDE-seq;VEGFAs2;15_73633988_73633988;15;852;73633988;73633988;1;0.00165264671371201;FALSE
iGUIDE-seq;VEGFAs2;15_74690792_74690792;15;855;74690792;74690792;5;0.00826323356856005;FALSE
iGUIDE-seq;VEGFAs2;15_75450874_75450874;15;856;75450874;75450874;5;0.00826323356856005;FALSE
iGUIDE-seq;VEGFAs2;15_78565383_78565383;15;857;78565383;78565383;3;0.00495794014113603;FALSE
iGUIDE-seq;VEGFAs2;15_85795081_85795081;15;860;85795081;85795081;1;0.00165264671371201;FALSE
iGUIDE-seq;VEGFAs2;15_99136233_99136233;15;863;99136233;99136233;2;0.00330529342742402;FALSE
iGUIDE-seq;VEGFAs2;16_894965_894965;16;864;894965;894965;14;0.0231370539919681;FALSE
iGUIDE-seq;VEGFAs2;16_1370595_1370595;16;866;1370595;1370595;41;0.0677585152621924;FALSE
iGUIDE-seq;VEGFAs2;16_2181153_2181153;16;868;2181153;2181153;1;0.00165264671371201;FALSE
iGUIDE-seq;VEGFAs2;16_5017178_5017178;16;870;5017178;5017178;1;0.00165264671371201;FALSE
iGUIDE-seq;VEGFAs2;16_8871232_8871232;16;872;8871232;8871232;16;0.0264423474193922;FALSE
iGUIDE-seq;VEGFAs2;16_13398600_13398600;16;875;13398600;13398600;24;0.0396635211290882;FALSE
iGUIDE-seq;VEGFAs2;16_23505694_23505694;16;879;23505694;23505694;19;0.0314002875605282;FALSE
iGUIDE-seq;VEGFAs2;16_24738468_24738468;16;880;24738468;24738468;1;0.00165264671371201;FALSE
iGUIDE-seq;VEGFAs2;16_28874103_28874103;16;881;28874103;28874103;2;0.00330529342742402;FALSE
iGUIDE-seq;VEGFAs2;16_28920855_28920855;16;882;28920855;28920855;6;0.00991588028227206;FALSE
iGUIDE-seq;VEGFAs2;16_29137105_29137105;16;883;29137105;29137105;13;0.0214844072782561;FALSE
iGUIDE-seq;VEGFAs2;16_56929517_56929517;16;885;56929517;56929517;156;0.257812887339074;FALSE
iGUIDE-seq;VEGFAs2;16_57940334_57940334;16;886;57940334;57940334;13;0.0214844072782561;FALSE
iGUIDE-seq;VEGFAs2;16_67255544_67255544;16;888;67255544;67255544;9;0.0148738204234081;FALSE
iGUIDE-seq;VEGFAs2;16_69132808_69132808;16;889;69132808;69132808;193;0.318960815746418;FALSE
iGUIDE-seq;VEGFAs2;16_70742412_70742412;16;890;70742412;70742412;1;0.00165264671371201;FALSE
iGUIDE-seq;VEGFAs2;16_75095870_75095870;16;892;75095870;75095870;9;0.0148738204234081;FALSE
iGUIDE-seq;VEGFAs2;16_82700976_82700976;16;895;82700976;82700976;265;0.437951379133683;FALSE
iGUIDE-seq;VEGFAs2;16_85304600_85304600;16;897;85304600;85304600;2;0.00330529342742402;FALSE
iGUIDE-seq;VEGFAs2;16_88097473_88097473;16;898;88097473;88097473;1;0.00165264671371201;FALSE
iGUIDE-seq;VEGFAs2;16_88914973_88914973;16;899;88914973;88914973;10;0.0165264671371201;FALSE
iGUIDE-seq;VEGFAs2;17_2383217_2383217;17;901;2383217;2383217;1;0.00165264671371201;FALSE
iGUIDE-seq;VEGFAs2;17_2778181_2778181;17;902;2778181;2778181;4;0.00661058685484804;FALSE
iGUIDE-seq;VEGFAs2;17_4455457_4455457;17;904;4455457;4455457;809;1.33699119139302;FALSE
iGUIDE-seq;VEGFAs2;17_4536506_4536506;17;905;4536506;4536506;6;0.00991588028227206;FALSE
iGUIDE-seq;VEGFAs2;17_7244161_7244161;17;907;7244161;7244161;16;0.0264423474193922;FALSE
iGUIDE-seq;VEGFAs2;17_7403797_7403797;17;908;7403797;7403797;17;0.0280949941331042;FALSE
iGUIDE-seq;VEGFAs2;17_17051538_17051538;17;915;17051538;17051538;252;0.416466971855426;FALSE
iGUIDE-seq;VEGFAs2;17_17553965_17553965;17;916;17553965;17553965;2;0.00330529342742402;FALSE
iGUIDE-seq;VEGFAs2;17_19337864_19337864;17;918;19337864;19337864;8;0.0132211737096961;FALSE
iGUIDE-seq;VEGFAs2;17_21172440_21172440;17;919;21172440;21172440;7;0.0115685269959841;FALSE
iGUIDE-seq;VEGFAs2;17_31399249_31399249;17;925;31399249;31399249;2;0.00330529342742402;FALSE
iGUIDE-seq;VEGFAs2;17_31655990_31655990;17;926;31655990;31655990;32;0.0528846948387843;FALSE
iGUIDE-seq;VEGFAs2;17_38707216_38707216;17;930;38707216;38707216;3;0.00495794014113603;FALSE
iGUIDE-seq;VEGFAs2;17_39544439_39544439;17;931;39544439;39544439;3;0.00495794014113603;FALSE
iGUIDE-seq;VEGFAs2;17_40140833_40140833;17;932;40140833;40140833;46;0.0760217488307525;FALSE
iGUIDE-seq;VEGFAs2;17_41888504_41888504;17;934;41888504;41888504;3116;5.14964715992662;FALSE
iGUIDE-seq;VEGFAs2;17_42022758_42022758;17;935;42022758;42022758;12;0.0198317605645441;FALSE
iGUIDE-seq;VEGFAs2;17_43720604_43720604;17;936;43720604;43720604;5;0.00826323356856005;FALSE
iGUIDE-seq;VEGFAs2;17_45410461_45410461;17;938;45410461;45410461;1;0.00165264671371201;FALSE
iGUIDE-seq;VEGFAs2;17_47692953_47692953;17;940;47692953;47692953;3;0.00495794014113603;FALSE
iGUIDE-seq;VEGFAs2;17_47699039_47699039;17;941;47699039;47699039;2;0.00330529342742402;FALSE
iGUIDE-seq;VEGFAs2;17_48026481_48026481;17;942;48026481;48026481;12;0.0198317605645441;FALSE
iGUIDE-seq;VEGFAs2;17_50547417_50547417;17;944;50547417;50547417;26;0.0429688145565123;FALSE
iGUIDE-seq;VEGFAs2;17_57663168_57663168;17;946;57663168;57663168;160;0.264423474193922;FALSE
iGUIDE-seq;VEGFAs2;17_60327507_60327507;17;948;60327507;60327507;73;0.120643210100977;FALSE
iGUIDE-seq;VEGFAs2;17_64089694_64089694;17;950;64089694;64089694;93;0.153696144375217;FALSE
iGUIDE-seq;VEGFAs2;17_66303065_66303065;17;951;66303065;66303065;5;0.00826323356856005;FALSE
iGUIDE-seq;VEGFAs2;17_67636874_67636874;17;954;67636874;67636874;12;0.0198317605645441;FALSE
iGUIDE-seq;VEGFAs2;17_72750426_72750426;17;956;72750426;72750426;3;0.00495794014113603;FALSE
iGUIDE-seq;VEGFAs2;17_74660538_74660538;17;959;74660538;74660538;1;0.00165264671371201;FALSE
iGUIDE-seq;VEGFAs2;17_74826814_74826814;17;960;74826814;74826814;5;0.00826323356856005;FALSE
iGUIDE-seq;VEGFAs2;17_74923273_74923273;17;961;74923273;74923273;1;0.00165264671371201;FALSE
iGUIDE-seq;VEGFAs2;17_75517674_75517674;17;962;75517674;75517674;4;0.00661058685484804;FALSE
iGUIDE-seq;VEGFAs2;17_78755624_78755624;17;964;78755624;78755624;2;0.00330529342742402;FALSE
iGUIDE-seq;VEGFAs2;17_79195669_79195669;17;965;79195669;79195669;1;0.00165264671371201;FALSE
iGUIDE-seq;VEGFAs2;17_80082501_80082501;17;966;80082501;80082501;1;0.00165264671371201;FALSE
iGUIDE-seq;VEGFAs2;17_81923277_81923277;17;969;81923277;81923277;72;0.118990563387265;FALSE
iGUIDE-seq;VEGFAs2;17_82055714_82055720;17;970;82055714;82055720;16;0.0264423474193922;FALSE
iGUIDE-seq;VEGFAs2;17_82951797_82951797;17;971;82951797;82951797;4;0.00661058685484804;FALSE
iGUIDE-seq;VEGFAs2;18_1341198_1341198;18;973;1341198;1341198;9;0.0148738204234081;FALSE
iGUIDE-seq;VEGFAs2;18_5428002_5428002;18;974;5428002;5428002;1;0.00165264671371201;FALSE
iGUIDE-seq;VEGFAs2;18_12376931_12376931;18;977;12376931;12376931;1;0.00165264671371201;FALSE
iGUIDE-seq;VEGFAs2;18_22171102_22171102;18;978;22171102;22171102;23;0.0380108744153762;FALSE
iGUIDE-seq;VEGFAs2;18_23779595_23779595;18;980;23779595;23779595;1603;2.64919268208035;FALSE
iGUIDE-seq;VEGFAs2;18_28388265_28388265;18;981;28388265;28388265;3;0.00495794014113603;FALSE
iGUIDE-seq;VEGFAs2;18_32092465_32092465;18;982;32092465;32092465;4;0.00661058685484804;FALSE
iGUIDE-seq;VEGFAs2;18_49978343_49978343;18;984;49978343;49978343;2;0.00330529342742402;FALSE
iGUIDE-seq;VEGFAs2;18_75204269_75204269;18;987;75204269;75204269;3;0.00495794014113603;FALSE
iGUIDE-seq;VEGFAs2;18_77433674_77433674;18;990;77433674;77433674;1;0.00165264671371201;FALSE
iGUIDE-seq;VEGFAs2;19_710354_710354;19;991;710354;710354;5;0.00826323356856005;FALSE
iGUIDE-seq;VEGFAs2;19_1028251_1028251;19;992;1028251;1028251;111;0.183443785222033;FALSE
iGUIDE-seq;VEGFAs2;19_1494331_1494331;19;994;1494331;1494331;31;0.0512320481250723;FALSE
iGUIDE-seq;VEGFAs2;19_1633093_1633093;19;995;1633093;1633093;9;0.0148738204234081;FALSE
iGUIDE-seq;VEGFAs2;19_1651704_1651704;19;996;1651704;1651704;1;0.00165264671371201;FALSE
iGUIDE-seq;VEGFAs2;19_1678816_1678816;19;997;1678816;1678816;3;0.00495794014113603;FALSE
iGUIDE-seq;VEGFAs2;19_3369854_3369854;19;1001;3369854;3369854;1;0.00165264671371201;FALSE
iGUIDE-seq;VEGFAs2;19_3554988_3554988;19;1002;3554988;3554988;51;0.0842849823993125;FALSE
iGUIDE-seq;VEGFAs2;19_3867850_3867850;19;1004;3867850;3867850;1;0.00165264671371201;FALSE
iGUIDE-seq;VEGFAs2;19_3961366_3961366;19;1005;3961366;3961366;1;0.00165264671371201;FALSE
iGUIDE-seq;VEGFAs2;19_5536282_5536282;19;1007;5536282;5536282;4;0.00661058685484804;FALSE
iGUIDE-seq;VEGFAs2;19_6659928_6659928;19;1009;6659928;6659928;2;0.00330529342742402;FALSE
iGUIDE-seq;VEGFAs2;19_6767902_6767902;19;1011;6767902;6767902;16;0.0264423474193922;FALSE
iGUIDE-seq;VEGFAs2;19_10053087_10053087;19;1015;10053087;10053087;4;0.00661058685484804;FALSE
iGUIDE-seq;VEGFAs2;19_11548259_11548259;19;1017;11548259;11548259;2;0.00330529342742402;FALSE
iGUIDE-seq;VEGFAs2;19_13011374_13011374;19;1018;13011374;13011374;367;0.606521343932308;FALSE
iGUIDE-seq;VEGFAs2;19_13260016_13260016;19;1019;13260016;13260016;1;0.00165264671371201;FALSE
iGUIDE-seq;VEGFAs2;19_14032163_14032163;19;1021;14032163;14032163;1391;2.29883157877341;FALSE
iGUIDE-seq;VEGFAs2;19_14384583_14384583;19;1023;14384583;14384583;4;0.00661058685484804;FALSE
iGUIDE-seq;VEGFAs2;19_14535856_14535856;19;1024;14535856;14535856;4;0.00661058685484804;FALSE
iGUIDE-seq;VEGFAs2;19_18020504_18020504;19;1028;18020504;18020504;15;0.0247897007056801;FALSE
iGUIDE-seq;VEGFAs2;19_18522673_18522673;19;1030;18522673;18522673;1034;1.70883670197822;FALSE
iGUIDE-seq;VEGFAs2;19_27850790_27850790;19;1032;27850790;27850790;12;0.0198317605645441;FALSE
iGUIDE-seq;VEGFAs2;19_32390536_32390536;19;1034;32390536;32390536;2;0.00330529342742402;FALSE
iGUIDE-seq;VEGFAs2;19_37333926_37333926;19;1035;37333926;37333926;10;0.0165264671371201;FALSE
iGUIDE-seq;VEGFAs2;19_38849499_38849499;19;1038;38849499;38849499;1;0.00165264671371201;FALSE
iGUIDE-seq;VEGFAs2;19_42302649_42302649;19;1042;42302649;42302649;260;0.429688145565123;FALSE
iGUIDE-seq;VEGFAs2;19_44821324_44821324;19;1043;44821324;44821324;1;0.00165264671371201;FALSE
iGUIDE-seq;VEGFAs2;19_45448796_45448796;19;1045;45448796;45448796;70;0.115685269959841;FALSE
iGUIDE-seq;VEGFAs2;19_48646589_48646589;19;1047;48646589;48646589;1;0.00165264671371201;FALSE
iGUIDE-seq;VEGFAs2;19_49861738_49861738;19;1048;49861738;49861738;1;0.00165264671371201;FALSE
iGUIDE-seq;VEGFAs2;19_50424366_50424366;19;1049;50424366;50424366;10;0.0165264671371201;FALSE
iGUIDE-seq;VEGFAs2;19_51412265_51412265;19;1050;51412265;51412265;29;0.0479267546976483;FALSE
iGUIDE-seq;VEGFAs2;19_53602787_53602787;19;1051;53602787;53602787;2;0.00330529342742402;FALSE
iGUIDE-seq;VEGFAs2;19_54313306_54313306;19;1053;54313306;54313306;3;0.00495794014113603;FALSE
iGUIDE-seq;VEGFAs2;19_58154707_58154708;19;1054;58154707;58154708;32;0.0528846948387843;FALSE
iGUIDE-seq;VEGFAs2;2_5692247_5692247;2;109;5692247;5692247;2;0.00330529342742402;FALSE
iGUIDE-seq;VEGFAs2;2_5733981_5733981;2;110;5733981;5733981;2;0.00330529342742402;FALSE
iGUIDE-seq;VEGFAs2;2_8088059_8088059;2;111;8088059;8088059;4;0.00661058685484804;FALSE
iGUIDE-seq;VEGFAs2;2_10224577_10224577;2;112;10224577;10224577;8;0.0132211737096961;FALSE
iGUIDE-seq;VEGFAs2;2_11559838_11559838;2;113;11559838;11559838;62;0.102464096250145;FALSE
iGUIDE-seq;VEGFAs2;2_12604649_12604649;2;115;12604649;12604649;130;0.214844072782561;FALSE
iGUIDE-seq;VEGFAs2;2_16057103_16057103;2;116;16057103;16057103;4;0.00661058685484804;FALSE
iGUIDE-seq;VEGFAs2;2_24634724_24634724;2;121;24634724;24634724;55;0.0908955692541605;FALSE
iGUIDE-seq;VEGFAs2;2_26118443_26118443;2;122;26118443;26118443;5;0.00826323356856005;FALSE
iGUIDE-seq;VEGFAs2;2_30732357_30732357;2;123;30732357;30732357;1;0.00165264671371201;FALSE
iGUIDE-seq;VEGFAs2;2_38292129_38292129;2;124;38292129;38292129;6;0.00991588028227206;FALSE
iGUIDE-seq;VEGFAs2;2_38750923_38750923;2;125;38750923;38750923;1;0.00165264671371201;FALSE
iGUIDE-seq;VEGFAs2;2_43381399_43381399;2;126;43381399;43381399;25;0.0413161678428002;FALSE
iGUIDE-seq;VEGFAs2;2_44941561_44941561;2;129;44941561;44941561;13;0.0214844072782561;FALSE
iGUIDE-seq;VEGFAs2;2_45929115_45929115;2;130;45929115;45929115;1;0.00165264671371201;FALSE
iGUIDE-seq;VEGFAs2;2_46167751_46167751;2;131;46167751;46167751;1;0.00165264671371201;FALSE
iGUIDE-seq;VEGFAs2;2_46699161_46699161;2;132;46699161;46699161;2;0.00330529342742402;FALSE
iGUIDE-seq;VEGFAs2;2_47570996_47570996;2;133;47570996;47570996;1;0.00165264671371201;FALSE
iGUIDE-seq;VEGFAs2;2_60403884_60403884;2;137;60403884;60403884;1;0.00165264671371201;FALSE
iGUIDE-seq;VEGFAs2;2_62388126_62388126;2;138;62388126;62388126;4;0.00661058685484804;FALSE
iGUIDE-seq;VEGFAs2;2_63506574_63506574;2;140;63506574;63506574;7;0.0115685269959841;FALSE
iGUIDE-seq;VEGFAs2;2_65360666_65360666;2;141;65360666;65360666;4;0.00661058685484804;FALSE
iGUIDE-seq;VEGFAs2;2_80967275_80967275;2;144;80967275;80967275;1;0.00165264671371201;FALSE
iGUIDE-seq;VEGFAs2;2_85288370_85288370;2;145;85288370;85288370;1;0.00165264671371201;FALSE
iGUIDE-seq;VEGFAs2;2_86077111_86077111;2;146;86077111;86077111;17;0.0280949941331042;FALSE
iGUIDE-seq;VEGFAs2;2_88034829_88034829;2;147;88034829;88034829;1;0.00165264671371201;FALSE
iGUIDE-seq;VEGFAs2;2_91477089_91477089;2;149;91477089;91477089;2;0.00330529342742402;FALSE
iGUIDE-seq;VEGFAs2;2_91746541_91746541;2;150;91746541;91746541;5;0.00826323356856005;FALSE
iGUIDE-seq;VEGFAs2;2_98184633_98184633;2;151;98184633;98184633;5;0.00826323356856005;FALSE
iGUIDE-seq;VEGFAs2;2_98581009_98581009;2;153;98581009;98581009;11;0.0181791138508321;FALSE
iGUIDE-seq;VEGFAs2;2_100821005_100821005;2;155;100821005;100821005;48;0.0793270422581765;FALSE
iGUIDE-seq;VEGFAs2;2_111117219_111117219;2;156;111117219;111117219;2;0.00330529342742402;FALSE
iGUIDE-seq;VEGFAs2;2_127082097_127082097;2;159;127082097;127082097;11;0.0181791138508321;FALSE
iGUIDE-seq;VEGFAs2;2_128486628_128486628;2;161;128486628;128486628;39;0.0644532218347684;FALSE
iGUIDE-seq;VEGFAs2;2_131544231_131544231;2;162;131544231;131544231;2;0.00330529342742402;FALSE
iGUIDE-seq;VEGFAs2;2_153886376_153886376;2;166;153886376;153886376;1;0.00165264671371201;FALSE
iGUIDE-seq;VEGFAs2;2_158819806_158819806;2;169;158819806;158819806;1;0.00165264671371201;FALSE
iGUIDE-seq;VEGFAs2;2_167877975_167877975;2;170;167877975;167877975;9;0.0148738204234081;FALSE
iGUIDE-seq;VEGFAs2;2_169716840_169716840;2;171;169716840;169716840;11;0.0181791138508321;FALSE
iGUIDE-seq;VEGFAs2;2_171139813_171139813;2;172;171139813;171139813;2;0.00330529342742402;FALSE
iGUIDE-seq;VEGFAs2;2_196171764_196171764;2;177;196171764;196171764;1;0.00165264671371201;FALSE
iGUIDE-seq;VEGFAs2;2_201130170_201130170;2;178;201130170;201130170;32;0.0528846948387843;FALSE
iGUIDE-seq;VEGFAs2;2_217706887_217706887;2;181;217706887;217706887;6;0.00991588028227206;FALSE
iGUIDE-seq;VEGFAs2;2_217778779_217778779;2;182;217778779;217778779;25;0.0413161678428002;FALSE
iGUIDE-seq;VEGFAs2;2_220671112_220671112;2;183;220671112;220671112;17;0.0280949941331042;FALSE
iGUIDE-seq;VEGFAs2;2_221480063_221480063;2;184;221480063;221480063;8;0.0132211737096961;FALSE
iGUIDE-seq;VEGFAs2;2_230160487_230160487;2;190;230160487;230160487;1;0.00165264671371201;FALSE
iGUIDE-seq;VEGFAs2;2_240722036_240722036;2;192;240722036;240722036;2;0.00330529342742402;FALSE
iGUIDE-seq;VEGFAs2;2_241275191_241275191;2;193;241275191;241275191;12364;20.4333239683353;FALSE
iGUIDE-seq;VEGFAs2;20_2400731_2400731;20;1057;2400731;2400731;7;0.0115685269959841;FALSE
iGUIDE-seq;VEGFAs2;20_10933313_10933313;20;1058;10933313;10933313;175;0.289213174899602;FALSE
iGUIDE-seq;VEGFAs2;20_12577768_12577768;20;1059;12577768;12577768;4;0.00661058685484804;FALSE
iGUIDE-seq;VEGFAs2;20_21002594_21002594;20;1064;21002594;21002594;4;0.00661058685484804;FALSE
iGUIDE-seq;VEGFAs2;20_25259615_25259615;20;1065;25259615;25259615;2;0.00330529342742402;FALSE
iGUIDE-seq;VEGFAs2;20_31540327_31540327;20;1066;31540327;31540327;1;0.00165264671371201;FALSE
iGUIDE-seq;VEGFAs2;20_63071512_63071512;20;1074;63071512;63071512;1;0.00165264671371201;FALSE
iGUIDE-seq;VEGFAs2;20_63944464_63944464;20;1075;63944464;63944464;46;0.0760217488307525;FALSE
iGUIDE-seq;VEGFAs2;21_31872765_31872765;21;1082;31872765;31872765;2;0.00330529342742402;FALSE
iGUIDE-seq;VEGFAs2;21_32547250_32547250;21;1084;32547250;32547250;1;0.00165264671371201;FALSE
iGUIDE-seq;VEGFAs2;21_35683531_35683531;21;1086;35683531;35683531;4;0.00661058685484804;FALSE
iGUIDE-seq;VEGFAs2;21_35739355_35739355;21;1087;35739355;35739355;1;0.00165264671371201;FALSE
iGUIDE-seq;VEGFAs2;21_45283307_45283307;21;1089;45283307;45283307;92;0.152043497661505;FALSE
iGUIDE-seq;VEGFAs2;22_17867635_17867635;22;1093;17867635;17867635;1;0.00165264671371201;FALSE
iGUIDE-seq;VEGFAs2;22_20154420_20154420;22;1094;20154420;20154420;5;0.00826323356856005;FALSE
iGUIDE-seq;VEGFAs2;22_22918034_22918034;22;1095;22918034;22918034;1;0.00165264671371201;FALSE
iGUIDE-seq;VEGFAs2;22_24427762_24427762;22;1097;24427762;24427762;7;0.0115685269959841;FALSE
iGUIDE-seq;VEGFAs2;22_25404625_25404625;22;1098;25404625;25404625;7;0.0115685269959841;FALSE
iGUIDE-seq;VEGFAs2;22_38201426_38201426;22;1104;38201426;38201426;2;0.00330529342742402;FALSE
iGUIDE-seq;VEGFAs2;22_38351980_38351980;22;1105;38351980;38351980;19;0.0314002875605282;FALSE
iGUIDE-seq;VEGFAs2;22_39706395_39706395;22;1106;39706395;39706395;1;0.00165264671371201;FALSE
iGUIDE-seq;VEGFAs2;22_42995084_42995084;22;1109;42995084;42995084;10;0.0165264671371201;FALSE
iGUIDE-seq;VEGFAs2;22_43288489_43288489;22;1111;43288489;43288489;127;0.209886132641425;FALSE
iGUIDE-seq;VEGFAs2;22_44181488_44181488;22;1112;44181488;44181488;1;0.00165264671371201;FALSE
iGUIDE-seq;VEGFAs2;22_44498448_44498448;22;1114;44498448;44498448;3;0.00495794014113603;FALSE
iGUIDE-seq;VEGFAs2;22_44739014_44739014;22;1115;44739014;44739014;16;0.0264423474193922;FALSE
iGUIDE-seq;VEGFAs2;22_46392345_46392345;22;1116;46392345;46392345;7;0.0115685269959841;FALSE
iGUIDE-seq;VEGFAs2;22_47115359_47115359;22;1118;47115359;47115359;48;0.0793270422581765;FALSE
iGUIDE-seq;VEGFAs2;22_49038541_49038541;22;1119;49038541;49038541;9;0.0148738204234081;FALSE
iGUIDE-seq;VEGFAs2;22_49608393_49608393;22;1122;49608393;49608393;4;0.00661058685484804;FALSE
iGUIDE-seq;VEGFAs2;22_50446373_50446373;22;1123;50446373;50446373;286;0.472656960121635;FALSE
iGUIDE-seq;VEGFAs2;3_3171400_3171400;3;195;3171400;3171400;14;0.0231370539919681;FALSE
iGUIDE-seq;VEGFAs2;3_8743711_8743711;3;198;8743711;8743711;1;0.00165264671371201;FALSE
iGUIDE-seq;VEGFAs2;3_9792587_9792587;3;199;9792587;9792587;1;0.00165264671371201;FALSE
iGUIDE-seq;VEGFAs2;3_13001988_13001988;3;200;13001988;13001988;14;0.0231370539919681;FALSE
iGUIDE-seq;VEGFAs2;3_13145803_13145803;3;201;13145803;13145803;8;0.0132211737096961;FALSE
iGUIDE-seq;VEGFAs2;3_14898885_14898885;3;202;14898885;14898885;11;0.0181791138508321;FALSE
iGUIDE-seq;VEGFAs2;3_15702832_15702832;3;203;15702832;15702832;9;0.0148738204234081;FALSE
iGUIDE-seq;VEGFAs2;3_17603674_17603674;3;205;17603674;17603674;8;0.0132211737096961;FALSE
iGUIDE-seq;VEGFAs2;3_17897729_17897729;3;206;17897729;17897729;2;0.00330529342742402;FALSE
iGUIDE-seq;VEGFAs2;3_23326837_23326837;3;210;23326837;23326837;5;0.00826323356856005;FALSE
iGUIDE-seq;VEGFAs2;3_23554091_23554091;3;211;23554091;23554091;23;0.0380108744153762;FALSE
iGUIDE-seq;VEGFAs2;3_31417166_31417166;3;213;31417166;31417166;34;0.0561899882662083;FALSE
iGUIDE-seq;VEGFAs2;3_36900780_36900780;3;215;36900780;36900780;10;0.0165264671371201;FALSE
iGUIDE-seq;VEGFAs2;3_45306963_45306963;3;218;45306963;45306963;3;0.00495794014113603;FALSE
iGUIDE-seq;VEGFAs2;3_47371401_47371401;3;220;47371401;47371401;3;0.00495794014113603;FALSE
iGUIDE-seq;VEGFAs2;3_48655856_48655856;3;221;48655856;48655856;3;0.00495794014113603;FALSE
iGUIDE-seq;VEGFAs2;3_49803553_49803553;3;222;49803553;49803553;3;0.00495794014113603;FALSE
iGUIDE-seq;VEGFAs2;3_49812744_49812744;3;224;49812744;49812744;23;0.0380108744153762;FALSE
iGUIDE-seq;VEGFAs2;3_65089983_65089983;3;226;65089983;65089983;1;0.00165264671371201;FALSE
iGUIDE-seq;VEGFAs2;3_95755924_95755924;3;243;95755924;95755924;2;0.00330529342742402;FALSE
iGUIDE-seq;VEGFAs2;3_115274169_115274169;3;245;115274169;115274169;1;0.00165264671371201;FALSE
iGUIDE-seq;VEGFAs2;3_120559911_120559911;3;248;120559911;120559911;3;0.00495794014113603;FALSE
iGUIDE-seq;VEGFAs2;3_128989516_128989516;3;250;128989516;128989516;2;0.00330529342742402;FALSE
iGUIDE-seq;VEGFAs2;3_138403645_138403645;3;251;138403645;138403645;2;0.00330529342742402;FALSE
iGUIDE-seq;VEGFAs2;3_138433634_138433634;3;252;138433634;138433634;12;0.0198317605645441;FALSE
iGUIDE-seq;VEGFAs2;3_140679958_140679958;3;254;140679958;140679958;192;0.317308169032706;FALSE
iGUIDE-seq;VEGFAs2;3_143004587_143004587;3;257;143004587;143004587;1;0.00165264671371201;FALSE
iGUIDE-seq;VEGFAs2;3_182431950_182431950;3;267;182431950;182431950;1;0.00165264671371201;FALSE
iGUIDE-seq;VEGFAs2;3_195762349_195762349;3;273;195762349;195762349;24;0.0396635211290882;FALSE
iGUIDE-seq;VEGFAs2;3_197353985_197353985;3;274;197353985;197353985;2;0.00330529342742402;FALSE
iGUIDE-seq;VEGFAs2;4_1171240_1171240;4;275;1171240;1171240;1;0.00165264671371201;FALSE
iGUIDE-seq;VEGFAs2;4_1494530_1494530;4;276;1494530;1494530;229;0.37845609744005;FALSE
iGUIDE-seq;VEGFAs2;4_1556770_1556770;4;277;1556770;1556770;3;0.00495794014113603;FALSE
iGUIDE-seq;VEGFAs2;4_4387558_4387558;4;279;4387558;4387558;5;0.00826323356856005;FALSE
iGUIDE-seq;VEGFAs2;4_7192053_7192053;4;280;7192053;7192053;4;0.00661058685484804;FALSE
iGUIDE-seq;VEGFAs2;4_7327819_7327819;4;281;7327819;7327819;57;0.0942008626815846;FALSE
iGUIDE-seq;VEGFAs2;4_8603247_8603247;4;283;8603247;8603247;2;0.00330529342742402;FALSE
iGUIDE-seq;VEGFAs2;4_8840191_8840191;4;284;8840191;8840191;214;0.35366639673437;FALSE
iGUIDE-seq;VEGFAs2;4_10018696_10018696;4;285;10018696;10018696;6;0.00991588028227206;FALSE
iGUIDE-seq;VEGFAs2;4_38536006_38536006;4;292;38536006;38536006;2344;3.87380389694095;FALSE
iGUIDE-seq;VEGFAs2;4_40232434_40232434;4;293;40232434;40232434;90;0.148738204234081;FALSE
iGUIDE-seq;VEGFAs2;4_48752049_48752049;4;294;48752049;48752049;6;0.00991588028227206;FALSE
iGUIDE-seq;VEGFAs2;4_53393783_53393783;4;297;53393783;53393783;1;0.00165264671371201;FALSE
iGUIDE-seq;VEGFAs2;4_102572333_102572333;4;307;102572333;102572333;5;0.00826323356856005;FALSE
iGUIDE-seq;VEGFAs2;4_106892854_106892854;4;309;106892854;106892854;4;0.00661058685484804;FALSE
iGUIDE-seq;VEGFAs2;4_108313704_108313704;4;310;108313704;108313704;1;0.00165264671371201;FALSE
iGUIDE-seq;VEGFAs2;4_110546323_110546323;4;313;110546323;110546323;1;0.00165264671371201;FALSE
iGUIDE-seq;VEGFAs2;4_142846220_142846220;4;315;142846220;142846220;37;0.0611479284073444;FALSE
iGUIDE-seq;VEGFAs2;4_147815471_147815471;4;316;147815471;147815471;10;0.0165264671371201;FALSE
iGUIDE-seq;VEGFAs2;4_148056564_148056564;4;317;148056564;148056564;38;0.0628005751210564;FALSE
iGUIDE-seq;VEGFAs2;4_153810750_153810750;4;319;153810750;153810750;19;0.0314002875605282;FALSE
iGUIDE-seq;VEGFAs2;4_159112000_159112000;4;321;159112000;159112000;19;0.0314002875605282;FALSE
iGUIDE-seq;VEGFAs2;4_168848175_168848175;4;323;168848175;168848175;1;0.00165264671371201;FALSE
iGUIDE-seq;VEGFAs2;4_170944051_170944051;4;325;170944051;170944051;1;0.00165264671371201;FALSE
iGUIDE-seq;VEGFAs2;4_184785605_184785605;4;330;184785605;184785605;3;0.00495794014113603;FALSE
iGUIDE-seq;VEGFAs2;4_185020066_185020066;4;331;185020066;185020066;2;0.00330529342742402;FALSE
iGUIDE-seq;VEGFAs2;5_6715005_6715005;5;333;6715005;6715005;3995;6.60232362127948;FALSE
iGUIDE-seq;VEGFAs2;5_36989377_36989377;5;338;36989377;36989377;3;0.00495794014113603;FALSE
iGUIDE-seq;VEGFAs2;5_38258189_38258189;5;339;38258189;38258189;1;0.00165264671371201;FALSE
iGUIDE-seq;VEGFAs2;5_53987321_53987321;5;341;53987321;53987321;1;0.00165264671371201;FALSE
iGUIDE-seq;VEGFAs2;5_60982563_60982563;5;343;60982563;60982563;1;0.00165264671371201;FALSE
iGUIDE-seq;VEGFAs2;5_123091083_123091083;5;354;123091083;123091083;16;0.0264423474193922;FALSE
iGUIDE-seq;VEGFAs2;5_123230132_123230132;5;355;123230132;123230132;4;0.00661058685484804;FALSE
iGUIDE-seq;VEGFAs2;5_133524684_133524684;5;357;133524684;133524684;24;0.0396635211290882;FALSE
iGUIDE-seq;VEGFAs2;5_134177452_134177452;5;358;134177452;134177452;7;0.0115685269959841;FALSE
iGUIDE-seq;VEGFAs2;5_134226291_134226291;5;359;134226291;134226291;4;0.00661058685484804;FALSE
iGUIDE-seq;VEGFAs2;5_135398289_135398289;5;360;135398289;135398289;2;0.00330529342742402;FALSE
iGUIDE-seq;VEGFAs2;5_139648671_139648671;5;362;139648671;139648671;8;0.0132211737096961;FALSE
iGUIDE-seq;VEGFAs2;5_147452696_147452696;5;365;147452696;147452696;9;0.0148738204234081;FALSE
iGUIDE-seq;VEGFAs2;5_156894130_156894130;5;367;156894130;156894130;122;0.201622899072865;FALSE
iGUIDE-seq;VEGFAs2;5_157867660_157867660;5;368;157867660;157867660;2;0.00330529342742402;FALSE
iGUIDE-seq;VEGFAs2;5_164829158_164829158;5;369;164829158;164829158;26;0.0429688145565123;FALSE
iGUIDE-seq;VEGFAs2;5_171451065_171451065;5;371;171451065;171451065;1;0.00165264671371201;FALSE
iGUIDE-seq;VEGFAs2;5_176361286_176361286;5;372;176361286;176361286;6;0.00991588028227206;FALSE
iGUIDE-seq;VEGFAs2;6_2737975_2737976;6;376;2737975;2737976;18;0.0297476408468162;FALSE
iGUIDE-seq;VEGFAs2;6_3641669_3641669;6;378;3641669;3641669;2;0.00330529342742402;FALSE
iGUIDE-seq;VEGFAs2;6_6725765_6725765;6;380;6725765;6725765;1;0.00165264671371201;FALSE
iGUIDE-seq;VEGFAs2;6_12236989_12236989;6;381;12236989;12236989;4;0.00661058685484804;FALSE
iGUIDE-seq;VEGFAs2;6_13814596_13814596;6;383;13814596;13814596;9;0.0148738204234081;FALSE
iGUIDE-seq;VEGFAs2;6_26470395_26470395;6;386;26470395;26470395;24;0.0396635211290882;FALSE
iGUIDE-seq;VEGFAs2;6_26570645_26570645;6;387;26570645;26570645;46;0.0760217488307525;FALSE
iGUIDE-seq;VEGFAs2;6_31495050_31495050;6;390;31495050;31495050;4;0.00661058685484804;FALSE
iGUIDE-seq;VEGFAs2;6_33643350_33643350;6;391;33643350;33643350;3;0.00495794014113603;FALSE
iGUIDE-seq;VEGFAs2;6_36886049_36886049;6;392;36886049;36886049;88;0.145432910806657;FALSE
iGUIDE-seq;VEGFAs2;6_41575711_41575711;6;394;41575711;41575711;18;0.0297476408468162;FALSE
iGUIDE-seq;VEGFAs2;6_43369598_43369598;6;396;43369598;43369598;6;0.00991588028227206;FALSE
iGUIDE-seq;VEGFAs2;6_43770825_43770825;6;401;43770825;43770825;1212;2.00300781701896;TRUE
iGUIDE-seq;VEGFAs2;6_44001526_44001526;6;402;44001526;44001526;10;0.0165264671371201;FALSE
iGUIDE-seq;VEGFAs2;6_44082938_44082938;6;403;44082938;44082938;2;0.00330529342742402;FALSE
iGUIDE-seq;VEGFAs2;6_79702775_79702775;6;408;79702775;79702775;2;0.00330529342742402;FALSE
iGUIDE-seq;VEGFAs2;6_90405342_90405342;6;410;90405342;90405342;2;0.00330529342742402;FALSE
iGUIDE-seq;VEGFAs2;6_110199831_110199831;6;415;110199831;110199831;5;0.00826323356856005;FALSE
iGUIDE-seq;VEGFAs2;6_144248348_144248348;6;425;144248348;144248348;5;0.00826323356856005;FALSE
iGUIDE-seq;VEGFAs2;6_145030981_145030981;6;426;145030981;145030981;10;0.0165264671371201;FALSE
iGUIDE-seq;VEGFAs2;6_149450532_149450532;6;428;149450532;149450532;9;0.0148738204234081;FALSE
iGUIDE-seq;VEGFAs2;6_156251755_156251755;6;430;156251755;156251755;5;0.00826323356856005;FALSE
iGUIDE-seq;VEGFAs2;6_157945565_157945565;6;432;157945565;157945565;1;0.00165264671371201;FALSE
iGUIDE-seq;VEGFAs2;6_160131534_160131534;6;433;160131534;160131534;74;0.122295856814689;FALSE
iGUIDE-seq;VEGFAs2;6_165186648_165186648;6;434;165186648;165186648;4;0.00661058685484804;FALSE
iGUIDE-seq;VEGFAs2;7_539691_539691;7;436;539691;539691;1;0.00165264671371201;FALSE
iGUIDE-seq;VEGFAs2;7_727835_727835;7;437;727835;727835;14;0.0231370539919681;FALSE
iGUIDE-seq;VEGFAs2;7_774960_774960;7;438;774960;774960;21;0.0347055809879522;FALSE
iGUIDE-seq;VEGFAs2;7_1078343_1078343;7;439;1078343;1078343;2;0.00330529342742402;FALSE
iGUIDE-seq;VEGFAs2;7_5532646_5532646;7;443;5532646;5532646;1;0.00165264671371201;FALSE
iGUIDE-seq;VEGFAs2;7_13363162_13363162;7;445;13363162;13363162;2;0.00330529342742402;FALSE
iGUIDE-seq;VEGFAs2;7_27212808_27212808;7;449;27212808;27212808;2;0.00330529342742402;FALSE
iGUIDE-seq;VEGFAs2;7_36533159_36533159;7;450;36533159;36533159;6;0.00991588028227206;FALSE
iGUIDE-seq;VEGFAs2;7_42945809_42945809;7;453;42945809;42945809;94;0.155348791088929;FALSE
iGUIDE-seq;VEGFAs2;7_44213957_44213957;7;454;44213957;44213957;105;0.173527904939761;FALSE
iGUIDE-seq;VEGFAs2;7_45178348_45178348;7;456;45178348;45178348;20;0.0330529342742402;FALSE
iGUIDE-seq;VEGFAs2;7_46415085_46415085;7;457;46415085;46415085;3;0.00495794014113603;FALSE
iGUIDE-seq;VEGFAs2;7_50315370_50315370;7;458;50315370;50315370;4;0.00661058685484804;FALSE
iGUIDE-seq;VEGFAs2;7_50697831_50697831;7;459;50697831;50697831;4;0.00661058685484804;FALSE
iGUIDE-seq;VEGFAs2;7_54788407_54788407;7;460;54788407;54788407;2;0.00330529342742402;FALSE
iGUIDE-seq;VEGFAs2;7_66558186_66558186;7;461;66558186;66558186;15;0.0247897007056801;FALSE
iGUIDE-seq;VEGFAs2;7_74023260_74023260;7;462;74023260;74023260;2;0.00330529342742402;FALSE
iGUIDE-seq;VEGFAs2;7_76294736_76294736;7;463;76294736;76294736;2;0.00330529342742402;FALSE
iGUIDE-seq;VEGFAs2;7_77258167_77258167;7;464;77258167;77258167;6;0.00991588028227206;FALSE
iGUIDE-seq;VEGFAs2;7_92306034_92306034;7;465;92306034;92306034;1;0.00165264671371201;FALSE
iGUIDE-seq;VEGFAs2;7_95690365_95690365;7;467;95690365;95690365;36;0.0594952816936324;FALSE
iGUIDE-seq;VEGFAs2;7_99314761_99314761;7;468;99314761;99314761;6;0.00991588028227206;FALSE
iGUIDE-seq;VEGFAs2;7_99379755_99379755;7;469;99379755;99379755;5;0.00826323356856005;FALSE
iGUIDE-seq;VEGFAs2;7_100539617_100539617;7;470;100539617;100539617;1;0.00165264671371201;FALSE
iGUIDE-seq;VEGFAs2;7_100688270_100688270;7;471;100688270;100688270;27;0.0446214612702243;FALSE
iGUIDE-seq;VEGFAs2;7_101507517_101507517;7;472;101507517;101507517;14;0.0231370539919681;FALSE
iGUIDE-seq;VEGFAs2;7_101890436_101890436;7;473;101890436;101890436;1;0.00165264671371201;FALSE
iGUIDE-seq;VEGFAs2;7_105293508_105293508;7;476;105293508;105293508;268;0.442909319274819;FALSE
iGUIDE-seq;VEGFAs2;7_106285213_106285213;7;477;106285213;106285213;17;0.0280949941331042;FALSE
iGUIDE-seq;VEGFAs2;7_123534657_123534657;7;480;123534657;123534657;69;0.114032623246129;FALSE
iGUIDE-seq;VEGFAs2;7_129649318_129649318;7;482;129649318;129649318;195;0.322266109173842;FALSE
iGUIDE-seq;VEGFAs2;7_131106816_131106816;7;483;131106816;131106816;81;0.133864383810673;FALSE
iGUIDE-seq;VEGFAs2;7_139618671_139618671;7;487;139618671;139618671;4;0.00661058685484804;FALSE
iGUIDE-seq;VEGFAs2;7_143263325_143263325;7;488;143263325;143263325;31;0.0512320481250723;FALSE
iGUIDE-seq;VEGFAs2;7_151242379_151242379;7;492;151242379;151242379;4;0.00661058685484804;FALSE
iGUIDE-seq;VEGFAs2;7_155144361_155144361;7;497;155144361;155144361;7;0.0115685269959841;FALSE
iGUIDE-seq;VEGFAs2;8_9906732_9906732;8;500;9906732;9906732;8;0.0132211737096961;FALSE
iGUIDE-seq;VEGFAs2;8_17422955_17422955;8;505;17422955;17422955;2;0.00330529342742402;FALSE
iGUIDE-seq;VEGFAs2;8_18184037_18184037;8;506;18184037;18184037;222;0.366887570444066;FALSE
iGUIDE-seq;VEGFAs2;8_19083309_19083309;8;507;19083309;19083309;10;0.0165264671371201;FALSE
iGUIDE-seq;VEGFAs2;8_39342634_39342634;8;512;39342634;39342634;1;0.00165264671371201;FALSE
iGUIDE-seq;VEGFAs2;8_88580066_88580066;8;522;88580066;88580066;4;0.00661058685484804;FALSE
iGUIDE-seq;VEGFAs2;8_89819533_89819533;8;523;89819533;89819533;5;0.00826323356856005;FALSE
iGUIDE-seq;VEGFAs2;8_92381584_92381584;8;525;92381584;92381584;2;0.00330529342742402;FALSE
iGUIDE-seq;VEGFAs2;8_95763241_95763241;8;528;95763241;95763241;1;0.00165264671371201;FALSE
iGUIDE-seq;VEGFAs2;8_103500170_103500170;8;530;103500170;103500170;3;0.00495794014113603;FALSE
iGUIDE-seq;VEGFAs2;8_121355723_121355723;8;534;121355723;121355723;1;0.00165264671371201;FALSE
iGUIDE-seq;VEGFAs2;8_127111498_127111498;8;538;127111498;127111498;3;0.00495794014113603;FALSE
iGUIDE-seq;VEGFAs2;8_127739341_127739341;8;539;127739341;127739341;3;0.00495794014113603;FALSE
iGUIDE-seq;VEGFAs2;8_133463972_133463972;8;541;133463972;133463972;5;0.00826323356856005;FALSE
iGUIDE-seq;VEGFAs2;8_140597489_140597489;8;543;140597489;140597489;9;0.0148738204234081;FALSE
iGUIDE-seq;VEGFAs2;8_143080486_143080486;8;546;143080486;143080486;10;0.0165264671371201;FALSE
iGUIDE-seq;VEGFAs2;8_143740791_143740791;8;547;143740791;143740791;1109;1.83278520550662;FALSE
iGUIDE-seq;VEGFAs2;8_143932074_143932074;8;548;143932074;143932074;1;0.00165264671371201;FALSE
iGUIDE-seq;VEGFAs2;8_143934237_143934237;8;549;143934237;143934237;34;0.0561899882662083;FALSE
iGUIDE-seq;VEGFAs2;8_144310240_144310240;8;550;144310240;144310240;1;0.00165264671371201;FALSE
iGUIDE-seq;VEGFAs2;9_2666738_2666738;9;551;2666738;2666738;18;0.0297476408468162;FALSE
iGUIDE-seq;VEGFAs2;9_27338876_27338876;9;555;27338876;27338876;199;0.32887669602869;FALSE
iGUIDE-seq;VEGFAs2;9_33202626_33202626;9;556;33202626;33202626;19;0.0314002875605282;FALSE
iGUIDE-seq;VEGFAs2;9_36901385_36901385;9;558;36901385;36901385;1;0.00165264671371201;FALSE
iGUIDE-seq;VEGFAs2;9_37465367_37465367;9;559;37465367;37465367;12;0.0198317605645441;FALSE
iGUIDE-seq;VEGFAs2;9_37990378_37990378;9;562;37990378;37990378;10;0.0165264671371201;FALSE
iGUIDE-seq;VEGFAs2;9_76970743_76970743;9;566;76970743;76970743;1;0.00165264671371201;FALSE
iGUIDE-seq;VEGFAs2;9_83979525_83979525;9;567;83979525;83979525;5;0.00826323356856005;FALSE
iGUIDE-seq;VEGFAs2;9_91405893_91405893;9;572;91405893;91405893;3;0.00495794014113603;FALSE
iGUIDE-seq;VEGFAs2;9_91718587_91718587;9;573;91718587;91718587;2;0.00330529342742402;FALSE
iGUIDE-seq;VEGFAs2;9_92189406_92189406;9;574;92189406;92189406;2;0.00330529342742402;FALSE
iGUIDE-seq;VEGFAs2;9_93069215_93069215;9;575;93069215;93069215;16;0.0264423474193922;FALSE
iGUIDE-seq;VEGFAs2;9_96291676_96291676;9;577;96291676;96291676;2;0.00330529342742402;FALSE
iGUIDE-seq;VEGFAs2;9_96651010_96651010;9;578;96651010;96651010;6;0.00991588028227206;FALSE
iGUIDE-seq;VEGFAs2;9_97970303_97970303;9;579;97970303;97970303;25;0.0413161678428002;FALSE
iGUIDE-seq;VEGFAs2;9_98200555_98200555;9;580;98200555;98200555;2;0.00330529342742402;FALSE
iGUIDE-seq;VEGFAs2;9_100837367_100837367;9;581;100837367;100837367;1703;2.81445735345155;FALSE
iGUIDE-seq;VEGFAs2;9_123375902_123375902;9;584;123375902;123375902;345;0.570163116230643;FALSE
iGUIDE-seq;VEGFAs2;9_123909197_123909197;9;585;123909197;123909197;1;0.00165264671371201;FALSE
iGUIDE-seq;VEGFAs2;9_126124222_126124222;9;586;126124222;126124222;11;0.0181791138508321;FALSE
iGUIDE-seq;VEGFAs2;9_127764614_127764614;9;587;127764614;127764614;11;0.0181791138508321;FALSE
iGUIDE-seq;VEGFAs2;9_127900807_127900807;9;588;127900807;127900807;9;0.0148738204234081;FALSE
iGUIDE-seq;VEGFAs2;9_128244396_128244396;9;590;128244396;128244396;1;0.00165264671371201;FALSE
iGUIDE-seq;VEGFAs2;9_128944303_128944303;9;591;128944303;128944303;201;0.332181989456114;FALSE
iGUIDE-seq;VEGFAs2;9_129106996_129106996;9;593;129106996;129106996;20;0.0330529342742402;FALSE
iGUIDE-seq;VEGFAs2;9_131856553_131856553;9;594;131856553;131856553;5;0.00826323356856005;FALSE
iGUIDE-seq;VEGFAs2;9_133559076_133559076;9;597;133559076;133559076;5;0.00826323356856005;FALSE
iGUIDE-seq;VEGFAs2;9_133572195_133572195;9;598;133572195;133572195;6;0.00991588028227206;FALSE
iGUIDE-seq;VEGFAs2;9_136095721_136095721;9;599;136095721;136095721;6;0.00991588028227206;FALSE
iGUIDE-seq;VEGFAs2;9_136485278_136485278;9;600;136485278;136485278;16;0.0264423474193922;FALSE
iGUIDE-seq;VEGFAs2;9_137165375_137165375;9;602;137165375;137165375;1;0.00165264671371201;FALSE
iGUIDE-seq;VEGFAs2;9_137368993_137368993;9;603;137368993;137368993;8;0.0132211737096961;FALSE
iGUIDE-seq;VEGFAs2;9_137455883_137455883;9;604;137455883;137455883;6;0.00991588028227206;FALSE
iGUIDE-seq;VEGFAs2;M_8286_8286;M;1160;8286;8286;5;0.00826323356856005;FALSE
iGUIDE-seq;VEGFAs2;X_10721047_10721047;X;1126;10721047;10721047;3;0.00495794014113603;FALSE
iGUIDE-seq;VEGFAs2;X_24347345_24347345;X;1129;24347345;24347345;1;0.00165264671371201;FALSE
iGUIDE-seq;VEGFAs2;X_43544499_43544499;X;1131;43544499;43544499;4;0.00661058685484804;FALSE
iGUIDE-seq;VEGFAs2;X_65348082_65348082;X;1135;65348082;65348082;5;0.00826323356856005;FALSE
iGUIDE-seq;VEGFAs2;X_68433954_68433954;X;1136;68433954;68433954;39;0.0644532218347684;FALSE
iGUIDE-seq;VEGFAs2;X_83813086_83813086;X;1139;83813086;83813086;2;0.00330529342742402;FALSE
iGUIDE-seq;VEGFAs2;X_119731520_119731520;X;1145;119731520;119731520;269;0.444561965988531;FALSE
iGUIDE-seq;VEGFAs2;X_124593671_124593671;X;1146;124593671;124593671;6;0.00991588028227206;FALSE
iGUIDE-seq;VEGFAs2;X_129906664_129906664;X;1147;129906664;129906664;420;0.694111619759044;FALSE
iGUIDE-seq;VEGFAs2;X_132490221_132490221;X;1149;132490221;132490221;7;0.0115685269959841;FALSE
iGUIDE-seq;VEGFAs2;X_143590202_143590202;X;1153;143590202;143590202;2;0.00330529342742402;FALSE
iGUIDE-seq;VEGFAs2;X_150764055_150764055;X;1156;150764055;150764055;1494;2.46905419028574;FALSE
iGUIDE-seq;VEGFAs2;X_153571670_153571670;X;1157;153571670;153571670;81;0.133864383810673;FALSE
iGUIDE-seq;VEGFAs3;1_22266176_22266176;1;15;22266176;22266176;6;0.0201484267436784;FALSE
iGUIDE-seq;VEGFAs3;1_29732372_29732372;1;21;29732372;29732372;4;0.0134322844957856;FALSE
iGUIDE-seq;VEGFAs3;1_32273162_32273162;1;26;32273162;32273162;113;0.379462037005944;FALSE
iGUIDE-seq;VEGFAs3;1_39584496_39584496;1;28;39584496;39584496;10;0.0335807112394641;FALSE
iGUIDE-seq;VEGFAs3;1_41526715_41526715;1;30;41526715;41526715;2;0.00671614224789281;FALSE
iGUIDE-seq;VEGFAs3;1_41659971_41659971;1;31;41659971;41659971;2;0.00671614224789281;FALSE
iGUIDE-seq;VEGFAs3;1_47225222_47225222;1;33;47225222;47225222;1;0.00335807112394641;FALSE
iGUIDE-seq;VEGFAs3;1_47839366_47839366;1;35;47839366;47839366;108;0.362671681386212;FALSE
iGUIDE-seq;VEGFAs3;1_54548778_54548778;1;43;54548778;54548778;3;0.0100742133718392;FALSE
iGUIDE-seq;VEGFAs3;1_75358010_75358010;1;46;75358010;75358010;2;0.00671614224789281;FALSE
iGUIDE-seq;VEGFAs3;1_115142994_115142994;1;58;115142994;115142994;1;0.00335807112394641;FALSE
iGUIDE-seq;VEGFAs3;1_203306868_203306868;1;90;203306868;203306868;2;0.00671614224789281;FALSE
iGUIDE-seq;VEGFAs3;1_206924237_206924237;1;91;206924237;206924237;23;0.0772356358507673;FALSE
iGUIDE-seq;VEGFAs3;1_206924735_206924735;1;92;206924735;206924735;1;0.00335807112394641;FALSE
iGUIDE-seq;VEGFAs3;1_208066063_208066063;1;93;208066063;208066063;3;0.0100742133718392;FALSE
iGUIDE-seq;VEGFAs3;1_211636355_211636355;1;94;211636355;211636355;9;0.0302226401155176;FALSE
iGUIDE-seq;VEGFAs3;10_5707698_5707698;10;607;5707698;5707698;36;0.120890560462071;FALSE
iGUIDE-seq;VEGFAs3;10_36527708_36527708;10;613;36527708;36527708;1;0.00335807112394641;FALSE
iGUIDE-seq;VEGFAs3;10_71359806_71359806;10;619;71359806;71359806;5;0.016790355619732;FALSE
iGUIDE-seq;VEGFAs3;10_97000831_97000831;10;625;97000831;97000831;203;0.68168843816112;FALSE
iGUIDE-seq;VEGFAs3;10_97546894_97546894;10;627;97546894;97546894;9;0.0302226401155176;FALSE
iGUIDE-seq;VEGFAs3;10_103547715_103547715;10;629;103547715;103547715;39;0.13096477383391;FALSE
iGUIDE-seq;VEGFAs3;10_128430089_128430089;10;638;128430089;128430089;8;0.0268645689915712;FALSE
iGUIDE-seq;VEGFAs3;10_132755623_132755623;10;643;132755623;132755623;3;0.0100742133718392;FALSE
iGUIDE-seq;VEGFAs3;11_1170898_1170898;11;650;1170898;1170898;2;0.00671614224789281;FALSE
iGUIDE-seq;VEGFAs3;11_7604564_7604564;11;655;7604564;7604564;3;0.0100742133718392;FALSE
iGUIDE-seq;VEGFAs3;11_11306244_11306244;11;656;11306244;11306244;2;0.00671614224789281;FALSE
iGUIDE-seq;VEGFAs3;11_31255488_31255488;11;666;31255488;31255488;1;0.00335807112394641;FALSE
iGUIDE-seq;VEGFAs3;11_57732979_57732979;11;679;57732979;57732979;4;0.0134322844957856;FALSE
iGUIDE-seq;VEGFAs3;11_63598869_63598869;11;686;63598869;63598869;5;0.016790355619732;FALSE
iGUIDE-seq;VEGFAs3;11_69083674_69083674;11;700;69083674;69083674;193;0.648107726921656;FALSE
iGUIDE-seq;VEGFAs3;11_75436734_75436734;11;710;75436734;75436734;2;0.00671614224789281;FALSE
iGUIDE-seq;VEGFAs3;11_88476828_88476828;11;714;88476828;88476828;2;0.00671614224789281;FALSE
iGUIDE-seq;VEGFAs3;11_133327147_133327147;11;725;133327147;133327147;1;0.00335807112394641;FALSE
iGUIDE-seq;VEGFAs3;12_6827890_6827890;12;730;6827890;6827890;10;0.0335807112394641;FALSE
iGUIDE-seq;VEGFAs3;12_53006953_53006953;12;741;53006953;53006953;1;0.00335807112394641;FALSE
iGUIDE-seq;VEGFAs3;12_56449294_56449294;12;743;56449294;56449294;2;0.00671614224789281;FALSE
iGUIDE-seq;VEGFAs3;12_57476352_57476352;12;747;57476352;57476352;1;0.00335807112394641;FALSE
iGUIDE-seq;VEGFAs3;12_72300372_72300372;12;751;72300372;72300372;1;0.00335807112394641;FALSE
iGUIDE-seq;VEGFAs3;12_114315131_114315131;12;762;114315131;114315131;5;0.016790355619732;FALSE
iGUIDE-seq;VEGFAs3;13_24097186_24097186;13;770;24097186;24097186;2;0.00671614224789281;FALSE
iGUIDE-seq;VEGFAs3;13_26254781_26254781;13;773;26254781;26254781;2;0.00671614224789281;FALSE
iGUIDE-seq;VEGFAs3;13_29706702_29706702;13;774;29706702;29706702;3;0.0100742133718392;FALSE
iGUIDE-seq;VEGFAs3;13_114117524_114117524;13;789;114117524;114117524;23;0.0772356358507673;FALSE
iGUIDE-seq;VEGFAs3;14_41670235_41670235;14;795;41670235;41670235;3;0.0100742133718392;FALSE
iGUIDE-seq;VEGFAs3;14_43730158_43730158;14;796;43730158;43730158;5;0.016790355619732;FALSE
iGUIDE-seq;VEGFAs3;14_50583884_50583884;14;797;50583884;50583884;2;0.00671614224789281;FALSE
iGUIDE-seq;VEGFAs3;14_61612055_61612055;14;798;61612055;61612055;167;0.56079787769905;FALSE
iGUIDE-seq;VEGFAs3;14_65102441_65102441;14;799;65102441;65102441;4378;14.7016353806374;FALSE
iGUIDE-seq;VEGFAs3;14_73886793_73886793;14;809;73886793;73886793;422;1.41710601430538;FALSE
iGUIDE-seq;VEGFAs3;14_92571544_92571544;14;815;92571544;92571544;1;0.00335807112394641;FALSE
iGUIDE-seq;VEGFAs3;14_97976196_97976196;14;818;97976196;97976196;5;0.016790355619732;FALSE
iGUIDE-seq;VEGFAs3;14_105562694_105562694;14;821;105562694;105562694;213;0.715269149400584;FALSE
iGUIDE-seq;VEGFAs3;15_60715770_60715770;15;845;60715770;60715770;5;0.016790355619732;FALSE
iGUIDE-seq;VEGFAs3;15_70600629_70600629;15;848;70600629;70600629;3;0.0100742133718392;FALSE
iGUIDE-seq;VEGFAs3;15_73835758_73835758;15;853;73835758;73835758;6;0.0201484267436784;FALSE
iGUIDE-seq;VEGFAs3;15_83666717_83666717;15;858;83666717;83666717;1;0.00335807112394641;FALSE
iGUIDE-seq;VEGFAs3;15_98691805_98691805;15;862;98691805;98691805;6;0.0201484267436784;FALSE
iGUIDE-seq;VEGFAs3;16_7809042_7809042;16;871;7809042;7809042;1;0.00335807112394641;FALSE
iGUIDE-seq;VEGFAs3;16_12170755_12170755;16;874;12170755;12170755;2;0.00671614224789281;FALSE
iGUIDE-seq;VEGFAs3;16_74864222_74864222;16;891;74864222;74864222;47;0.157829342825481;FALSE
iGUIDE-seq;VEGFAs3;16_83999041_83999041;16;896;83999041;83999041;1;0.00335807112394641;FALSE
iGUIDE-seq;VEGFAs3;17_1275505_1275505;17;900;1275505;1275505;3;0.0100742133718392;FALSE
iGUIDE-seq;VEGFAs3;17_3796030_3796030;17;903;3796030;3796030;1;0.00335807112394641;FALSE
iGUIDE-seq;VEGFAs3;17_19238256_19238256;17;917;19238256;19238256;0;0;FALSE
iGUIDE-seq;VEGFAs3;17_34996249_34996249;17;928;34996249;34996249;5;0.016790355619732;FALSE
iGUIDE-seq;VEGFAs3;17_76050621_76050621;17;963;76050621;76050621;7;0.0235064978676248;FALSE
iGUIDE-seq;VEGFAs3;17_80281121_80281121;17;967;80281121;80281121;1;0.00335807112394641;FALSE
iGUIDE-seq;VEGFAs3;17_80281334_80281334;17;968;80281334;80281334;1;0.00335807112394641;FALSE
iGUIDE-seq;VEGFAs3;18_6130266_6130266;18;975;6130266;6130266;8;0.0268645689915712;FALSE
iGUIDE-seq;VEGFAs3;18_75574125_75574125;18;988;75574125;75574125;9;0.0302226401155176;FALSE
iGUIDE-seq;VEGFAs3;18_76391218_76391218;18;989;76391218;76391218;13;0.0436549246113033;FALSE
iGUIDE-seq;VEGFAs3;19_1716792_1716792;19;998;1716792;1716792;4;0.0134322844957856;FALSE
iGUIDE-seq;VEGFAs3;19_6109021_6109021;19;1008;6109021;6109021;43;0.144397058329695;FALSE
iGUIDE-seq;VEGFAs3;19_7197355_7197355;19;1012;7197355;7197355;3;0.0100742133718392;FALSE
iGUIDE-seq;VEGFAs3;19_7940437_7940437;19;1013;7940437;7940437;1;0.00335807112394641;FALSE
iGUIDE-seq;VEGFAs3;19_16458676_16458676;19;1025;16458676;16458676;1;0.00335807112394641;FALSE
iGUIDE-seq;VEGFAs3;19_17483424_17483424;19;1027;17483424;17483424;3;0.0100742133718392;FALSE
iGUIDE-seq;VEGFAs3;19_38649363_38649363;19;1037;38649363;38649363;2;0.00671614224789281;FALSE
iGUIDE-seq;VEGFAs3;19_40055960_40055960;19;1039;40055960;40055960;863;2.89801537996575;FALSE
iGUIDE-seq;VEGFAs3;19_40090678_40090678;19;1040;40090678;40090678;14;0.0470129957352497;FALSE
iGUIDE-seq;VEGFAs3;19_40216834_40216834;19;1041;40216834;40216834;1;0.00335807112394641;FALSE
iGUIDE-seq;VEGFAs3;19_47229235_47229235;19;1046;47229235;47229235;24;0.0805937069747137;FALSE
iGUIDE-seq;VEGFAs3;2_18514958_18514958;2;118;18514958;18514958;13;0.0436549246113033;FALSE
iGUIDE-seq;VEGFAs3;2_73089922_73089922;2;142;73089922;73089922;1;0.00335807112394641;FALSE
iGUIDE-seq;VEGFAs3;2_88696497_88696497;2;148;88696497;88696497;3;0.0100742133718392;FALSE
iGUIDE-seq;VEGFAs3;2_98692536_98692536;2;154;98692536;98692536;5;0.016790355619732;FALSE
iGUIDE-seq;VEGFAs3;2_145621526_145621526;2;165;145621526;145621526;1;0.00335807112394641;FALSE
iGUIDE-seq;VEGFAs3;2_176598698_176598698;2;173;176598698;176598698;61;0.204842338560731;FALSE
iGUIDE-seq;VEGFAs3;2_194128004_194128004;2;176;194128004;194128004;1;0.00335807112394641;FALSE
iGUIDE-seq;VEGFAs3;2_215433104_215433104;2;180;215433104;215433104;1;0.00335807112394641;FALSE
iGUIDE-seq;VEGFAs3;2_229641525_229641525;2;189;229641525;229641525;11;0.0369387823634105;FALSE
iGUIDE-seq;VEGFAs3;20_20197640_20197640;20;1062;20197640;20197640;466;1.56486114375902;FALSE
iGUIDE-seq;VEGFAs3;20_32591574_32591574;20;1067;32591574;32591574;5;0.016790355619732;FALSE
iGUIDE-seq;VEGFAs3;20_52107865_52107865;20;1070;52107865;52107865;6;0.0201484267436784;FALSE
iGUIDE-seq;VEGFAs3;21_31230148_31230148;21;1080;31230148;31230148;3;0.0100742133718392;FALSE
iGUIDE-seq;VEGFAs3;21_31616504_31616504;21;1081;31616504;31616504;2;0.00671614224789281;FALSE
iGUIDE-seq;VEGFAs3;21_34930697_34930697;21;1085;34930697;34930697;4;0.0134322844957856;FALSE
iGUIDE-seq;VEGFAs3;21_42759866_42759866;21;1088;42759866;42759866;4;0.0134322844957856;FALSE
iGUIDE-seq;VEGFAs3;22_24216719_24216719;22;1096;24216719;24216719;80;0.268645689915712;FALSE
iGUIDE-seq;VEGFAs3;22_27707954_27707954;22;1100;27707954;27707954;1;0.00335807112394641;FALSE
iGUIDE-seq;VEGFAs3;22_37266783_37266783;22;1102;37266783;37266783;3037;10.1984620034252;FALSE
iGUIDE-seq;VEGFAs3;22_43205586_43205586;22;1110;43205586;43205586;4;0.0134322844957856;FALSE
iGUIDE-seq;VEGFAs3;22_49344075_49344075;22;1120;49344075;49344075;15;0.0503710668591961;FALSE
iGUIDE-seq;VEGFAs3;3_5063255_5063255;3;197;5063255;5063255;3;0.0100742133718392;FALSE
iGUIDE-seq;VEGFAs3;3_36549902_36549902;3;214;36549902;36549902;14;0.0470129957352497;FALSE
iGUIDE-seq;VEGFAs3;3_40328393_40328393;3;217;40328393;40328393;2;0.00671614224789281;FALSE
iGUIDE-seq;VEGFAs3;3_66133241_66133241;3;227;66133241;66133241;2;0.00671614224789281;FALSE
iGUIDE-seq;VEGFAs3;3_179710989_179710989;3;266;179710989;179710989;2;0.00671614224789281;FALSE
iGUIDE-seq;VEGFAs3;3_194276095_194276095;3;271;194276095;194276095;99;0.332449041270694;FALSE
iGUIDE-seq;VEGFAs3;3_194352922_194352922;3;272;194352922;194352922;3;0.0100742133718392;FALSE
iGUIDE-seq;VEGFAs3;4_7979008_7979008;4;282;7979008;7979008;1;0.00335807112394641;FALSE
iGUIDE-seq;VEGFAs3;4_57460437_57460437;4;298;57460437;57460437;15;0.0503710668591961;FALSE
iGUIDE-seq;VEGFAs3;4_182808688_182808688;4;328;182808688;182808688;2;0.00671614224789281;FALSE
iGUIDE-seq;VEGFAs3;5_6007142_6007142;5;332;6007142;6007142;4;0.0134322844957856;FALSE
iGUIDE-seq;VEGFAs3;5_29367272_29367272;5;335;29367272;29367272;3;0.0100742133718392;FALSE
iGUIDE-seq;VEGFAs3;5_40829672_40829672;5;340;40829672;40829672;1;0.00335807112394641;FALSE
iGUIDE-seq;VEGFAs3;5_81209895_81209895;5;346;81209895;81209895;24;0.0805937069747137;FALSE
iGUIDE-seq;VEGFAs3;5_90145152_90145152;5;348;90145152;90145152;436;1.46411901004063;FALSE
iGUIDE-seq;VEGFAs3;5_116098978_116098978;5;353;116098978;116098978;4556;15.2993720406998;FALSE
iGUIDE-seq;VEGFAs3;5_131521909_131521909;5;356;131521909;131521909;7;0.0235064978676248;FALSE
iGUIDE-seq;VEGFAs3;5_147140836_147140836;5;364;147140836;147140836;3;0.0100742133718392;FALSE
iGUIDE-seq;VEGFAs3;6_39060865_39060865;6;393;39060865;39060865;2;0.00671614224789281;FALSE
iGUIDE-seq;VEGFAs3;6_43769733_43769733;6;400;43769733;43769733;13512;45.3742570267638;TRUE
iGUIDE-seq;VEGFAs3;6_144137153_144137153;6;424;144137153;144137153;13;0.0436549246113033;FALSE
iGUIDE-seq;VEGFAs3;6_156757193_156757193;6;431;156757193;156757193;20;0.0671614224789281;FALSE
iGUIDE-seq;VEGFAs3;7_8742962_8742962;7;444;8742962;8742962;1;0.00335807112394641;FALSE
iGUIDE-seq;VEGFAs3;7_17805252_17805252;7;447;17805252;17805252;1;0.00335807112394641;FALSE
iGUIDE-seq;VEGFAs3;7_41383840_41383840;7;452;41383840;41383840;6;0.0201484267436784;FALSE
iGUIDE-seq;VEGFAs3;7_132199880_132199880;7;484;132199880;132199880;3;0.0100742133718392;FALSE
iGUIDE-seq;VEGFAs3;7_152974293_152974293;7;494;152974293;152974293;2;0.00671614224789281;FALSE
iGUIDE-seq;VEGFAs3;7_153331482_153331482;7;496;153331482;153331482;4;0.0134322844957856;FALSE
iGUIDE-seq;VEGFAs3;7_159027751_159027751;7;498;159027751;159027751;2;0.00671614224789281;FALSE
iGUIDE-seq;VEGFAs3;8_11456512_11456512;8;502;11456512;11456512;1;0.00335807112394641;FALSE
iGUIDE-seq;VEGFAs3;8_11456551_11456551;8;503;11456551;11456551;2;0.00671614224789281;FALSE
iGUIDE-seq;VEGFAs3;8_23074990_23074990;8;508;23074990;23074990;3;0.0100742133718392;FALSE
iGUIDE-seq;VEGFAs3;8_48085245_48085245;8;516;48085245;48085245;49;0.164545485073374;FALSE
iGUIDE-seq;VEGFAs3;8_100671159_100671159;8;529;100671159;100671159;2;0.00671614224789281;FALSE
iGUIDE-seq;VEGFAs3;8_120811206_120811206;8;533;120811206;120811206;2;0.00671614224789281;FALSE
iGUIDE-seq;VEGFAs3;8_125430360_125430364;8;537;125430360;125430364;4;0.0134322844957856;FALSE
iGUIDE-seq;VEGFAs3;8_140027830_140027830;8;542;140027830;140027830;20;0.0671614224789281;FALSE
iGUIDE-seq;VEGFAs3;8_142809410_142809410;8;544;142809410;142809410;2;0.00671614224789281;FALSE
iGUIDE-seq;VEGFAs3;9_18733637_18733637;9;553;18733637;18733637;27;0.0906679203465529;FALSE
iGUIDE-seq;VEGFAs3;9_23824556_23824556;9;554;23824556;23824556;5;0.016790355619732;FALSE
iGUIDE-seq;VEGFAs3;9_75422962_75422962;9;565;75422962;75422962;2;0.00671614224789281;FALSE
iGUIDE-seq;VEGFAs3;9_89494305_89494305;9;570;89494305;89494305;43;0.144397058329695;FALSE
iGUIDE-seq;VEGFAs3;X_17861304_17861304;X;1128;17861304;17861304;1;0.00335807112394641;FALSE
iGUIDE-seq;VEGFAs3;X_41866965_41866965;X;1130;41866965;41866965;5;0.016790355619732;FALSE
iGUIDE-seq;VEGFAs3;X_56300873_56300873;X;1134;56300873;56300873;1;0.00335807112394641;FALSE
iGUIDE-seq;VEGFAs3;X_75369340_75369340;X;1137;75369340;75369340;1;0.00335807112394641;FALSE
iGUIDE-seq;VEGFAs3;X_79082127_79082127;X;1138;79082127;79082127;1;0.00335807112394641;FALSE
iGUIDE-seq;VEGFAs3;X_100409969_100409969;X;1141;100409969;100409969;2;0.00671614224789281;FALSE
iGUIDE-seq;VEGFAs3;X_100409995_100409995;X;1142;100409995;100409995;3;0.0100742133718392;FALSE
iGUIDE-seq;VEGFAs3;X_119606157_119606157;X;1144;119606157;119606157;2;0.00671614224789281;FALSE
