gRNA;cluster;GUIDE-seq_v1_Position;GUIDE-seq_v2_Position;GENETHOFF_Position;iGUIDE-seq_Position;GUIDE-seq_v1_counts;GUIDE-seq_v2_counts;GENETHOFF_counts;iGUIDE-seq_counts;GUIDE-seq_v1_prop;GUIDE-seq_v2_prop;GENETHOFF_prop;iGUIDE-seq_prop
B2M;89;1_200990183_200990183;NA;NA;NA;376;NA;NA;NA;0.640796223392471;NA;NA;NA
B2M;677;11_46173654_46173654;11_46173654_46173654;NA;NA;11;9;NA;NA;0.0187466980247797;0.0146806948862246;NA;NA
B2M;822;15_25559813_25559813;15_25559813_25559813;NA;NA;2;2;NA;NA;0.00340849054995995;0.00326237664138325;NA;NA
B2M;829;15_44711235_44711235;15_44711244_44711244;NA;NA;14;3;NA;NA;0.0238594338497197;0.00489356496207487;NA;NA
B2M;830;15_44711294_44711294;15_44711294_44711294;NA;NA;5;5;NA;NA;0.00852122637489987;0.00815594160345812;NA;NA
B2M;831;15_44711313_44711316;15_44711313_44711316;NA;NA;51;42;NA;NA;0.0869165090239787;0.0685099094690482;NA;NA
B2M;832;15_44711359_44711359;NA;NA;NA;52;NA;NA;NA;0.0886207542989587;NA;NA;NA
B2M;833;15_44711393_44711393;NA;NA;NA;3;NA;NA;NA;0.00511273582493993;NA;NA;NA
B2M;834;15_44711442_44711442;NA;NA;NA;7;NA;NA;NA;0.0119297169248598;NA;NA;NA
B2M;835;15_44711473_44711473;NA;NA;NA;10;NA;NA;NA;0.0170424527497997;NA;NA;NA
B2M;836;15_44711568_44711568;15_44711568_44711568;15_44711567_44711568;15_44711569_44711569;57209;60753;8336;18995;97.4981679363294;99.0995840469782;97.337692666978;99.4606765106294
B2M;837;15_44711663_44711663;15_44711662_44711662;NA;NA;2;3;NA;NA;0.00340849054995995;0.00489356496207487;NA;NA
B2M;838;15_44711701_44711701;15_44711701_44711701;NA;NA;8;7;NA;NA;0.0136339621998398;0.0114183182448414;NA;NA
B2M;839;15_44711828_44711828;NA;NA;NA;12;NA;NA;NA;0.0204509432997597;NA;NA;NA
B2M;840;15_44711890_44711890;NA;NA;NA;2;NA;NA;NA;0.00340849054995995;NA;NA;NA
B2M;841;15_44712124_44712124;15_44712124_44712124;NA;NA;19;16;NA;NA;0.0323806602246195;0.026099013131066;NA;NA
B2M;842;15_44712566_44712566;NA;NA;NA;2;NA;NA;NA;0.00340849054995995;NA;NA;NA
B2M;843;15_44713368_44713368;15_44713368_44713368;NA;NA;16;17;NA;NA;0.0272679243996796;0.0277302014517576;NA;NA
B2M;869;16_4709146_4709146;16_4709146_4709146;NA;NA;3;4;NA;NA;0.00511273582493993;0.0065247532827665;NA;NA
B2M;947;17_58330030_58330030;17_58330030_58330030;NA;NA;26;23;NA;NA;0.0443103771494794;0.0375173313759073;NA;NA
B2M;953;17_67056091_67056091;NA;NA;NA;319;NA;NA;NA;0.543654242718612;NA;NA;NA
B2M;174;2_183882734_183882734;NA;NA;NA;8;NA;NA;NA;0.0136339621998398;NA;NA;NA
B2M;187;2_223760656_223760656;NA;NA;NA;15;NA;NA;NA;0.0255636791246996;NA;NA;NA
B2M;231;3_93470365_93470365;3_93470365_93470365;NA;NA;59;56;NA;NA;0.100550471223819;0.0913465459587309;NA;NA
B2M;232;3_93470410_93470410;3_93470410_93470410;NA;NA;19;19;NA;NA;0.0323806602246195;0.0309925780931409;NA;NA
B2M;234;3_93470452_93470452;3_93470452_93470452;NA;NA;58;11;NA;NA;0.0988462259488385;0.0179430715276079;NA;NA
B2M;235;3_93470489_93470489;3_93470489_93470489;NA;NA;151;156;NA;NA;0.257341036521976;0.254465378027893;NA;NA
B2M;236;3_93470523_93470530;3_93470523_93470530;NA;NA;75;88;NA;NA;0.127818395623498;0.143544572220863;NA;NA
B2M;237;3_93470549_93470549;3_93470549_93470549;NA;NA;45;52;NA;NA;0.0766910373740989;0.0848217926759644;NA;NA
B2M;239;3_93470627_93470627;NA;NA;NA;13;NA;NA;NA;0.0221551885747397;NA;NA;NA
B2M;240;3_93470645_93470645;3_93470645_93470645;NA;NA;16;14;NA;NA;0.0272679243996796;0.0228366364896827;NA;NA
B2M;241;3_93470784_93470784;NA;NA;NA;16;NA;NA;NA;0.0272679243996796;NA;NA;NA
B2M;422;6_133681008_133681008;NA;NA;NA;34;NA;NA;NA;0.0579443393493191;NA;NA;NA
B2M;423;6_143379755_143379755;6_143379755_143379755;NA;NA;3;5;NA;NA;0.00511273582493993;0.00815594160345812;NA;NA
B2M;466;7_93119292_93119292;NA;NA;NA;2;NA;NA;NA;0.00340849054995995;NA;NA;NA
B2M;545;8_142938643_142938643;NA;NA;NA;3;NA;NA;NA;0.00511273582493993;NA;NA;NA
B2M;1186;MT_5504_5504;NA;NA;NA;11;NA;NA;NA;0.0187466980247797;NA;NA;NA
TRAC;89;1_200990183_200990183;1_200990183_200990183;NA;NA;272;269;NA;NA;1.31872394065742;1.24727593082023;NA;NA
TRAC;720;11_118921803_118921803;NA;NA;NA;3;NA;NA;NA;0.0145447493454863;NA;NA;NA
TRAC;791;14_22547320_22547320;14_22547320_22547320;NA;NA;4;6;NA;NA;0.019392999127315;0.0278202809848379;NA;NA
TRAC;792;14_22547664_22547664;14_22547664_22547664;14_22547663_22547664;14_22547664_22547664;20256;21163;4731;14895;98.2061475807234;98.1267677470209;91.2615740740741;98.8059701492537
TRAC;234;3_93470453_93470453;3_93470453_93470453;NA;NA;5;3;NA;NA;0.0242412489091438;0.013910140492419;NA;NA
TRAC;235;3_93470488_93470490;3_93470484_93470488;NA;NA;60;62;NA;NA;0.290894986909726;0.287476236843325;NA;NA
TRAC;236;3_93470508_93470513;3_93470508_93470525;NA;NA;24;26;NA;NA;0.11635799476389;0.120554550934298;NA;NA
TRAC;242;3_93470797_93470797;NA;NA;NA;2;NA;NA;NA;0.00969649956365752;NA;NA;NA
VEGFAs2;2;1_920956_920957;1_920956_920956;1_920954_920955;1_920956_920956;232;213;60;140;0.204769722325195;0.173591302505257;0.206440957886045;0.231370539919681
VEGFAs2;3;1_939957_939957;1_939957_939957;1_939956_939956;1_939957_939957;522;574;133;273;0.46073187523169;0.467800035859236;0.457610789980732;0.451172552843379
VEGFAs2;5;1_1358893_1358894;1_1358892_1358893;1_1358891_1358892;1_1358892_1358892;26;26;5;16;0.0229483309502374;0.0211895486626135;0.0172034131571704;0.0264423474193922
VEGFAs2;6;1_5417092_5417092;1_5417092_5417092;1_5417091_5417091;1_5417092_5417092;157;145;35;66;0.138572613814895;0.118172482926114;0.120423892100193;0.109074683104993
VEGFAs2;9;1_9689824_9689824;1_9689824_9689824;NA;1_9689824_9689824;3;3;NA;4;0.00264788434041201;0.00244494792260925;NA;0.00661058685484804
VEGFAs2;12;1_17053394_17053395;1_17053394_17053395;1_17053386_17053394;1_17053395_17053395;120;91;30;85;0.10591537361648;0.0741634203191472;0.103220478943022;0.140474970665521
VEGFAs2;18;1_24848370_24848371;1_24848370_24848371;1_24848370_24848370;1_24848371_24848371;10;14;4;12;0.0088262811347067;0.0114097569721765;0.0137627305257363;0.0198317605645441
VEGFAs2;19;1_26696336_26696336;1_26696336_26696336;NA;1_26696336_26696336;3;3;NA;3;0.00264788434041201;0.00244494792260925;NA;0.00495794014113603
VEGFAs2;34;1_47726228_47726229;1_47726228_47726229;1_47726228_47726228;NA;22;21;3;NA;0.0194178184963547;0.0171146354582647;0.0103220478943022;NA
VEGFAs2;37;1_50976519_50976520;1_50976519_50976519;1_50976518_50976518;1_50976520_50976520;722;751;161;355;0.637257497925824;0.612051963293182;0.553949903660886;0.586689583367763
VEGFAs2;47;1_77779750_77779751;1_77779751_77779751;1_77779749_77779750;1_77779751_77779751;246;400;92;105;0.217126515913785;0.3259930563479;0.316542802091935;0.173527904939761
VEGFAs2;49;1_88891956_88891956;1_88891955_88891955;1_88891954_88891954;1_88891955_88891955;6;15;4;11;0.00529576868082402;0.0122247396130462;0.0137627305257363;0.0181791138508321
VEGFAs2;52;1_110340774_110340774;1_110340774_110340774;1_110340771_110340773;NA;29;35;7;NA;0.0255962152906494;0.0285243924304412;0.0240847784200385;NA
VEGFAs2;68;1_151059330_151059330;NA;NA;NA;19;NA;NA;NA;0.0167699341559427;NA;NA;NA
VEGFAs2;69;1_151059410_151059410;1_151059411_151059411;1_151059408_151059408;1_151059409_151059409;3892;5276;832;1782;3.43518861762785;4.2998484132288;2.86264794935315;2.9450164438348
VEGFAs2;72;1_154433114_154433114;NA;NA;NA;7;NA;NA;NA;0.00617839679429469;NA;NA;NA
VEGFAs2;73;1_154580179_154580180;1_154580178_154580180;1_154580178_154580179;1_154580180_154580180;47;63;9;27;0.0414835213331215;0.0513439063747942;0.0309661436829067;0.0446214612702243
VEGFAs2;81;1_178769585_178769591;1_178769585_178769592;1_178769584_178769590;1_178769592_178769592;60;58;14;36;0.0529576868082402;0.0472689931704455;0.0481695568400771;0.0594952816936324
VEGFAs2;89;1_200990183_200990183;NA;NA;NA;128;NA;NA;NA;0.112976398524246;NA;NA;NA
VEGFAs2;605;10_794627_794627;10_794627_794627;10_794626_794626;10_794626_794626;30;24;10;16;0.0264788434041201;0.019559583380874;0.0344068263143408;0.0264423474193922
VEGFAs2;615;10_44064637_44064637;10_44064637_44064637;10_44064636_44064637;10_44064636_44064636;4;4;4;8;0.00353051245388268;0.003259930563479;0.0137627305257363;0.0132211737096961
VEGFAs2;618;10_70778462_70778462;10_70778461_70778462;10_70778460_70778461;10_70778461_70778461;1196;1259;288;630;1.05562322371092;1.02606314485501;0.990916597853014;1.04116742963857
VEGFAs2;628;10_101061761_101061761;10_101061761_101061762;10_101061762_101061770;10_101061760_101061760;44;40;4;22;0.0388356369927095;0.03259930563479;0.0137627305257363;0.0363582277016642
VEGFAs2;633;10_114534496_114534496;10_114534496_114534496;10_114534495_114534495;10_114534497_114534497;587;621;147;319;0.518102702607283;0.506104219980114;0.505780346820809;0.527194301674131
VEGFAs2;637;10_124143004_124143005;10_124143004_124143005;NA;NA;13;8;NA;NA;0.0114741654751187;0.006519861126958;NA;NA
VEGFAs2;645;10_133336444_133336444;10_133336444_133336444;10_133336443_133336443;10_133336443_133336443;1618;1741;363;926;1.42809228759554;1.41888477775423;1.24896779521057;1.53035085689732
VEGFAs2;651;11_1548491_1548492;11_1548491_1548492;11_1548491_1548491;NA;23;25;8;NA;0.0203004466098254;0.0203745660217437;0.0275254610514726;NA
VEGFAs2;652;11_2395349_2395350;11_2395349_2395350;11_2395348_2395349;11_2395350_2395350;64;64;12;43;0.0564881992621229;0.052158889015664;0.0412881915772089;0.0710638086896164
VEGFAs2;653;11_2665018_2665019;11_2665018_2665019;11_2665017_2665017;11_2665019_2665019;460;492;121;271;0.406008932196508;0.400971459307917;0.416322598403523;0.447867259415955
VEGFAs2;657;11_12287387_12287397;11_12287387_12287388;11_12287386_12287387;11_12287387_12287387;58;57;15;40;0.0511924305812989;0.0464540105295757;0.0516102394715111;0.0661058685484804
VEGFAs2;659;11_13926823_13926824;11_13926823_13926823;11_13926822_13926823;11_13926823_13926823;255;290;63;150;0.225070168935021;0.236344965852227;0.216763005780347;0.247897007056801
VEGFAs2;667;11_31795934_31795934;11_31795934_31795934;11_31795933_31795933;11_31795935_31795935;3412;3399;809;1773;3.01152712316193;2.77012599631628;2.78351224883017;2.93014262341139
VEGFAs2;668;11_32042849_32042849;11_32042841_32042841;11_32042836_32042836;11_32042842_32042842;3;6;3;7;0.00264788434041201;0.0048898958452185;0.0103220478943022;0.0115685269959841
VEGFAs2;670;11_32162938_32162938;11_32162938_32162939;11_32162937_32162938;11_32162939_32162939;36;47;18;55;0.0317746120849441;0.0383041841208782;0.0619322873658134;0.0908955692541605
VEGFAs2;676;11_46120303_46120305;11_46120303_46120305;11_46120302_46120302;11_46120304_46120304;13;11;3;12;0.0114741654751187;0.00896480904956725;0.0103220478943022;0.0198317605645441
VEGFAs2;683;11_61553966_61553967;11_61553967_61553967;11_61553965_61553966;11_61553967_61553967;26;36;6;15;0.0229483309502374;0.029339375071311;0.0206440957886045;0.0247897007056801
VEGFAs2;687;11_63623618_63623618;11_63623618_63623618;11_63623616_63623617;11_63623618_63623618;205;206;55;127;0.180938763261487;0.167886424019168;0.189237544728874;0.209886132641425
VEGFAs2;688;11_63951708_63951708;11_63951708_63951708;11_63951707_63951707;11_63951708_63951708;15;12;10;27;0.0132394217020601;0.00977979169043699;0.0344068263143408;0.0446214612702243
VEGFAs2;689;11_63999408_63999408;11_63999410_63999410;NA;NA;6;6;NA;NA;0.00529576868082402;0.0048898958452185;NA;NA
VEGFAs2;694;11_65639568_65639568;11_65639567_65639568;11_65639566_65639567;11_65639568_65639568;27;32;14;22;0.0238309590637081;0.026079444507832;0.0481695568400771;0.0363582277016642
VEGFAs2;695;11_65712297_65712298;11_65712298_65712298;11_65712296_65712297;11_65712298_65712298;149;176;31;79;0.13151158890713;0.143436944793076;0.106661161574456;0.130559090383249
VEGFAs2;697;11_67584047_67584047;11_67584047_67584047;11_67584051_67584051;11_67584052_67584052;12;12;4;20;0.010591537361648;0.00977979169043699;0.0137627305257363;0.0330529342742402
VEGFAs2;698;11_68104320_68104321;11_68104320_68104321;11_68104319_68104320;11_68104321_68104321;94;113;27;19;0.082967042666243;0.0920930384182817;0.0928984310487201;0.0314002875605282
VEGFAs2;703;11_72237648_72237648;NA;NA;NA;2;NA;NA;NA;0.00176525622694134;NA;NA;NA
VEGFAs2;704;11_72237686_72237686;NA;NA;NA;7;NA;NA;NA;0.00617839679429469;NA;NA;NA
VEGFAs2;705;11_72237762_72237762;11_72237762_72237762;11_72237759_72237759;11_72237760_72237760;3264;3421;845;1945;2.88089816236827;2.78805561441541;2.90737682356179;3.21439785816986
VEGFAs2;707;11_72750155_72750159;11_72750155_72750159;11_72750152_72750158;11_72750159_72750159;46;43;7;19;0.0406008932196508;0.0350442535573992;0.0240847784200385;0.0314002875605282
VEGFAs2;708;11_73747444_73747453;11_73747444_73747453;11_73747451_73747451;11_73747452_73747452;28;99;19;27;0.0247135871771788;0.0806832814461052;0.0653729699972475;0.0446214612702243
VEGFAs2;709;11_73747464_73747464;NA;NA;NA;25;NA;NA;NA;0.0220657028367668;NA;NA;NA
VEGFAs2;711;11_76784744_76784746;11_76784744_76784746;11_76784743_76784743;11_76784745_76784745;44;73;14;32;0.0388356369927095;0.0594937327834917;0.0481695568400771;0.0528846948387843
VEGFAs2;713;11_83722556_83722557;11_83722556_83722557;11_83722555_83722556;11_83722557_83722557;353;313;76;178;0.311567724055147;0.255089566592232;0.26149187998899;0.294171115040738
VEGFAs2;726;11_133907553_133907565;11_133907553_133907563;11_133907561_133907562;11_133907562_133907562;131;126;27;71;0.115624282864658;0.102687812749588;0.0928984310487201;0.117337916673553
VEGFAs2;727;11_134490024_134490024;11_134490024_134490024;11_134490023_134490023;11_134490023_134490023;16;14;5;15;0.0141220498155307;0.0114097569721765;0.0172034131571704;0.0247897007056801
VEGFAs2;736;12_25872161_25872162;12_25872161_25872162;12_25872160_25872161;12_25872162_25872162;424;457;97;239;0.374234320111564;0.372447066877475;0.333746215249105;0.39498256457717
VEGFAs2;737;12_31659415_31659416;12_31659416_31659416;12_31659415_31659415;12_31659415_31659415;310;293;72;167;0.273614715175908;0.238789913774837;0.247729149463254;0.275992001189906
VEGFAs2;746;12_57210549_57210551;12_57210549_57210551;12_57210548_57210551;12_57210549_57210549;39;37;10;23;0.0344224964253561;0.0301543577121807;0.0344068263143408;0.0380108744153762
VEGFAs2;748;12_64598907_64598907;12_64598903_64598903;12_64598902_64598902;12_64598902_64598902;3;4;2;6;0.00264788434041201;0.003259930563479;0.00688136526286815;0.00991588028227206
VEGFAs2;757;12_101210018_101210018;12_101210010_101210010;12_101210009_101210009;12_101210010_101210010;13;19;9;17;0.0114741654751187;0.0154846701765252;0.0309661436829067;0.0280949941331042
VEGFAs2;759;12_105659931_105659931;12_105659931_105659931;12_105659930_105659935;12_105659930_105659930;7;6;4;8;0.00617839679429469;0.0048898958452185;0.0137627305257363;0.0132211737096961
VEGFAs2;768;12_132710562_132710562;12_132710562_132710562;12_132710561_132710561;12_132710562_132710562;263;282;71;162;0.232131193842786;0.229825104725269;0.244288466831819;0.267728767621346
VEGFAs2;772;13_26052105_26052105;13_26052105_26052105;13_26052104_26052104;NA;1087;1227;311;NA;0.959416759342619;0.999983700347183;1.070052298376;NA
VEGFAs2;784;13_99894734_99894734;13_99894734_99894734;13_99894733_99894733;13_99894735_99894735;5796;7443;1617;5455;5.11571254567601;6.06591579599355;5.5635838150289;9.01518782329901
VEGFAs2;786;13_106715490_106715490;13_106715490_106715490;13_106715489_106715499;13_106715490_106715490;106;89;22;50;0.0935585800278911;0.0725334550374077;0.0756950178915497;0.0826323356856005
VEGFAs2;802;14_66383481_66383481;14_66383481_66383481;14_66383479_66383479;NA;2;3;2;NA;0.00176525622694134;0.00244494792260925;0.00688136526286815;NA
VEGFAs2;810;14_74632020_74632020;14_74632020_74632020;14_74632018_74632019;14_74632019_74632019;97;93;22;69;0.085614927006655;0.0757933856008867;0.0756950178915497;0.114032623246129
VEGFAs2;814;14_89936977_89936977;14_89936977_89936977;14_89936976_89936977;14_89936977_89936977;11;12;12;40;0.00970890924817737;0.00977979169043699;0.0412881915772089;0.0661058685484804
VEGFAs2;816;14_92679239_92679240;14_92679239_92679240;14_92679238_92679238;NA;39;53;13;NA;0.0344224964253561;0.0431940799660967;0.044728874208643;NA
VEGFAs2;825;15_32993905_32993906;15_32993905_32993906;15_32993904_32993905;15_32993906_32993906;943;1101;253;468;0.832318311002842;0.897295887597594;0.870492705752821;0.773438662017221
VEGFAs2;849;15_71241754_71241754;15_71241754_71241754;15_71241753_71241762;15_71241753_71241753;5;7;6;10;0.00441314056735335;0.00570487848608825;0.0206440957886045;0.0165264671371201
VEGFAs2;855;15_74690793_74690793;15_74690793_74690793;NA;15_74690792_74690792;4;3;NA;5;0.00353051245388268;0.00244494792260925;NA;0.00826323356856005
VEGFAs2;857;15_78565383_78565383;15_78565383_78565383;15_78565382_78565382;15_78565383_78565383;8;8;3;3;0.00706102490776536;0.006519861126958;0.0103220478943022;0.00495794014113603
VEGFAs2;864;16_894964_894964;16_894964_894964;16_894963_894963;16_894965_894965;20;19;4;14;0.0176525622694134;0.0154846701765252;0.0137627305257363;0.0231370539919681
VEGFAs2;866;16_1370594_1370595;16_1370594_1370595;16_1370591_1370592;16_1370595_1370595;66;66;11;41;0.0582534554890642;0.0537888542974035;0.0378475089457748;0.0677585152621924
VEGFAs2;872;16_8871232_8871232;16_8871232_8871232;16_8871228_8871231;16_8871232_8871232;33;24;5;16;0.0291267277445321;0.019559583380874;0.0172034131571704;0.0264423474193922
VEGFAs2;875;16_13398600_13398602;16_13398600_13398602;16_13398602_13398602;16_13398600_13398600;29;23;4;24;0.0255962152906494;0.0187446007400042;0.0137627305257363;0.0396635211290882
VEGFAs2;879;16_23505694_23505694;16_23505694_23505694;16_23505693_23505693;16_23505694_23505694;23;21;6;19;0.0203004466098254;0.0171146354582647;0.0206440957886045;0.0314002875605282
VEGFAs2;882;16_28920855_28920855;16_28920855_28920855;16_28920854_28920854;16_28920855_28920855;7;10;4;6;0.00617839679429469;0.00814982640869749;0.0137627305257363;0.00991588028227206
VEGFAs2;885;16_56929516_56929516;16_56929516_56929516;16_56929515_56929515;16_56929517_56929517;2707;2773;659;156;2.3892743031651;2.25994686313182;2.26740985411506;0.257812887339074
VEGFAs2;886;16_57940333_57940334;16_57940333_57940334;16_57940332_57940333;16_57940334_57940334;23;22;5;13;0.0203004466098254;0.0179296180991345;0.0172034131571704;0.0214844072782561
VEGFAs2;887;16_58697983_58697983;NA;NA;NA;17;NA;NA;NA;0.0150046779290014;NA;NA;NA
VEGFAs2;888;16_67255545_67255545;16_67255546_67255546;16_67255543_67255543;16_67255544_67255544;8;7;5;9;0.00706102490776536;0.00570487848608825;0.0172034131571704;0.0148738204234081
VEGFAs2;889;16_69132808_69132808;16_69132808_69132808;16_69132806_69132807;16_69132808_69132808;311;335;86;193;0.274497343289378;0.273019184691366;0.295898706303331;0.318960815746418
VEGFAs2;892;16_75095871_75095871;16_75095871_75095871;NA;16_75095870_75095870;6;5;NA;9;0.00529576868082402;0.00407491320434875;NA;0.0148738204234081
VEGFAs2;895;16_82700977_82700977;16_82700977_82700977;16_82700976_82700976;16_82700976_82700976;421;601;118;265;0.371586435771152;0.489804567162719;0.406000550509221;0.437951379133683
VEGFAs2;902;17_2778181_2778181;17_2778181_2778181;17_2778179_2778179;17_2778181_2778181;6;8;2;4;0.00529576868082402;0.006519861126958;0.00688136526286815;0.00661058685484804
VEGFAs2;904;17_4455456_4455457;17_4455456_4455457;17_4455455_4455456;17_4455457_4455457;1608;1629;392;809;1.41926600646084;1.32760672197682;1.34874759152216;1.33699119139302
VEGFAs2;907;17_7244162_7244162;17_7244162_7244162;17_7244161_7244161;17_7244161_7244161;21;27;4;16;0.0185351903828841;0.0220045313034832;0.0137627305257363;0.0264423474193922
VEGFAs2;908;17_7403795_7403799;17_7403795_7403799;17_7403796_7403798;17_7403797_7403797;32;40;6;17;0.0282440996310614;0.03259930563479;0.0206440957886045;0.0280949941331042
VEGFAs2;913;17_16286118_16286118;17_16286118_16286118;17_16286117_16286117;NA;432;452;137;NA;0.38129534501933;0.368372153673127;0.471373520506469;NA
VEGFAs2;915;17_17051538_17051538;17_17051538_17051538;17_17051537_17051537;17_17051538_17051538;465;468;110;252;0.410422072763862;0.381411875927043;0.378475089457748;0.416466971855426
VEGFAs2;926;17_31655990_31655990;17_31655990_31655990;17_31655989_31655989;17_31655990_31655990;32;30;10;32;0.0282440996310614;0.0244494792260925;0.0344068263143408;0.0528846948387843
VEGFAs2;931;17_39544438_39544438;17_39544449_39544449;NA;17_39544439_39544439;5;4;NA;3;0.00441314056735335;0.003259930563479;NA;0.00495794014113603
VEGFAs2;932;17_40140833_40140833;17_40140833_40140833;17_40140832_40140832;17_40140833_40140833;43;83;19;46;0.0379530088792388;0.0676435591921892;0.0653729699972475;0.0760217488307525
VEGFAs2;934;17_41888504_41888504;17_41888504_41888504;17_41888503_41888503;17_41888504_41888504;6323;6077;1542;3116;5.58085756147505;4.95264950856547;5.30553261767135;5.14964715992662
VEGFAs2;936;17_43720610_43720610;17_43720610_43720610;NA;17_43720604_43720604;2;2;NA;5;0.00176525622694134;0.0016299652817395;NA;0.00826323356856005
VEGFAs2;942;17_48026481_48026481;17_48026481_48026481;17_48026480_48026480;17_48026481_48026481;13;12;5;12;0.0114741654751187;0.00977979169043699;0.0172034131571704;0.0198317605645441
VEGFAs2;944;17_50547417_50547418;17_50547418_50547419;17_50547417_50547417;17_50547417_50547417;52;53;7;26;0.0458966619004749;0.0431940799660967;0.0240847784200385;0.0429688145565123
VEGFAs2;946;17_57663167_57663168;17_57663168_57663168;17_57663166_57663167;17_57663168_57663168;233;293;90;160;0.205652350438666;0.238789913774837;0.309661436829067;0.264423474193922
VEGFAs2;948;17_60327507_60327508;17_60327507_60327508;17_60327506_60327507;17_60327507_60327507;86;99;19;73;0.0759060177584776;0.0806832814461052;0.0653729699972475;0.120643210100977
VEGFAs2;950;17_64089693_64089694;17_64089692_64089694;17_64089692_64089693;17_64089694_64089694;173;155;40;93;0.152694663630426;0.126322309334811;0.137627305257363;0.153696144375217
VEGFAs2;954;17_67636875_67636875;17_67636875_67636875;17_67636873_67636873;17_67636874_67636874;4;5;4;12;0.00353051245388268;0.00407491320434875;0.0137627305257363;0.0198317605645441
VEGFAs2;960;17_74826813_74826813;17_74826813_74826813;17_74826813_74826813;17_74826814_74826814;13;15;2;5;0.0114741654751187;0.0122247396130462;0.00688136526286815;0.00826323356856005
VEGFAs2;969;17_81923278_81923278;17_81923278_81923278;17_81923277_81923277;17_81923277_81923277;59;105;28;72;0.0520750586947695;0.0855731772913237;0.0963391136801541;0.118990563387265
VEGFAs2;970;17_82055720_82055720;17_82055720_82055720;17_82055719_82055720;17_82055714_82055720;15;15;8;16;0.0132394217020601;0.0122247396130462;0.0275254610514726;0.0264423474193922
VEGFAs2;978;18_22171102_22171102;18_22171102_22171103;18_22171101_22171102;18_22171102_22171102;31;34;6;23;0.0273614715175908;0.0277094097895715;0.0206440957886045;0.0380108744153762
VEGFAs2;980;18_23779594_23779595;18_23779594_23779595;18_23779593_23779594;18_23779595_23779595;2963;3015;806;1603;2.6152271002136;2.45717266222229;2.77319020093587;2.64919268208035
VEGFAs2;992;19_1028251_1028251;19_1028251_1028251;19_1028249_1028250;19_1028251_1028251;139;160;35;111;0.122685307772423;0.13039722253916;0.120423892100193;0.183443785222033
VEGFAs2;994;19_1494331_1494332;19_1494332_1494332;19_1494330_1494330;19_1494331_1494331;29;39;3;31;0.0255962152906494;0.0317843229939202;0.0103220478943022;0.0512320481250723
VEGFAs2;995;19_1633093_1633093;19_1633093_1633093;19_1633092_1633093;19_1633093_1633093;8;9;4;9;0.00706102490776536;0.00733484376782775;0.0137627305257363;0.0148738204234081
VEGFAs2;999;19_1953783_1953783;19_1953783_1953783;19_1953782_1953782;NA;19;12;2;NA;0.0167699341559427;0.00977979169043699;0.00688136526286815;NA
VEGFAs2;1002;19_3554987_3554987;19_3554987_3554987;19_3554986_3554986;19_3554988_3554988;101;108;25;51;0.0891454394605377;0.0880181252139329;0.0860170657858519;0.0842849823993125
VEGFAs2;1003;19_3755563_3755563;19_3755563_3755563;19_3755560_3755560;NA;17;15;4;NA;0.0150046779290014;0.0122247396130462;0.0137627305257363;NA
VEGFAs2;1006;19_5065009_5065009;19_5065009_5065009;19_5065008_5065008;NA;13;11;2;NA;0.0114741654751187;0.00896480904956725;0.00688136526286815;NA
VEGFAs2;1011;19_6767902_6767903;19_6767902_6767903;19_6767902_6767902;19_6767902_6767902;28;35;6;16;0.0247135871771788;0.0285243924304412;0.0206440957886045;0.0264423474193922
VEGFAs2;1015;19_10053088_10053088;19_10053088_10053088;NA;19_10053087_10053087;9;6;NA;4;0.00794365302123603;0.0048898958452185;NA;0.00661058685484804
VEGFAs2;1018;19_13011374_13011374;19_13011374_13011375;19_13011373_13011374;19_13011374_13011374;584;622;203;367;0.515454818266871;0.506919202620984;0.698458574181118;0.606521343932308
VEGFAs2;1020;19_14032088_14032088;NA;NA;NA;5;NA;NA;NA;0.00441314056735335;NA;NA;NA
VEGFAs2;1021;19_14032163_14032163;19_14032163_14032163;19_14032162_14032162;19_14032163_14032163;2551;2678;633;1391;2.25158431746368;2.18252351224919;2.17795210569777;2.29883157877341
VEGFAs2;1022;19_14080878_14080882;19_14080878_14080879;19_14080878_14080878;NA;33;38;4;NA;0.0291267277445321;0.0309693403530505;0.0137627305257363;NA
VEGFAs2;1028;19_18020503_18020503;19_18020503_18020505;19_18020502_18020503;19_18020504_18020504;9;31;7;15;0.00794365302123603;0.0252644618669622;0.0240847784200385;0.0247897007056801
VEGFAs2;1030;19_18522673_18522673;19_18522673_18522673;19_18522672_18522672;19_18522673_18522673;1547;1544;390;1034;1.36542569153913;1.25833319750289;1.34186622625929;1.70883670197822
VEGFAs2;1032;19_27850787_27850787;19_27850789_27850789;19_27850788_27850793;19_27850790_27850790;12;13;6;12;0.010591537361648;0.0105947743313067;0.0206440957886045;0.0198317605645441
VEGFAs2;1042;19_42302648_42302649;19_42302648_42302649;19_42302647_42302647;19_42302649_42302649;443;472;100;260;0.391004254267507;0.384671806490522;0.344068263143408;0.429688145565123
VEGFAs2;1043;19_44821328_44821328;19_44821324_44821324;NA;19_44821324_44821324;2;4;NA;1;0.00176525622694134;0.003259930563479;NA;0.00165264671371201
VEGFAs2;1044;19_44890677_44890678;19_44890677_44890678;19_44890676_44890677;NA;1139;1162;311;NA;1.00531342124309;0.947009828690649;1.070052298376;NA
VEGFAs2;1045;19_45448796_45448802;19_45448796_45448802;19_45448795_45448796;19_45448796_45448796;109;97;22;70;0.0962064643683031;0.0790533161643657;0.0756950178915497;0.115685269959841
VEGFAs2;1050;19_51412265_51412265;19_51412265_51412265;19_51412264_51412264;19_51412265_51412265;16;43;11;29;0.0141220498155307;0.0350442535573992;0.0378475089457748;0.0479267546976483
VEGFAs2;1052;19_54137498_54137499;19_54137498_54137499;19_54137498_54137498;NA;34;39;5;NA;0.0300093558580028;0.0317843229939202;0.0172034131571704;NA
VEGFAs2;1054;19_58154707_58154711;19_58154705_58154708;19_58154707_58154710;19_58154707_58154708;35;74;17;32;0.0308919839714735;0.0603087154243615;0.0584916047343793;0.0528846948387843
VEGFAs2;112;2_10224577_10224577;2_10224577_10224577;2_10224575_10224575;2_10224577_10224577;2;3;3;8;0.00176525622694134;0.00244494792260925;0.0103220478943022;0.0132211737096961
VEGFAs2;113;2_11559839_11559839;2_11559838_11559839;2_11559837_11559838;2_11559838_11559838;127;106;21;62;0.112093770410775;0.0863881599321935;0.0722543352601156;0.102464096250145
VEGFAs2;115;2_12604649_12604649;2_12604649_12604649;2_12604648_12604648;2_12604649_12604649;216;229;52;130;0.190647672509665;0.186631024759173;0.178915496834572;0.214844072782561
VEGFAs2;121;2_24634724_24634725;2_24634721_24634725;2_24634718_24634724;2_24634724_24634724;54;125;23;55;0.0476619181274162;0.101872830108719;0.0791357005229838;0.0908955692541605
VEGFAs2;126;2_43381399_43381406;2_43381399_43381406;2_43381398_43381399;2_43381399_43381399;47;55;8;25;0.0414835213331215;0.0448240452478362;0.0275254610514726;0.0413161678428002
VEGFAs2;141;2_65360666_65360666;2_65360666_65360666;NA;2_65360666_65360666;4;3;NA;4;0.00353051245388268;0.00244494792260925;NA;0.00661058685484804
VEGFAs2;153;2_98581008_98581009;2_98581008_98581009;NA;2_98581009_98581009;12;11;NA;11;0.010591537361648;0.00896480904956725;NA;0.0181791138508321
VEGFAs2;155;2_100821005_100821010;2_100821005_100821006;2_100821003_100821005;2_100821005_100821005;92;107;18;48;0.0812017864393017;0.0872031425730632;0.0619322873658134;0.0793270422581765
VEGFAs2;158;2_117148440_117148440;2_117148440_117148440;2_117148440_117148440;NA;17;10;4;NA;0.0150046779290014;0.00814982640869749;0.0137627305257363;NA
VEGFAs2;160;2_127082162_127082162;2_127082162_127082162;2_127082160_127082161;NA;21;21;14;NA;0.0185351903828841;0.0171146354582647;0.0481695568400771;NA
VEGFAs2;161;2_128486627_128486628;2_128486627_128486628;2_128486624_128486627;2_128486628_128486628;48;95;20;39;0.0423661494465922;0.0774233508826262;0.0688136526286815;0.0644532218347684
VEGFAs2;171;2_169716841_169716841;2_169716840_169716840;NA;2_169716840_169716840;6;11;NA;11;0.00529576868082402;0.00896480904956725;NA;0.0181791138508321
VEGFAs2;178;2_201130168_201130169;2_201130168_201130169;2_201130166_201130168;2_201130170_201130170;60;66;7;32;0.0529576868082402;0.0537888542974035;0.0240847784200385;0.0528846948387843
VEGFAs2;182;2_217778779_217778779;2_217778779_217778779;2_217778774_217778778;2_217778779_217778779;8;9;8;25;0.00706102490776536;0.00733484376782775;0.0275254610514726;0.0413161678428002
VEGFAs2;184;2_221480064_221480064;2_221480064_221480064;NA;2_221480063_221480063;2;3;NA;8;0.00176525622694134;0.00244494792260925;NA;0.0132211737096961
VEGFAs2;188;2_224897562_224897568;2_224897562_224897568;2_224897561_224897568;NA;128;119;27;NA;0.112976398524246;0.0969829342635002;0.0928984310487201;NA
VEGFAs2;193;2_241275192_241275192;2_241275192_241275192;2_241275191_241275191;2_241275191_241275191;25374;25572;5164;12364;22.3958057512048;20.8407360923212;17.7676851087256;20.4333239683353
VEGFAs2;1058;20_10933312_10933313;20_10933312_10933313;20_10933311_10933312;20_10933313_10933313;263;287;56;175;0.232131193842786;0.233900017929618;0.192678227360308;0.289213174899602
VEGFAs2;1075;20_63944463_63944466;20_63944463_63944466;20_63944462_63944463;20_63944464_63944464;72;76;22;46;0.0635492241698883;0.061938680706101;0.0756950178915497;0.0760217488307525
VEGFAs2;1089;21_45283319_45283319;21_45283319_45283319;21_45283316_45283317;21_45283307_45283307;32;43;21;92;0.0282440996310614;0.0350442535573992;0.0722543352601156;0.152043497661505
VEGFAs2;1091;21_45283366_45283366;NA;NA;NA;47;NA;NA;NA;0.0414835213331215;NA;NA;NA
VEGFAs2;1094;22_20154420_20154420;22_20154420_20154420;22_20154418_20154419;22_20154420_20154420;4;5;5;5;0.00353051245388268;0.00407491320434875;0.0172034131571704;0.00826323356856005
VEGFAs2;1105;22_38351979_38351979;22_38351979_38351979;22_38351978_38351978;22_38351980_38351980;20;27;9;19;0.0176525622694134;0.0220045313034832;0.0309661436829067;0.0314002875605282
VEGFAs2;1109;22_42995084_42995084;22_42995084_42995084;22_42995083_42995083;22_42995084_42995084;15;15;3;10;0.0132394217020601;0.0122247396130462;0.0103220478943022;0.0165264671371201
VEGFAs2;1111;22_43288489_43288490;22_43288489_43288490;22_43288488_43288489;22_43288489_43288489;190;171;48;127;0.167699341559427;0.139362031588727;0.165152766308836;0.209886132641425
VEGFAs2;1118;22_47115359_47115360;22_47115359_47115360;22_47115358_47115359;22_47115359_47115359;68;81;26;48;0.0600187117160056;0.0660135939104497;0.089457748417286;0.0793270422581765
VEGFAs2;1119;22_49038541_49038541;22_49038543_49038543;22_49038542_49038542;22_49038541_49038541;16;13;2;9;0.0141220498155307;0.0105947743313067;0.00688136526286815;0.0148738204234081
VEGFAs2;1121;22_49455293_49455293;22_49455294_49455294;NA;NA;3;5;NA;NA;0.00264788434041201;0.00407491320434875;NA;NA
VEGFAs2;1123;22_50446374_50446374;22_50446374_50446374;22_50446373_50446373;22_50446373_50446373;5330;6535;1575;286;4.70440784479867;5.32591155808381;5.41907514450867;0.472656960121635
VEGFAs2;195;3_3171399_3171399;3_3171400_3171400;3_3171401_3171401;3_3171400_3171400;9;8;2;14;0.00794365302123603;0.006519861126958;0.00688136526286815;0.0231370539919681
VEGFAs2;200;3_13001987_13001987;3_13001987_13001987;NA;3_13001988_13001988;21;17;NA;14;0.0185351903828841;0.0138547048947857;NA;0.0231370539919681
VEGFAs2;202;3_14898885_14898885;3_14898885_14898885;3_14898883_14898883;3_14898885_14898885;9;11;4;11;0.00794365302123603;0.00896480904956725;0.0137627305257363;0.0181791138508321
VEGFAs2;203;3_15702833_15702833;3_15702833_15702833;3_15702831_15702832;3_15702832_15702832;4;13;7;9;0.00353051245388268;0.0105947743313067;0.0240847784200385;0.0148738204234081
VEGFAs2;211;3_23554090_23554091;3_23554090_23554091;3_23554089_23554090;3_23554091_23554091;33;27;6;23;0.0291267277445321;0.0220045313034832;0.0206440957886045;0.0380108744153762
VEGFAs2;213;3_31417166_31417166;3_31417166_31417166;3_31417165_31417165;3_31417166_31417166;20;19;15;34;0.0176525622694134;0.0154846701765252;0.0516102394715111;0.0561899882662083
VEGFAs2;215;3_36900780_36900780;3_36900779_36900780;3_36900778_36900778;3_36900780_36900780;5;30;3;10;0.00441314056735335;0.0244494792260925;0.0103220478943022;0.0165264671371201
VEGFAs2;216;3_38099774_38099774;3_38099774_38099774;3_38099782_38099782;NA;8;6;2;NA;0.00706102490776536;0.0048898958452185;0.00688136526286815;NA
VEGFAs2;224;3_49812737_49812744;3_49812744_49812744;3_49812743_49812743;3_49812744_49812744;48;33;10;23;0.0423661494465922;0.0268944271487017;0.0344068263143408;0.0380108744153762
VEGFAs2;235;3_93470490_93470490;3_93470490_93470490;NA;NA;14;10;NA;NA;0.0123567935885894;0.00814982640869749;NA;NA
VEGFAs2;252;3_138433635_138433635;3_138433634_138433635;3_138433633_138433633;3_138433634_138433634;5;26;5;12;0.00441314056735335;0.0211895486626135;0.0172034131571704;0.0198317605645441
VEGFAs2;253;3_140679937_140679937;3_140679937_140679937;NA;NA;86;94;NA;NA;0.0759060177584776;0.0766083682417564;NA;NA
VEGFAs2;254;3_140679959_140679959;3_140679959_140679959;3_140679957_140679959;3_140679958_140679958;313;373;73;192;0.27626259951632;0.303988525044417;0.251169832094688;0.317308169032706
VEGFAs2;270;3_193836015_193836015;NA;NA;NA;143;NA;NA;NA;0.126215820226306;NA;NA;NA
VEGFAs2;273;3_195762349_195762349;3_195762349_195762349;3_195762348_195762349;3_195762349_195762349;25;23;12;24;0.0220657028367668;0.0187446007400042;0.0412881915772089;0.0396635211290882
VEGFAs2;276;4_1494530_1494531;4_1494530_1494531;4_1494529_1494529;4_1494530_1494530;452;472;109;229;0.398947907288743;0.384671806490522;0.375034406826314;0.37845609744005
VEGFAs2;281;4_7327819_7327820;4_7327817_7327819;4_7327816_7327818;4_7327819_7327819;52;67;23;57;0.0458966619004749;0.0546038369382732;0.0791357005229838;0.0942008626815846
VEGFAs2;284;4_8840191_8840191;4_8840191_8840191;4_8840189_8840190;4_8840191_8840191;344;369;82;214;0.303624071033911;0.300728594480938;0.282135975777594;0.35366639673437
VEGFAs2;292;4_38536007_38536007;4_38536006_38536007;4_38536005_38536006;4_38536006_38536006;4257;4501;1232;2344;3.75734787904464;3.66823686655474;4.23892100192678;3.87380389694095
VEGFAs2;293;4_40232433_40232433;4_40232433_40232433;4_40232432_40232432;4_40232434_40232434;176;172;41;90;0.155342547970838;0.140177014229597;0.141067987888797;0.148738204234081
VEGFAs2;307;4_102572332_102572332;4_102572333_102572333;NA;4_102572333_102572333;11;17;NA;5;0.00970890924817737;0.0138547048947857;NA;0.00826323356856005
VEGFAs2;315;4_142846219_142846219;4_142846219_142846219;4_142846218_142846219;4_142846220_142846220;59;68;14;37;0.0520750586947695;0.055418819579143;0.0481695568400771;0.0611479284073444
VEGFAs2;316;4_147815471_147815471;4_147815468_147815468;4_147815469_147815469;4_147815471_147815471;29;19;2;10;0.0255962152906494;0.0154846701765252;0.00688136526286815;0.0165264671371201
VEGFAs2;317;4_148056563_148056568;4_148056563_148056568;4_148056561_148056563;4_148056564_148056564;70;73;22;38;0.0617839679429469;0.0594937327834917;0.0756950178915497;0.0628005751210564
VEGFAs2;321;4_159111998_159111998;4_159112001_159112001;4_159111992_159111999;4_159112000_159112000;4;3;9;19;0.00353051245388268;0.00244494792260925;0.0309661436829067;0.0314002875605282
VEGFAs2;333;5_6715006_6715006;5_6715006_6715006;5_6715005_6715005;5_6715005_6715005;7870;7717;1790;3995;6.94628325301418;6.28922103959186;6.158821910267;6.60232362127948
VEGFAs2;338;5_36989378_36989378;5_36989377_36989377;NA;5_36989377_36989377;12;12;NA;3;0.010591537361648;0.00977979169043699;NA;0.00495794014113603
VEGFAs2;352;5_113616223_113616226;5_113616223_113616226;NA;NA;204;183;NA;NA;0.180056135148017;0.149141823279164;NA;NA
VEGFAs2;357;5_133524684_133524685;5_133524684_133524684;5_133524684_133524684;5_133524684_133524684;51;43;2;24;0.0450140337870042;0.0350442535573992;0.00688136526286815;0.0396635211290882
VEGFAs2;358;5_134177452_134177467;5_134177452_134177467;5_134177451_134177460;5_134177452_134177452;37;56;11;7;0.0326572401984148;0.045639027888706;0.0378475089457748;0.0115685269959841
VEGFAs2;362;5_139648668_139648671;5_139648668_139648671;NA;5_139648671_139648671;15;20;NA;8;0.0132394217020601;0.016299652817395;NA;0.0132211737096961
VEGFAs2;367;5_156894130_156894130;5_156894130_156894130;5_156894129_156894129;5_156894130_156894130;222;198;53;122;0.195943441190489;0.16136656289221;0.182356179466006;0.201622899072865
VEGFAs2;369;5_164829151_164829169;5_164829151_164829160;5_164829157_164829157;5_164829158_164829158;27;36;5;26;0.0238309590637081;0.029339375071311;0.0172034131571704;0.0429688145565123
VEGFAs2;372;5_176361285_176361285;5_176361285_176361285;NA;5_176361286_176361286;9;10;NA;6;0.00794365302123603;0.00814982640869749;NA;0.00991588028227206
VEGFAs2;373;5_179908018_179908018;5_179908019_179908019;NA;NA;2;3;NA;NA;0.00176525622694134;0.00244494792260925;NA;NA
VEGFAs2;376;6_2737975_2737975;6_2737975_2737983;6_2737974_2737979;6_2737975_2737976;5;23;6;18;0.00441314056735335;0.0187446007400042;0.0206440957886045;0.0297476408468162
VEGFAs2;378;6_3641670_3641670;6_3641670_3641670;NA;6_3641669_3641669;2;2;NA;2;0.00176525622694134;0.0016299652817395;NA;0.00330529342742402
VEGFAs2;387;6_26570646_26570646;6_26570645_26570646;6_26570644_26570645;6_26570645_26570645;64;100;24;46;0.0564881992621229;0.0814982640869749;0.0825763831544178;0.0760217488307525
VEGFAs2;392;6_36886048_36886048;6_36886048_36886049;6_36886047_36886048;6_36886049_36886049;163;186;51;88;0.143868382495719;0.151586771201773;0.175474814203138;0.145432910806657
VEGFAs2;394;6_41575712_41575712;6_41575712_41575712;6_41575711_41575711;6_41575711_41575711;14;14;2;18;0.0123567935885894;0.0114097569721765;0.00688136526286815;0.0297476408468162
VEGFAs2;401;6_43770825_43770825;6_43770825_43770825;6_43770824_43770824;6_43770825_43770825;2030;2302;528;1212;1.79173507034546;1.87609003928216;1.81668042939719;2.00300781701896
VEGFAs2;402;6_44001525_44001525;6_44001526_44001526;6_44001525_44001525;6_44001526_44001526;8;7;4;10;0.00706102490776536;0.00570487848608825;0.0137627305257363;0.0165264671371201
VEGFAs2;412;6_105382136_105382140;6_105382136_105382140;6_105382136_105382139;NA;35;36;14;NA;0.0308919839714735;0.029339375071311;0.0481695568400771;NA
VEGFAs2;433;6_160131533_160131533;6_160131533_160131533;6_160131532_160131532;6_160131534_160131534;87;82;34;74;0.0767886458719483;0.0668285765513194;0.116983209468759;0.122295856814689
VEGFAs2;438;7_774960_774961;7_774960_774961;7_774959_774959;7_774960_774960;29;23;5;21;0.0255962152906494;0.0187446007400042;0.0172034131571704;0.0347055809879522
VEGFAs2;442;7_5437498_5437499;7_5437498_5437499;7_5437497_5437497;NA;32;32;2;NA;0.0282440996310614;0.026079444507832;0.00688136526286815;NA
VEGFAs2;451;7_37015218_37015218;7_37015218_37015218;7_37015210_37015210;NA;8;7;4;NA;0.00706102490776536;0.00570487848608825;0.0137627305257363;NA
VEGFAs2;453;7_42945808_42945809;7_42945808_42945809;7_42945807_42945808;7_42945809_42945809;172;153;41;94;0.151812035516955;0.124692344053072;0.141067987888797;0.155348791088929
VEGFAs2;454;7_44213957_44213957;7_44213957_44213957;7_44213955_44213956;7_44213957_44213957;161;171;38;105;0.142103126268778;0.139362031588727;0.130745939994495;0.173527904939761
VEGFAs2;456;7_45178349_45178349;7_45178348_45178349;7_45178347_45178347;7_45178348_45178348;30;27;8;20;0.0264788434041201;0.0220045313034832;0.0275254610514726;0.0330529342742402
VEGFAs2;461;7_66558186_66558186;7_66558186_66558186;7_66558184_66558186;7_66558186_66558186;5;6;5;15;0.00441314056735335;0.0048898958452185;0.0172034131571704;0.0247897007056801
VEGFAs2;466;7_93119292_93119292;NA;NA;NA;2;NA;NA;NA;0.00176525622694134;NA;NA;NA
VEGFAs2;467;7_95690365_95690365;7_95690365_95690365;7_95690364_95690364;7_95690365_95690365;77;69;6;36;0.0679623647372416;0.0562338022200127;0.0206440957886045;0.0594952816936324
VEGFAs2;471;7_100688270_100688271;7_100688270_100688271;7_100688268_100688269;7_100688270_100688270;33;37;15;27;0.0291267277445321;0.0301543577121807;0.0516102394715111;0.0446214612702243
VEGFAs2;472;7_101507517_101507517;7_101507517_101507517;7_101507516_101507517;7_101507517_101507517;12;9;5;14;0.010591537361648;0.00733484376782775;0.0172034131571704;0.0231370539919681
VEGFAs2;476;7_105293508_105293509;7_105293508_105293509;7_105293507_105293507;7_105293508_105293508;488;488;113;268;0.430722519373687;0.397711528744438;0.388797137352051;0.442909319274819
VEGFAs2;480;7_123534656_123534656;7_123534656_123534656;7_123534655_123534655;7_123534657_123534657;132;148;25;69;0.116506910978128;0.120617430848723;0.0860170657858519;0.114032623246129
VEGFAs2;482;7_129649318_129649319;7_129649318_129649319;7_129649317_129649317;7_129649318_129649318;315;321;102;195;0.278027855743261;0.26160942771919;0.350949628406276;0.322266109173842
VEGFAs2;483;7_131106816_131106819;7_131106816_131106821;7_131106808_131106819;7_131106816_131106816;115;128;23;81;0.101502233049127;0.104317778031328;0.0791357005229838;0.133864383810673
VEGFAs2;487;7_139618672_139618672;7_139618672_139618672;7_139618670_139618670;7_139618671_139618671;3;3;2;4;0.00264788434041201;0.00244494792260925;0.00688136526286815;0.00661058685484804
VEGFAs2;488;7_143263325_143263326;7_143263325_143263326;7_143263324_143263324;7_143263325_143263325;27;25;18;31;0.0238309590637081;0.0203745660217437;0.0619322873658134;0.0512320481250723
VEGFAs2;497;7_155144359_155144359;7_155144359_155144359;7_155144357_155144357;7_155144361_155144361;10;9;4;7;0.0088262811347067;0.00733484376782775;0.0137627305257363;0.0115685269959841
VEGFAs2;506;8_18184037_18184037;8_18184037_18184037;8_18184036_18184036;8_18184037_18184037;427;434;105;222;0.376882204451976;0.353702466137471;0.361271676300578;0.366887570444066
VEGFAs2;543;8_140597490_140597490;8_140597490_140597490;8_140597482_140597482;8_140597489_140597489;9;9;3;9;0.00794365302123603;0.00733484376782775;0.0103220478943022;0.0148738204234081
VEGFAs2;547;8_143740791_143740791;8_143740791_143740791;8_143740790_143740790;8_143740791_143740791;2003;2043;516;1109;1.76790411128175;1.6650095352969;1.77539223781998;1.83278520550662
VEGFAs2;549;8_143934237_143934237;8_143934237_143934237;8_143934235_143934236;8_143934237_143934237;38;50;9;34;0.0335398683118855;0.0407491320434875;0.0309661436829067;0.0561899882662083
VEGFAs2;551;9_2666738_2666738;9_2666738_2666738;9_2666737_2666737;9_2666738_2666738;28;21;10;18;0.0247135871771788;0.0171146354582647;0.0344068263143408;0.0297476408468162
VEGFAs2;555;9_27338876_27338876;9_27338876_27338876;9_27338874_27338876;9_27338876_27338876;421;384;89;199;0.371586435771152;0.312953334093984;0.306220754197633;0.32887669602869
VEGFAs2;556;9_33202626_33202627;9_33202626_33202627;9_33202626_33202626;9_33202626_33202626;37;37;6;19;0.0326572401984148;0.0301543577121807;0.0206440957886045;0.0314002875605282
VEGFAs2;560;9_37465378_37465378;9_37465378_37465378;NA;NA;15;13;NA;NA;0.0132394217020601;0.0105947743313067;NA;NA
VEGFAs2;575;9_93069215_93069216;9_93069215_93069216;9_93069215_93069215;9_93069215_93069215;20;20;4;16;0.0176525622694134;0.016299652817395;0.0137627305257363;0.0264423474193922
VEGFAs2;576;9_94648649_94648649;9_94648649_94648649;9_94648648_94648648;NA;9;9;2;NA;0.00794365302123603;0.00733484376782775;0.00688136526286815;NA
VEGFAs2;579;9_97970304_97970304;9_97970303_97970303;9_97970302_97970302;9_97970303_97970303;11;45;13;25;0.00970890924817737;0.0366742188391387;0.044728874208643;0.0413161678428002
VEGFAs2;581;9_100837366_100837367;9_100837367_100837367;9_100837366_100837366;9_100837367_100837367;3094;3275;839;1703;2.73085138307825;2.66906814884843;2.88673272777319;2.81445735345155
VEGFAs2;584;9_123375902_123375902;9_123375902_123375902;9_123375901_123375901;9_123375902_123375902;613;874;190;345;0.541051033557521;0.712294828120161;0.653729699972475;0.570163116230643
VEGFAs2;587;9_127764614_127764615;9_127764614_127764614;9_127764613_127764613;9_127764614_127764614;15;20;6;11;0.0132394217020601;0.016299652817395;0.0206440957886045;0.0181791138508321
VEGFAs2;588;9_127900808_127900808;NA;9_127900808_127900808;9_127900807_127900807;5;NA;2;9;0.00441314056735335;NA;0.00688136526286815;0.0148738204234081
VEGFAs2;591;9_128944303_128944303;9_128944303_128944303;9_128944302_128944302;9_128944303_128944303;369;381;93;201;0.325689773870677;0.310508386171375;0.319983484723369;0.332181989456114
VEGFAs2;600;9_136485276_136485279;9_136485277_136485279;9_136485276_136485279;9_136485278_136485278;28;31;6;16;0.0247135871771788;0.0252644618669622;0.0206440957886045;0.0264423474193922
VEGFAs2;601;9_136546392_136546392;9_136546392_136546392;NA;NA;301;314;NA;NA;0.265671062154672;0.255904549233101;NA;NA
VEGFAs2;603;9_137368993_137368993;9_137368993_137368993;NA;9_137368993_137368993;8;12;NA;8;0.00706102490776536;0.00977979169043699;NA;0.0132211737096961
VEGFAs2;1162;MT_578_578;MT_578_578;NA;NA;13;19;NA;NA;0.0114741654751187;0.0154846701765252;NA;NA
VEGFAs2;1164;MT_790_790;MT_790_790;NA;NA;6;11;NA;NA;0.00529576868082402;0.00896480904956725;NA;NA
VEGFAs2;1169;MT_2981_2981;MT_2981_2981;NA;NA;4;3;NA;NA;0.00353051245388268;0.00244494792260925;NA;NA
VEGFAs2;1177;MT_3906_3906;MT_3906_3906;NA;NA;5;4;NA;NA;0.00441314056735335;0.003259930563479;NA;NA
VEGFAs2;1180;MT_5359_5359;MT_5359_5359;NA;NA;8;10;NA;NA;0.00706102490776536;0.00814982640869749;NA;NA
VEGFAs2;1182;MT_5393_5393;MT_5393_5393;NA;NA;11;12;NA;NA;0.00970890924817737;0.00977979169043699;NA;NA
VEGFAs2;1183;MT_5428_5428;NA;NA;NA;23;NA;NA;NA;0.0203004466098254;NA;NA;NA
VEGFAs2;1188;MT_6420_6420;MT_6420_6420;NA;NA;7;6;NA;NA;0.00617839679429469;0.0048898958452185;NA;NA
VEGFAs2;1191;MT_6635_6635;NA;NA;NA;11;NA;NA;NA;0.00970890924817737;NA;NA;NA
VEGFAs2;1196;MT_8578_8578;MT_8578_8578;NA;NA;13;11;NA;NA;0.0114741654751187;0.00896480904956725;NA;NA
VEGFAs2;1199;MT_9972_9972;MT_9972_9972;NA;NA;20;16;NA;NA;0.0176525622694134;0.013039722253916;NA;NA
VEGFAs2;1205;MT_10996_10996;MT_10996_10996;NA;NA;14;10;NA;NA;0.0123567935885894;0.00814982640869749;NA;NA
VEGFAs2;1210;MT_13046_13046;MT_13046_13046;NA;NA;2;2;NA;NA;0.00176525622694134;0.0016299652817395;NA;NA
VEGFAs2;1213;MT_13533_13533;MT_13533_13533;NA;NA;7;9;NA;NA;0.00617839679429469;0.00733484376782775;NA;NA
VEGFAs2;1216;MT_15038_15038;MT_15038_15038;NA;NA;4;4;NA;NA;0.00353051245388268;0.003259930563479;NA;NA
VEGFAs2;1218;MT_15533_15533;MT_15533_15533;NA;NA;4;5;NA;NA;0.00353051245388268;0.00407491320434875;NA;NA
VEGFAs2;1219;MT_15801_15801;MT_15801_15801;NA;NA;6;7;NA;NA;0.00529576868082402;0.00570487848608825;NA;NA
VEGFAs2;1221;MT_16045_16045;MT_16045_16045;NA;NA;3;2;NA;NA;0.00264788434041201;0.0016299652817395;NA;NA
VEGFAs2;1136;X_68433953_68433954;X_68433953_68433954;X_68433952_68433953;X_68433954_68433954;54;52;21;39;0.0476619181274162;0.042379097325227;0.0722543352601156;0.0644532218347684
VEGFAs2;1143;X_110087670_110087670;X_110087670_110087670;NA;NA;2;4;NA;NA;0.00176525622694134;0.003259930563479;NA;NA
VEGFAs2;1145;X_119731519_119731520;X_119731519_119731520;X_119731518_119731518;X_119731520_119731520;503;486;130;269;0.443961941075747;0.396081563462698;0.44728874208643;0.444561965988531
VEGFAs2;1147;X_129906664_129906664;X_129906664_129906664;X_129906663_129906663;X_129906664_129906664;771;1019;206;420;0.680506275485887;0.830467311046275;0.70878062207542;0.694111619759044
VEGFAs2;1153;X_143590202_143590202;X_143590202_143590202;NA;X_143590202_143590202;7;7;NA;2;0.00617839679429469;0.00570487848608825;NA;0.00330529342742402
VEGFAs2;1156;X_150764055_150764055;X_150764055_150764055;X_150764054_150764054;X_150764055_150764055;2352;2952;709;1494;2.07594132288302;2.4058287558475;2.43944398568676;2.46905419028574
VEGFAs2;1157;X_153571671_153571671;X_153571671_153571671;X_153571670_153571670;X_153571670_153571670;176;180;37;81;0.155342547970838;0.146696875356555;0.127305257363061;0.133864383810673
VEGFAs3;26;1_32273162_32273162;1_32273162_32273162;1_32273161_32273162;1_32273162_32273162;166;258;47;113;0.260367651671999;0.408972021875248;0.379736608224933;0.379462037005944
VEGFAs3;28;1_39584497_39584498;1_39584497_39584498;NA;1_39584496_39584496;14;10;NA;10;0.0219587176108915;0.0158516287548546;NA;0.0335807112394641
VEGFAs3;35;1_47839366_47839366;1_47839366_47839366;1_47839364_47839365;1_47839366_47839366;165;164;39;108;0.25879917184265;0.259966711579615;0.315100589803668;0.362671681386212
VEGFAs3;51;1_109191384_109191384;1_109191384_109191384;NA;NA;17;16;NA;NA;0.0266641570989397;0.0253626060077673;NA;NA
VEGFAs3;91;1_206924242_206924242;1_206924242_206924242;1_206924241_206924241;1_206924237_206924237;7;26;6;23;0.0109793588054458;0.0412142347626219;0.0484770138159489;0.0772356358507673
VEGFAs3;607;10_5707694_5707694;10_5707694_5707694;10_5707692_5707693;10_5707698_5707698;59;70;8;36;0.0925403099316143;0.110961401283982;0.0646360184212652;0.120890560462071
VEGFAs3;625;10_97000831_97000831;10_97000831_97000831;10_97000830_97000830;10_97000831_97000831;305;302;76;203;0.478386347951565;0.478719188396608;0.61404217500202;0.68168843816112
VEGFAs3;627;10_97546894_97546894;10_97546894_97546894;10_97546892_97546892;10_97546894_97546894;7;11;2;9;0.0109793588054458;0.01743679163034;0.0161590046053163;0.0302226401155176
VEGFAs3;629;10_103547715_103547715;10_103547715_103547715;10_103547714_103547714;10_103547715_103547715;57;53;15;39;0.0894033502729155;0.0840136324007292;0.121192534539872;0.13096477383391
VEGFAs3;638;10_128430089_128430089;10_128430089_128430089;10_128430088_128430088;10_128430089_128430089;6;4;2;8;0.00941087897609637;0.00634065150194183;0.0161590046053163;0.0268645689915712
VEGFAs3;700;11_69083670_69083670;11_69083670_69083670;11_69083669_69083669;11_69083674_69083674;453;490;88;193;0.710521362695276;0.776729808987874;0.710996202633918;0.648107726921656
VEGFAs3;721;11_119496774_119496774;NA;NA;NA;108;NA;NA;NA;0.169395821569735;NA;NA;NA
VEGFAs3;798;14_61612055_61612055;14_61612055_61612055;14_61612053_61612053;14_61612055_61612055;258;294;67;167;0.404667795972144;0.466037885392724;0.541326654278096;0.56079787769905
VEGFAs3;799;14_65102441_65102441;14_65102441_65102441;14_65102440_65102440;14_65102441_65102441;7331;7908;1949;4378;11.4985256289604;12.535468019339;15.7469499878807;14.7016353806374
VEGFAs3;809;14_73886793_73886793;14_73886793_73886793;14_73886792_73886792;14_73886793_73886793;820;858;186;422;1.2861534600665;1.36006974716652;1.50278742829442;1.41710601430538
VEGFAs3;821;14_105562694_105562694;14_105562694_105562694;14_105562693_105562694;14_105562694_105562694;363;402;47;213;0.56935817805383;0.637235475945153;0.379736608224933;0.715269149400584
VEGFAs3;891;16_74864222_74864223;16_74864222_74864222;16_74864221_74864221;16_74864222_74864222;103;91;15;47;0.161553422422988;0.144249821669177;0.121192534539872;0.157829342825481
VEGFAs3;914;17_16482751_16482751;17_16482751_16482751;NA;NA;2;2;NA;NA;0.00313695965869879;0.00317032575097091;NA;NA
VEGFAs3;953;17_67056091_67056091;NA;NA;NA;107;NA;NA;NA;0.167827341740385;NA;NA;NA
VEGFAs3;975;18_6130266_6130266;18_6130266_6130266;18_6130265_6130265;18_6130266_6130266;18;20;2;8;0.0282326369282891;0.0317032575097091;0.0161590046053163;0.0268645689915712
VEGFAs3;989;18_76391218_76391218;18_76391218_76391218;18_76391217_76391217;18_76391218_76391218;25;29;8;13;0.0392119957337349;0.0459697233890782;0.0646360184212652;0.0436549246113033
VEGFAs3;1008;19_6109021_6109021;19_6109021_6109021;19_6109021_6109021;19_6109021_6109021;25;23;12;43;0.0392119957337349;0.0364587461361655;0.0969540276318979;0.144397058329695
VEGFAs3;1027;19_17483424_17483424;19_17483424_17483424;NA;19_17483424_17483424;6;6;NA;3;0.00941087897609637;0.00951097725291274;NA;0.0100742133718392
VEGFAs3;1039;19_40055960_40055960;19_40055960_40055960;19_40055959_40055959;19_40055960_40055960;1655;1625;389;863;2.59583411757325;2.57588967266387;3.14292639573402;2.89801537996575
VEGFAs3;1040;19_40090678_40090678;19_40090678_40090678;19_40090676_40090676;19_40090678_40090678;11;11;2;14;0.0172532781228433;0.01743679163034;0.0161590046053163;0.0470129957352497
VEGFAs3;1046;19_47229235_47229235;19_47229235_47229235;19_47229233_47229234;19_47229235_47229235;21;20;4;24;0.0329380764163373;0.0317032575097091;0.0323180092106326;0.0805937069747137
VEGFAs3;173;2_176598696_176598698;2_176598696_176598696;2_176598697_176598697;2_176598698_176598698;87;83;20;61;0.136457745153397;0.131568518665293;0.161590046053163;0.204842338560731
VEGFAs3;189;2_229641532_229641532;2_229641532_229641532;2_229641530_229641530;2_229641525_229641525;13;23;5;11;0.0203902377815421;0.0364587461361655;0.0403975115132908;0.0369387823634105
VEGFAs3;1062;20_20197640_20197640;20_20197640_20197640;20_20197639_20197639;20_20197640_20197640;819;783;179;466;1.28458498023715;1.24118253150511;1.44623091217581;1.56486114375902
VEGFAs3;1085;21_34930697_34930697;21_34930697_34930697;NA;21_34930697_34930697;13;12;NA;4;0.0203902377815421;0.0190219545058255;NA;0.0134322844957856
VEGFAs3;1096;22_24216720_24216720;22_24216720_24216720;22_24216719_24216719;22_24216719_24216719;156;141;34;80;0.244682853378506;0.223507965443449;0.274703078290377;0.268645689915712
VEGFAs3;1102;22_37266783_37266783;22_37266783_37266783;22_37266782_37266782;22_37266783_37266783;7118;6947;1445;3037;11.164439425309;11.0121264959975;11.674880827341;10.1984620034252
VEGFAs3;1120;22_49344075_49344075;22_49344075_49344075;22_49344075_49344075;22_49344075_49344075;7;6;2;15;0.0109793588054458;0.00951097725291274;0.0161590046053163;0.0503710668591961
VEGFAs3;217;3_40328393_40328393;3_40328388_40328388;NA;3_40328393_40328393;2;5;NA;2;0.00313695965869879;0.00792581437742728;NA;0.00671614224789281
VEGFAs3;271;3_194276095_194276095;3_194276095_194276095;3_194276093_194276093;3_194276095_194276095;157;152;32;99;0.246251333207855;0.240944757073789;0.258544073685061;0.332449041270694
VEGFAs3;298;4_57460441_57460441;4_57460441_57460441;4_57460439_57460439;4_57460437_57460437;24;21;2;15;0.0376435159043855;0.0332884203851946;0.0161590046053163;0.0503710668591961
VEGFAs3;346;5_81209895_81209896;5_81209895_81209896;5_81209895_81209895;5_81209895_81209895;53;49;9;24;0.0831294309555179;0.0776729808987874;0.0727155207239234;0.0805937069747137
VEGFAs3;348;5_90145150_90145150;5_90145150_90145151;5_90145151_90145151;5_90145152_90145152;795;771;197;436;1.24694146433277;1.22216057699929;1.59166195362366;1.46411901004063
VEGFAs3;353;5_116098978_116098978;5_116098978_116098978;5_116098977_116098977;5_116098978_116098978;9952;9237;1882;4556;15.6095112616852;14.6421494808592;15.2056233336027;15.2993720406998
VEGFAs3;397;6_43769591_43769591;NA;NA;NA;23;NA;NA;NA;0.0360750360750361;NA;NA;NA
VEGFAs3;398;6_43769611_43769611;NA;NA;NA;7;NA;NA;NA;0.0109793588054458;NA;NA;NA
VEGFAs3;399;6_43769624_43769624;NA;NA;NA;8;NA;NA;NA;0.0125478386347952;NA;NA;NA
VEGFAs3;400;6_43769733_43769733;6_43769733_43769733;6_43769732_43769732;6_43769733_43769733;31955;31672;5402;13512;50.1207729468599;50.2052785923754;43.6454714389594;45.3742570267638
VEGFAs3;414;6_109275005_109275005;NA;NA;NA;21;NA;NA;NA;0.0329380764163373;NA;NA;NA
VEGFAs3;424;6_144137154_144137154;6_144137154_144137154;6_144137153_144137153;6_144137153_144137153;17;18;2;13;0.0266641570989397;0.0285329317587382;0.0161590046053163;0.0436549246113033
VEGFAs3;431;6_156757193_156757193;6_156757193_156757193;6_156757193_156757193;6_156757193_156757193;25;26;9;20;0.0392119957337349;0.0412142347626219;0.0727155207239234;0.0671614224789281
VEGFAs3;441;7_2986832_2986832;NA;NA;NA;2;NA;NA;NA;0.00313695965869879;NA;NA;NA
VEGFAs3;491;7_150334641_150334641;7_150334641_150334641;7_150334640_150334640;NA;13;12;9;NA;0.0203902377815421;0.0190219545058255;0.0727155207239234;NA
VEGFAs3;516;8_48085245_48085245;8_48085245_48085245;8_48085244_48085245;8_48085245_48085245;106;117;21;49;0.166258861911036;0.185464056431798;0.169669548355821;0.164545485073374
VEGFAs3;542;8_140027830_140027830;8_140027830_140027830;8_140027829_140027830;8_140027830_140027830;11;13;13;20;0.0172532781228433;0.0206071173813109;0.105033529934556;0.0671614224789281
VEGFAs3;544;8_142809400_142809400;8_142809400_142809400;NA;8_142809410_142809410;3;4;NA;2;0.00470543948804818;0.00634065150194183;NA;0.00671614224789281
VEGFAs3;553;9_18733631_18733637;9_18733631_18733637;9_18733636_18733636;9_18733637_18733637;49;44;7;27;0.0768555116381203;0.0697471665213601;0.0565565161186071;0.0906679203465529
VEGFAs3;570;9_89494304_89494306;9_89494304_89494306;9_89494301_89494303;9_89494305_89494305;89;80;17;43;0.139594704812096;0.126813030038836;0.137351539145189;0.144397058329695
VEGFAs3;1161;MT_351_351;MT_351_351;NA;NA;5;4;NA;NA;0.00784239914674697;0.00634065150194183;NA;NA
VEGFAs3;1165;MT_919_919;MT_919_919;NA;NA;4;4;NA;NA;0.00627391931739758;0.00634065150194183;NA;NA
VEGFAs3;1167;MT_2861_2861;NA;NA;NA;18;NA;NA;NA;0.0282326369282891;NA;NA;NA
VEGFAs3;1170;MT_3117_3117;MT_3117_3117;NA;NA;5;4;NA;NA;0.00784239914674697;0.00634065150194183;NA;NA
VEGFAs3;1171;MT_3162_3162;NA;NA;NA;5;NA;NA;NA;0.00784239914674697;NA;NA;NA
VEGFAs3;1173;MT_3205_3205;MT_3205_3205;NA;NA;7;12;NA;NA;0.0109793588054458;0.0190219545058255;NA;NA
VEGFAs3;1176;MT_3731_3731;NA;NA;NA;5;NA;NA;NA;0.00784239914674697;NA;NA;NA
VEGFAs3;1181;MT_5379_5379;MT_5379_5379;NA;NA;3;5;NA;NA;0.00470543948804818;0.00792581437742728;NA;NA
VEGFAs3;1185;MT_5483_5483;MT_5483_5483;NA;NA;8;9;NA;NA;0.0125478386347952;0.0142664658793691;NA;NA
VEGFAs3;1187;MT_6374_6374;MT_6374_6374;NA;NA;8;7;NA;NA;0.0125478386347952;0.0110961401283982;NA;NA
VEGFAs3;1189;MT_6440_6442;MT_6440_6442;NA;NA;5;5;NA;NA;0.00784239914674697;0.00792581437742728;NA;NA
VEGFAs3;1190;MT_6467_6467;MT_6467_6467;NA;NA;3;4;NA;NA;0.00470543948804818;0.00634065150194183;NA;NA
VEGFAs3;1193;MT_8178_8178;MT_8178_8178;NA;NA;3;4;NA;NA;0.00470543948804818;0.00634065150194183;NA;NA
VEGFAs3;1194;MT_8191_8191;MT_8191_8191;NA;NA;4;7;NA;NA;0.00627391931739758;0.0110961401283982;NA;NA
VEGFAs3;1198;MT_9946_9946;MT_9946_9946;NA;NA;10;12;NA;NA;0.0156847982934939;0.0190219545058255;NA;NA
VEGFAs3;1203;MT_10800_10800;MT_10800_10800;NA;NA;10;15;NA;NA;0.0156847982934939;0.0237774431322818;NA;NA
VEGFAs3;1208;MT_11789_11789;MT_11789_11789;NA;NA;3;3;NA;NA;0.00470543948804818;0.00475548862645637;NA;NA
VEGFAs3;1209;MT_12509_12509;MT_12511_12511;NA;NA;3;2;NA;NA;0.00470543948804818;0.00317032575097091;NA;NA
VEGFAs3;1211;MT_13204_13204;MT_13204_13204;NA;NA;9;7;NA;NA;0.0141163184641446;0.0110961401283982;NA;NA
VEGFAs3;1142;X_100409996_100409996;X_100409996_100409996;NA;X_100409995_100409995;4;5;NA;3;0.00627391931739758;0.00792581437742728;NA;0.0100742133718392
B2M;233;NA;3_93470428_93470428;NA;NA;NA;6;NA;NA;NA;0.00978712992414974;NA;NA
B2M;238;NA;3_93470616_93470616;NA;NA;NA;12;NA;NA;NA;0.0195742598482995;NA;NA
B2M;377;NA;6_3396757_3396757;NA;NA;NA;2;NA;NA;NA;0.00326237664138325;NA;NA
TRAC;606;NA;10_4270270_4270270;NA;NA;NA;14;NA;NA;NA;0.0649139889646219;NA;NA
TRAC;922;NA;17_30173689_30173689;NA;NA;NA;24;NA;NA;NA;0.111281123939352;NA;NA
VEGFAs2;11;NA;1_11654489_11654489;1_11654488_11654488;1_11654488_11654488;NA;10;3;12;NA;0.00814982640869749;0.0103220478943022;0.0198317605645441
VEGFAs2;13;NA;1_17053407_17053407;1_17053407_17053407;NA;NA;37;11;NA;NA;0.0301543577121807;0.0378475089457748;NA
VEGFAs2;646;NA;11_374666_374666;11_374665_374665;11_374667_374667;NA;1297;983;2145;NA;1.05703248520807;3.3821910266997;3.54492720091226
VEGFAs2;692;NA;11_64836705_64836705;11_64836708_64836708;11_64836708_64836711;NA;7;4;13;NA;0.00570487848608825;0.0137627305257363;0.0214844072782561
VEGFAs2;753;NA;12_76084037_76084037;12_76084036_76084036;12_76084037_76084037;NA;6;2;7;NA;0.0048898958452185;0.00688136526286815;0.0115685269959841
VEGFAs2;109;NA;2_5692245_5692245;NA;2_5692247_5692247;NA;6;NA;2;NA;0.0048898958452185;NA;0.00330529342742402
VEGFAs2;129;NA;2_44941561_44941561;2_44941560_44941565;2_44941561_44941561;NA;3;6;13;NA;0.00244494792260925;0.0206440957886045;0.0214844072782561
VEGFAs2;183;NA;2_220671111_220671112;2_220671110_220671110;2_220671112_220671112;NA;31;5;17;NA;0.0252644618669622;0.0172034131571704;0.0280949941331042
VEGFAs2;1090;NA;21_45283341_45283341;NA;NA;NA;76;NA;NA;NA;0.061938680706101;NA;NA
VEGFAs2;1115;NA;22_44739014_44739014;22_44739013_44739013;22_44739014_44739014;NA;19;7;16;NA;0.0154846701765252;0.0240847784200385;0.0264423474193922
VEGFAs2;201;NA;3_13145803_13145803;3_13145802_13145802;3_13145803_13145803;NA;6;2;8;NA;0.0048898958452185;0.00688136526286815;0.0132211737096961
VEGFAs2;223;NA;3_49812723_49812723;NA;NA;NA;22;NA;NA;NA;0.0179296180991345;NA;NA
VEGFAs2;240;NA;3_93470645_93470645;NA;NA;NA;7;NA;NA;NA;0.00570487848608825;NA;NA
VEGFAs2;409;NA;6_85497041_85497041;NA;NA;NA;4;NA;NA;NA;0.003259930563479;NA;NA
VEGFAs2;500;NA;8_9906731_9906731;NA;8_9906732_9906732;NA;3;NA;8;NA;0.00244494792260925;NA;0.0132211737096961
VEGFAs2;538;NA;8_127111495_127111495;NA;8_127111498_127111498;NA;6;NA;3;NA;0.0048898958452185;NA;0.00495794014113603
VEGFAs2;589;NA;9_127900821_127900821;NA;NA;NA;10;NA;NA;NA;0.00814982640869749;NA;NA
VEGFAs2;1163;NA;MT_753_753;NA;NA;NA;4;NA;NA;NA;0.003259930563479;NA;NA
VEGFAs2;1197;NA;MT_9833_9833;NA;NA;NA;7;NA;NA;NA;0.00570487848608825;NA;NA
VEGFAs2;1200;NA;MT_10379_10379;NA;NA;NA;9;NA;NA;NA;0.00733484376782775;NA;NA
VEGFAs2;1202;NA;MT_10753_10753;NA;NA;NA;2;NA;NA;NA;0.0016299652817395;NA;NA
VEGFAs2;1206;NA;MT_11066_11066;NA;NA;NA;3;NA;NA;NA;0.00244494792260925;NA;NA
VEGFAs2;1207;NA;MT_11452_11452;NA;NA;NA;6;NA;NA;NA;0.0048898958452185;NA;NA
VEGFAs2;1217;NA;MT_15412_15412;NA;NA;NA;10;NA;NA;NA;0.00814982640869749;NA;NA
VEGFAs2;1220;NA;MT_16014_16014;NA;NA;NA;3;NA;NA;NA;0.00244494792260925;NA;NA
VEGFAs2;1222;NA;MT_16137_16137;NA;NA;NA;17;NA;NA;NA;0.0138547048947857;NA;NA
VEGFAs2;1223;NA;MT_16201_16201;NA;NA;NA;14;NA;NA;NA;0.0114097569721765;NA;NA
VEGFAs3;655;NA;11_7604566_7604566;NA;11_7604564_7604564;NA;2;NA;3;NA;0.00317032575097091;NA;0.0100742133718392
VEGFAs3;789;NA;13_114117524_114117524;13_114117523_114117523;13_114117524_114117524;NA;5;4;23;NA;0.00792581437742728;0.0323180092106326;0.0772356358507673
VEGFAs3;1166;NA;MT_960_960;NA;NA;NA;6;NA;NA;NA;0.00951097725291274;NA;NA
VEGFAs3;1168;NA;MT_2874_2874;NA;NA;NA;17;NA;NA;NA;0.0269477688832528;NA;NA
VEGFAs3;1172;NA;MT_3176_3176;NA;NA;NA;12;NA;NA;NA;0.0190219545058255;NA;NA
VEGFAs3;1174;NA;MT_3274_3274;NA;NA;NA;5;NA;NA;NA;0.00792581437742728;NA;NA
VEGFAs3;1175;NA;MT_3648_3648;NA;NA;NA;10;NA;NA;NA;0.0158516287548546;NA;NA
VEGFAs3;1204;NA;MT_10967_10967;NA;NA;NA;3;NA;NA;NA;0.00475548862645637;NA;NA
VEGFAs3;1212;NA;MT_13505_13505;NA;NA;NA;3;NA;NA;NA;0.00475548862645637;NA;NA
VEGFAs3;1214;NA;MT_13936_13936;NA;NA;NA;4;NA;NA;NA;0.00634065150194183;NA;NA
B2M;4;NA;NA;1_1060243_1060243;NA;NA;NA;6;NA;NA;NA;0.0700607192900514;NA
B2M;7;NA;NA;1_5664860_5664860;NA;NA;NA;2;NA;NA;NA;0.0233535730966838;NA
B2M;23;NA;NA;1_31777154_31777154;NA;NA;NA;3;NA;NA;NA;0.0350303596450257;NA
B2M;48;NA;NA;1_82295247_82295247;NA;NA;NA;3;NA;NA;NA;0.0350303596450257;NA
B2M;71;NA;NA;1_154042375_154042375;NA;NA;NA;2;NA;NA;NA;0.0233535730966838;NA
B2M;80;NA;NA;1_176664412_176664412;NA;NA;NA;7;NA;NA;NA;0.0817375058383933;NA
B2M;87;NA;NA;1_199039515_199039515;NA;NA;NA;4;NA;NA;NA;0.0467071461933676;NA
B2M;609;NA;NA;10_23990198_23990198;NA;NA;NA;3;NA;NA;NA;0.0350303596450257;NA
B2M;612;NA;NA;10_35886662_35886662;NA;NA;NA;4;NA;NA;NA;0.0467071461933676;NA
B2M;632;NA;NA;10_111724220_111724220;NA;NA;NA;2;NA;NA;NA;0.0233535730966838;NA
B2M;640;NA;NA;10_129477171_129477171;NA;NA;NA;5;NA;NA;NA;0.0583839327417095;NA
B2M;641;NA;NA;10_130570032_130570032;NA;NA;NA;2;NA;NA;NA;0.0233535730966838;NA
B2M;662;NA;NA;11_17784462_17784462;NA;NA;NA;2;NA;NA;NA;0.0233535730966838;NA
B2M;665;NA;NA;11_24167648_24167648;NA;NA;NA;2;NA;NA;NA;0.0233535730966838;NA
B2M;673;NA;NA;11_44644238_44644238;NA;NA;NA;4;NA;NA;NA;0.0467071461933676;NA
B2M;699;NA;NA;11_68442332_68442332;NA;NA;NA;6;NA;NA;NA;0.0700607192900514;NA
B2M;717;NA;NA;11_107483997_107483997;NA;NA;NA;2;NA;NA;NA;0.0233535730966838;NA
B2M;763;NA;NA;12_117933986_117933986;NA;NA;NA;2;NA;NA;NA;0.0233535730966838;NA
B2M;776;NA;NA;13_51868791_51868791;NA;NA;NA;4;NA;NA;NA;0.0467071461933676;NA
B2M;777;NA;NA;13_70729511_70729511;NA;NA;NA;2;NA;NA;NA;0.0233535730966838;NA
B2M;801;NA;NA;14_65821094_65821094;NA;NA;NA;2;NA;NA;NA;0.0233535730966838;NA
B2M;803;NA;NA;14_67257549_67257549;NA;NA;NA;4;NA;NA;NA;0.0467071461933676;NA
B2M;850;NA;NA;15_72108266_72108266;NA;NA;NA;2;NA;NA;NA;0.0233535730966838;NA
B2M;877;NA;NA;16_19864001_19864001;NA;NA;NA;3;NA;NA;NA;0.0350303596450257;NA
B2M;878;NA;NA;16_21640464_21640464;NA;NA;NA;3;NA;NA;NA;0.0350303596450257;NA
B2M;893;NA;NA;16_77443342_77443342;NA;NA;NA;2;NA;NA;NA;0.0233535730966838;NA
B2M;906;NA;NA;17_7036116_7036116;NA;NA;NA;3;NA;NA;NA;0.0350303596450257;NA
B2M;921;NA;NA;17_28844987_28844987;NA;NA;NA;3;NA;NA;NA;0.0350303596450257;NA
B2M;924;NA;NA;17_30772320_30772320;NA;NA;NA;2;NA;NA;NA;0.0233535730966838;NA
B2M;929;NA;NA;17_35919605_35919605;NA;NA;NA;4;NA;NA;NA;0.0467071461933676;NA
B2M;943;NA;NA;17_48662005_48662005;NA;NA;NA;3;NA;NA;NA;0.0350303596450257;NA
B2M;955;NA;NA;17_69210014_69210014;NA;NA;NA;2;NA;NA;NA;0.0233535730966838;NA
B2M;957;NA;NA;17_73121477_73121477;NA;NA;NA;4;NA;NA;NA;0.0467071461933676;NA
B2M;972;NA;NA;18_209679_209679;NA;NA;NA;2;NA;NA;NA;0.0233535730966838;NA
B2M;983;NA;NA;18_45234337_45234337;NA;NA;NA;3;NA;NA;NA;0.0350303596450257;NA
B2M;1000;NA;NA;19_3247190_3247190;NA;NA;NA;2;NA;NA;NA;0.0233535730966838;NA
B2M;1010;NA;NA;19_6747848_6747848;NA;NA;NA;2;NA;NA;NA;0.0233535730966838;NA
B2M;1014;NA;NA;19_8690666_8690666;NA;NA;NA;5;NA;NA;NA;0.0583839327417095;NA
B2M;1016;NA;NA;19_10934720_10934720;NA;NA;NA;2;NA;NA;NA;0.0233535730966838;NA
B2M;1031;NA;NA;19_24017839_24017839;NA;NA;NA;3;NA;NA;NA;0.0350303596450257;NA
B2M;1033;NA;NA;19_31390725_31390725;NA;NA;NA;3;NA;NA;NA;0.0350303596450257;NA
B2M;107;NA;NA;2_1899973_1899973;NA;NA;NA;3;NA;NA;NA;0.0350303596450257;NA
B2M;127;NA;NA;2_44157741_44157741;NA;NA;NA;3;NA;NA;NA;0.0350303596450257;NA
B2M;135;NA;NA;2_55999329_55999329;NA;NA;NA;2;NA;NA;NA;0.0233535730966838;NA
B2M;152;NA;NA;2_98390277_98390277;NA;NA;NA;6;NA;NA;NA;0.0700607192900514;NA
B2M;163;NA;NA;2_139770036_139770036;NA;NA;NA;2;NA;NA;NA;0.0233535730966838;NA
B2M;1071;NA;NA;20_54587745_54587745;NA;NA;NA;4;NA;NA;NA;0.0467071461933676;NA
B2M;1073;NA;NA;20_62189176_62189176;NA;NA;NA;3;NA;NA;NA;0.0350303596450257;NA
B2M;1079;NA;NA;21_29657058_29657058;NA;NA;NA;2;NA;NA;NA;0.0233535730966838;NA
B2M;1103;NA;NA;22_37703644_37703644;NA;NA;NA;2;NA;NA;NA;0.0233535730966838;NA
B2M;246;NA;NA;3_118833112_118833112;NA;NA;NA;3;NA;NA;NA;0.0350303596450257;NA
B2M;261;NA;NA;3_156846798_156846798;NA;NA;NA;4;NA;NA;NA;0.0467071461933676;NA
B2M;287;NA;NA;4_16185345_16185345;NA;NA;NA;2;NA;NA;NA;0.0233535730966838;NA
B2M;305;NA;NA;4_90627055_90627055;NA;NA;NA;7;NA;NA;NA;0.0817375058383933;NA
B2M;318;NA;NA;4_152755866_152755866;NA;NA;NA;2;NA;NA;NA;0.0233535730966838;NA
B2M;320;NA;NA;4_157278317_157278317;NA;NA;NA;4;NA;NA;NA;0.0467071461933676;NA
B2M;324;NA;NA;4_170051619_170051619;NA;NA;NA;5;NA;NA;NA;0.0583839327417095;NA
B2M;327;NA;NA;4_182765213_182765213;NA;NA;NA;3;NA;NA;NA;0.0350303596450257;NA
B2M;337;NA;NA;5_36538000_36538000;NA;NA;NA;2;NA;NA;NA;0.0233535730966838;NA
B2M;344;NA;NA;5_61791474_61791474;NA;NA;NA;2;NA;NA;NA;0.0233535730966838;NA
B2M;350;NA;NA;5_98989435_98989435;NA;NA;NA;2;NA;NA;NA;0.0233535730966838;NA
B2M;382;NA;NA;6_13469521_13469521;NA;NA;NA;2;NA;NA;NA;0.0233535730966838;NA
B2M;388;NA;NA;6_27502735_27502735;NA;NA;NA;2;NA;NA;NA;0.0233535730966838;NA
B2M;405;NA;NA;6_69906728_69906728;NA;NA;NA;2;NA;NA;NA;0.0233535730966838;NA
B2M;413;NA;NA;6_108958781_108958781;NA;NA;NA;2;NA;NA;NA;0.0233535730966838;NA
B2M;501;NA;NA;8_10627846_10627846;NA;NA;NA;3;NA;NA;NA;0.0350303596450257;NA
B2M;509;NA;NA;8_25312627_25312627;NA;NA;NA;5;NA;NA;NA;0.0583839327417095;NA
B2M;510;NA;NA;8_31767711_31767711;NA;NA;NA;3;NA;NA;NA;0.0350303596450257;NA
B2M;518;NA;NA;8_63070887_63070887;NA;NA;NA;2;NA;NA;NA;0.0233535730966838;NA
B2M;552;NA;NA;9_18125240_18125240;NA;NA;NA;2;NA;NA;NA;0.0233535730966838;NA
B2M;582;NA;NA;9_116705853_116705853;NA;NA;NA;5;NA;NA;NA;0.0583839327417095;NA
B2M;596;NA;NA;9_133210160_133210160;NA;NA;NA;2;NA;NA;NA;0.0233535730966838;NA
B2M;1140;NA;NA;X_94389299_94389299;NA;NA;NA;4;NA;NA;NA;0.0467071461933676;NA
B2M;1150;NA;NA;X_134377233_134377233;NA;NA;NA;3;NA;NA;NA;0.0350303596450257;NA
B2M;1151;NA;NA;X_134642534_134642534;NA;NA;NA;2;NA;NA;NA;0.0233535730966838;NA
TRAC;14;NA;NA;1_17069516_17069516;NA;NA;NA;3;NA;NA;NA;0.0578703703703704;NA
TRAC;17;NA;NA;1_24001003_24001003;NA;NA;NA;2;NA;NA;NA;0.0385802469135802;NA
TRAC;41;NA;NA;1_52551645_52551645;1_52551650_52551650;NA;NA;2;5;NA;NA;0.0385802469135802;0.033167495854063
TRAC;53;NA;NA;1_110865102_110865102;NA;NA;NA;3;NA;NA;NA;0.0578703703703704;NA
TRAC;60;NA;NA;1_119153197_119153197;NA;NA;NA;2;NA;NA;NA;0.0385802469135802;NA
TRAC;70;NA;NA;1_152316820_152316820;NA;NA;NA;2;NA;NA;NA;0.0385802469135802;NA
TRAC;79;NA;NA;1_170259018_170259018;NA;NA;NA;2;NA;NA;NA;0.0385802469135802;NA
TRAC;83;NA;NA;1_179967097_179967097;NA;NA;NA;2;NA;NA;NA;0.0385802469135802;NA
TRAC;84;NA;NA;1_182935397_182935397;NA;NA;NA;2;NA;NA;NA;0.0385802469135802;NA
TRAC;88;NA;NA;1_200459624_200459624;NA;NA;NA;2;NA;NA;NA;0.0385802469135802;NA
TRAC;99;NA;NA;1_227469135_227469135;NA;NA;NA;2;NA;NA;NA;0.0385802469135802;NA
TRAC;616;NA;NA;10_45237561_45237561;NA;NA;NA;2;NA;NA;NA;0.0385802469135802;NA
TRAC;617;NA;NA;10_68460551_68460551;NA;NA;NA;5;NA;NA;NA;0.0964506172839506;NA
TRAC;620;NA;NA;10_74335209_74335209;NA;NA;NA;4;NA;NA;NA;0.0771604938271605;NA
TRAC;622;NA;NA;10_78872710_78872710;NA;NA;NA;3;NA;NA;NA;0.0578703703703704;NA
TRAC;624;NA;NA;10_88183279_88183279;NA;NA;NA;3;NA;NA;NA;0.0578703703703704;NA
TRAC;630;NA;NA;10_109930057_109930057;NA;NA;NA;2;NA;NA;NA;0.0385802469135802;NA
TRAC;644;NA;NA;10_132761150_132761150;NA;NA;NA;2;NA;NA;NA;0.0385802469135802;NA
TRAC;663;NA;NA;11_20403318_20403318;NA;NA;NA;4;NA;NA;NA;0.0771604938271605;NA
TRAC;672;NA;NA;11_43997256_43997256;NA;NA;NA;2;NA;NA;NA;0.0385802469135802;NA
TRAC;674;NA;NA;11_45137885_45137885;NA;NA;NA;7;NA;NA;NA;0.135030864197531;NA
TRAC;680;NA;NA;11_58316547_58316547;NA;NA;NA;3;NA;NA;NA;0.0578703703703704;NA
TRAC;682;NA;NA;11_61481584_61481584;NA;NA;NA;3;NA;NA;NA;0.0578703703703704;NA
TRAC;719;NA;NA;11_113660832_113660832;NA;NA;NA;3;NA;NA;NA;0.0578703703703704;NA
TRAC;722;NA;NA;11_124280291_124280291;NA;NA;NA;4;NA;NA;NA;0.0771604938271605;NA
TRAC;724;NA;NA;11_129231288_129231288;NA;NA;NA;2;NA;NA;NA;0.0385802469135802;NA
TRAC;731;NA;NA;12_12727216_12727216;NA;NA;NA;5;NA;NA;NA;0.0964506172839506;NA
TRAC;732;NA;NA;12_13496760_13496760;NA;NA;NA;2;NA;NA;NA;0.0385802469135802;NA
TRAC;733;NA;NA;12_15250704_15250704;NA;NA;NA;2;NA;NA;NA;0.0385802469135802;NA
TRAC;735;NA;NA;12_15962841_15962841;NA;NA;NA;3;NA;NA;NA;0.0578703703703704;NA
TRAC;738;NA;NA;12_45193375_45193375;NA;NA;NA;2;NA;NA;NA;0.0385802469135802;NA
TRAC;750;NA;NA;12_67041356_67041356;NA;NA;NA;3;NA;NA;NA;0.0578703703703704;NA
TRAC;755;NA;NA;12_95793611_95793611;NA;NA;NA;4;NA;NA;NA;0.0771604938271605;NA
TRAC;756;NA;NA;12_96571511_96571511;NA;NA;NA;4;NA;NA;NA;0.0771604938271605;NA
TRAC;764;NA;NA;12_122672446_122672446;NA;NA;NA;5;NA;NA;NA;0.0964506172839506;NA
TRAC;775;NA;NA;13_37421115_37421115;NA;NA;NA;3;NA;NA;NA;0.0578703703703704;NA
TRAC;778;NA;NA;13_70853426_70853426;NA;NA;NA;2;NA;NA;NA;0.0385802469135802;NA
TRAC;780;NA;NA;13_81613153_81613153;NA;NA;NA;2;NA;NA;NA;0.0385802469135802;NA
TRAC;785;NA;NA;13_105226554_105226554;NA;NA;NA;2;NA;NA;NA;0.0385802469135802;NA
TRAC;788;NA;NA;13_113307046_113307046;NA;NA;NA;3;NA;NA;NA;0.0578703703703704;NA
TRAC;794;NA;NA;14_32943293_32943293;NA;NA;NA;2;NA;NA;NA;0.0385802469135802;NA
TRAC;806;NA;NA;14_71267223_71267223;NA;NA;NA;2;NA;NA;NA;0.0385802469135802;NA
TRAC;808;NA;NA;14_73330642_73330642;NA;NA;NA;2;NA;NA;NA;0.0385802469135802;NA
TRAC;817;NA;NA;14_92838401_92838401;NA;NA;NA;4;NA;NA;NA;0.0771604938271605;NA
TRAC;826;NA;NA;15_35686744_35686744;NA;NA;NA;2;NA;NA;NA;0.0385802469135802;NA
TRAC;828;NA;NA;15_41666834_41666834;NA;NA;NA;4;NA;NA;NA;0.0771604938271605;NA
TRAC;861;NA;NA;15_91226866_91226866;NA;NA;NA;3;NA;NA;NA;0.0578703703703704;NA
TRAC;873;NA;NA;16_10852808_10852808;NA;NA;NA;2;NA;NA;NA;0.0385802469135802;NA
TRAC;911;NA;NA;17_9925811_9925811;NA;NA;NA;3;NA;NA;NA;0.0578703703703704;NA
TRAC;912;NA;NA;17_14839804_14839804;NA;NA;NA;4;NA;NA;NA;0.0771604938271605;NA
TRAC;927;NA;NA;17_33995588_33995588;NA;NA;NA;4;NA;NA;NA;0.0771604938271605;NA
TRAC;949;NA;NA;17_60521084_60521084;NA;NA;NA;4;NA;NA;NA;0.0771604938271605;NA
TRAC;958;NA;NA;17_73128499_73128499;17_73128504_73128504;NA;NA;3;11;NA;NA;0.0578703703703704;0.0729684908789386
TRAC;976;NA;NA;18_9348232_9348232;NA;NA;NA;3;NA;NA;NA;0.0578703703703704;NA
TRAC;979;NA;NA;18_22921546_22921546;NA;NA;NA;2;NA;NA;NA;0.0385802469135802;NA
TRAC;985;NA;NA;18_58542592_58542592;NA;NA;NA;2;NA;NA;NA;0.0385802469135802;NA
TRAC;986;NA;NA;18_61332243_61332243;NA;NA;NA;2;NA;NA;NA;0.0385802469135802;NA
TRAC;1029;NA;NA;19_18375108_18375108;NA;NA;NA;4;NA;NA;NA;0.0771604938271605;NA
TRAC;114;NA;NA;2_12436389_12436389;NA;NA;NA;2;NA;NA;NA;0.0385802469135802;NA
TRAC;128;NA;NA;2_44260864_44260864;NA;NA;NA;2;NA;NA;NA;0.0385802469135802;NA
TRAC;139;NA;NA;2_63225717_63225717;NA;NA;NA;2;NA;NA;NA;0.0385802469135802;NA
TRAC;143;NA;NA;2_77440864_77440864;NA;NA;NA;2;NA;NA;NA;0.0385802469135802;NA
TRAC;157;NA;NA;2_114928339_114928339;NA;NA;NA;2;NA;NA;NA;0.0385802469135802;NA
TRAC;168;NA;NA;2_156605454_156605454;NA;NA;NA;4;NA;NA;NA;0.0771604938271605;NA
TRAC;175;NA;NA;2_187407616_187407616;NA;NA;NA;2;NA;NA;NA;0.0385802469135802;NA
TRAC;185;NA;NA;2_221743903_221743903;NA;NA;NA;3;NA;NA;NA;0.0578703703703704;NA
TRAC;1055;NA;NA;20_1517816_1517816;NA;NA;NA;2;NA;NA;NA;0.0385802469135802;NA
TRAC;1056;NA;NA;20_2214086_2214086;NA;NA;NA;3;NA;NA;NA;0.0578703703703704;NA
TRAC;1060;NA;NA;20_12914169_12914169;NA;NA;NA;4;NA;NA;NA;0.0771604938271605;NA
TRAC;1061;NA;NA;20_13254336_13254336;NA;NA;NA;4;NA;NA;NA;0.0771604938271605;NA
TRAC;1063;NA;NA;20_20669370_20669370;NA;NA;NA;2;NA;NA;NA;0.0385802469135802;NA
TRAC;1068;NA;NA;20_35846208_35846208;NA;NA;NA;3;NA;NA;NA;0.0578703703703704;NA
TRAC;1069;NA;NA;20_48231401_48231401;NA;NA;NA;4;NA;NA;NA;0.0771604938271605;NA
TRAC;1076;NA;NA;21_10165410_10165410;NA;NA;NA;2;NA;NA;NA;0.0385802469135802;NA
TRAC;1077;NA;NA;21_14601228_14601228;NA;NA;NA;4;NA;NA;NA;0.0771604938271605;NA
TRAC;1078;NA;NA;21_25027818_25027818;NA;NA;NA;3;NA;NA;NA;0.0578703703703704;NA
TRAC;1083;NA;NA;21_32059157_32059157;NA;NA;NA;3;NA;NA;NA;0.0578703703703704;NA
TRAC;1092;NA;NA;22_12160943_12160943;NA;NA;NA;2;NA;NA;NA;0.0385802469135802;NA
TRAC;1099;NA;NA;22_26373387_26373387;NA;NA;NA;4;NA;NA;NA;0.0771604938271605;NA
TRAC;1101;NA;NA;22_34133734_34133734;NA;NA;NA;4;NA;NA;NA;0.0771604938271605;NA
TRAC;194;NA;NA;3_2469993_2469993;NA;NA;NA;4;NA;NA;NA;0.0771604938271605;NA
TRAC;196;NA;NA;3_3628883_3628883;NA;NA;NA;2;NA;NA;NA;0.0385802469135802;NA
TRAC;204;NA;NA;3_17359640_17359640;NA;NA;NA;4;NA;NA;NA;0.0771604938271605;NA
TRAC;207;NA;NA;3_18229248_18229248;NA;NA;NA;2;NA;NA;NA;0.0385802469135802;NA
TRAC;208;NA;NA;3_21571750_21571750;NA;NA;NA;5;NA;NA;NA;0.0964506172839506;NA
TRAC;212;NA;NA;3_30368557_30368557;NA;NA;NA;2;NA;NA;NA;0.0385802469135802;NA
TRAC;219;NA;NA;3_45728492_45728492;NA;NA;NA;2;NA;NA;NA;0.0385802469135802;NA
TRAC;228;NA;NA;3_79143223_79143223;NA;NA;NA;3;NA;NA;NA;0.0578703703703704;NA
TRAC;230;NA;NA;3_80931916_80931916;NA;NA;NA;2;NA;NA;NA;0.0385802469135802;NA
TRAC;247;NA;NA;3_119431272_119431272;3_119431279_119431279;NA;NA;2;17;NA;NA;0.0385802469135802;0.112769485903814
TRAC;259;NA;NA;3_152271652_152271652;NA;NA;NA;3;NA;NA;NA;0.0578703703703704;NA
TRAC;260;NA;NA;3_152374840_152374840;NA;NA;NA;3;NA;NA;NA;0.0578703703703704;NA
TRAC;264;NA;NA;3_175393790_175393790;NA;NA;NA;2;NA;NA;NA;0.0385802469135802;NA
TRAC;265;NA;NA;3_178541762_178541762;NA;NA;NA;3;NA;NA;NA;0.0578703703703704;NA
TRAC;268;NA;NA;3_183745374_183745374;NA;NA;NA;2;NA;NA;NA;0.0385802469135802;NA
TRAC;269;NA;NA;3_184469154_184469154;NA;NA;NA;2;NA;NA;NA;0.0385802469135802;NA
TRAC;286;NA;NA;4_10586074_10586074;NA;NA;NA;3;NA;NA;NA;0.0578703703703704;NA
TRAC;288;NA;NA;4_20932412_20932412;NA;NA;NA;4;NA;NA;NA;0.0771604938271605;NA
TRAC;289;NA;NA;4_23265461_23265461;NA;NA;NA;2;NA;NA;NA;0.0385802469135802;NA
TRAC;290;NA;NA;4_23958398_23958398;NA;NA;NA;4;NA;NA;NA;0.0771604938271605;NA
TRAC;291;NA;NA;4_37346373_37346373;NA;NA;NA;2;NA;NA;NA;0.0385802469135802;NA
TRAC;295;NA;NA;4_49269242_49269242;NA;NA;NA;2;NA;NA;NA;0.0385802469135802;NA
TRAC;299;NA;NA;4_61308761_61308761;NA;NA;NA;2;NA;NA;NA;0.0385802469135802;NA
TRAC;301;NA;NA;4_73707715_73707715;NA;NA;NA;2;NA;NA;NA;0.0385802469135802;NA
TRAC;304;NA;NA;4_81900044_81900044;NA;NA;NA;2;NA;NA;NA;0.0385802469135802;NA
TRAC;308;NA;NA;4_106370642_106370642;NA;NA;NA;3;NA;NA;NA;0.0578703703703704;NA
TRAC;314;NA;NA;4_142655593_142655593;NA;NA;NA;2;NA;NA;NA;0.0385802469135802;NA
TRAC;322;NA;NA;4_159369704_159369704;NA;NA;NA;3;NA;NA;NA;0.0578703703703704;NA
TRAC;326;NA;NA;4_182622917_182622917;NA;NA;NA;6;NA;NA;NA;0.115740740740741;NA
TRAC;329;NA;NA;4_183199389_183199389;NA;NA;NA;3;NA;NA;NA;0.0578703703703704;NA
TRAC;334;NA;NA;5_29261147_29261147;NA;NA;NA;7;NA;NA;NA;0.135030864197531;NA
TRAC;336;NA;NA;5_33174372_33174372;NA;NA;NA;2;NA;NA;NA;0.0385802469135802;NA
TRAC;342;NA;NA;5_56900838_56900838;NA;NA;NA;3;NA;NA;NA;0.0578703703703704;NA
TRAC;345;NA;NA;5_70131888_70131888;NA;NA;NA;3;NA;NA;NA;0.0578703703703704;NA
TRAC;349;NA;NA;5_90301499_90301499;NA;NA;NA;2;NA;NA;NA;0.0385802469135802;NA
TRAC;351;NA;NA;5_99103184_99103184;NA;NA;NA;3;NA;NA;NA;0.0578703703703704;NA
TRAC;361;NA;NA;5_135751305_135751305;NA;NA;NA;2;NA;NA;NA;0.0385802469135802;NA
TRAC;366;NA;NA;5_155389392_155389392;NA;NA;NA;3;NA;NA;NA;0.0578703703703704;NA
TRAC;374;NA;NA;6_550354_550354;NA;NA;NA;3;NA;NA;NA;0.0578703703703704;NA
TRAC;375;NA;NA;6_2442740_2442740;NA;NA;NA;2;NA;NA;NA;0.0385802469135802;NA
TRAC;385;NA;NA;6_26220435_26220435;NA;NA;NA;2;NA;NA;NA;0.0385802469135802;NA
TRAC;389;NA;NA;6_29733858_29733858;NA;NA;NA;2;NA;NA;NA;0.0385802469135802;NA
TRAC;404;NA;NA;6_56648629_56648629;NA;NA;NA;3;NA;NA;NA;0.0578703703703704;NA
TRAC;406;NA;NA;6_73229189_73229189;NA;NA;NA;2;NA;NA;NA;0.0385802469135802;NA
TRAC;407;NA;NA;6_79597462_79597462;NA;NA;NA;2;NA;NA;NA;0.0385802469135802;NA
TRAC;411;NA;NA;6_102746111_102746111;NA;NA;NA;7;NA;NA;NA;0.135030864197531;NA
TRAC;416;NA;NA;6_113109704_113109704;NA;NA;NA;2;NA;NA;NA;0.0385802469135802;NA
TRAC;419;NA;NA;6_126705294_126705294;NA;NA;NA;2;NA;NA;NA;0.0385802469135802;NA
TRAC;420;NA;NA;6_129138172_129138172;NA;NA;NA;2;NA;NA;NA;0.0385802469135802;NA
TRAC;421;NA;NA;6_131870329_131870329;6_131870338_131870338;NA;NA;3;12;NA;NA;0.0578703703703704;0.0796019900497512
TRAC;427;NA;NA;6_148418383_148418383;NA;NA;NA;2;NA;NA;NA;0.0385802469135802;NA
TRAC;429;NA;NA;6_154029787_154029787;NA;NA;NA;2;NA;NA;NA;0.0385802469135802;NA
TRAC;440;NA;NA;7_2296759_2296759;NA;NA;NA;3;NA;NA;NA;0.0578703703703704;NA
TRAC;446;NA;NA;7_13752351_13752351;NA;NA;NA;2;NA;NA;NA;0.0385802469135802;NA
TRAC;448;NA;NA;7_25261010_25261010;NA;NA;NA;5;NA;NA;NA;0.0964506172839506;NA
TRAC;455;NA;NA;7_45127441_45127441;NA;NA;NA;2;NA;NA;NA;0.0385802469135802;NA
TRAC;475;NA;NA;7_104263868_104263868;NA;NA;NA;3;NA;NA;NA;0.0578703703703704;NA
TRAC;479;NA;NA;7_123173084_123173084;NA;NA;NA;4;NA;NA;NA;0.0771604938271605;NA
TRAC;481;NA;NA;7_128959254_128959254;NA;NA;NA;2;NA;NA;NA;0.0385802469135802;NA
TRAC;485;NA;NA;7_134726108_134726108;NA;NA;NA;3;NA;NA;NA;0.0578703703703704;NA
TRAC;489;NA;NA;7_147063728_147063728;NA;NA;NA;2;NA;NA;NA;0.0385802469135802;NA
TRAC;490;NA;NA;7_149121718_149121718;NA;NA;NA;4;NA;NA;NA;0.0771604938271605;NA
TRAC;495;NA;NA;7_153147141_153147141;NA;NA;NA;5;NA;NA;NA;0.0964506172839506;NA
TRAC;511;NA;NA;8_37707945_37707945;NA;NA;NA;2;NA;NA;NA;0.0385802469135802;NA
TRAC;513;NA;NA;8_42024263_42024263;NA;NA;NA;2;NA;NA;NA;0.0385802469135802;NA
TRAC;514;NA;NA;8_45011000_45011000;NA;NA;NA;2;NA;NA;NA;0.0385802469135802;NA
TRAC;515;NA;NA;8_45453288_45453288;NA;NA;NA;2;NA;NA;NA;0.0385802469135802;NA
TRAC;517;NA;NA;8_62221536_62221536;NA;NA;NA;2;NA;NA;NA;0.0385802469135802;NA
TRAC;519;NA;NA;8_71252074_71252074;NA;NA;NA;4;NA;NA;NA;0.0771604938271605;NA
TRAC;520;NA;NA;8_73311205_73311205;NA;NA;NA;3;NA;NA;NA;0.0578703703703704;NA
TRAC;526;NA;NA;8_92531916_92531916;NA;NA;NA;4;NA;NA;NA;0.0771604938271605;NA
TRAC;527;NA;NA;8_95577513_95577513;NA;NA;NA;3;NA;NA;NA;0.0578703703703704;NA
TRAC;531;NA;NA;8_108014363_108014363;NA;NA;NA;3;NA;NA;NA;0.0578703703703704;NA
TRAC;535;NA;NA;8_122238415_122238415;NA;NA;NA;2;NA;NA;NA;0.0385802469135802;NA
TRAC;536;NA;NA;8_124187739_124187739;NA;NA;NA;2;NA;NA;NA;0.0385802469135802;NA
TRAC;595;NA;NA;9_133079602_133079602;NA;NA;NA;3;NA;NA;NA;0.0578703703703704;NA
TRAC;1125;NA;NA;X_7690651_7690651;NA;NA;NA;2;NA;NA;NA;0.0385802469135802;NA
TRAC;1127;NA;NA;X_12631730_12631730;X_12631727_12631727;NA;NA;2;4;NA;NA;0.0385802469135802;0.0265339966832504
TRAC;1132;NA;NA;X_46810518_46810518;NA;NA;NA;4;NA;NA;NA;0.0771604938271605;NA
TRAC;1155;NA;NA;X_149851364_149851364;NA;NA;NA;2;NA;NA;NA;0.0385802469135802;NA
VEGFAs2;16;NA;NA;1_23435757_23435757;1_23435758_23435758;NA;NA;2;4;NA;NA;0.00688136526286815;0.00661058685484804
VEGFAs2;22;NA;NA;1_30931468_30931468;1_30931469_30931469;NA;NA;2;2;NA;NA;0.00688136526286815;0.00330529342742402
VEGFAs2;29;NA;NA;1_39766868_39766869;1_39766868_39766868;NA;NA;4;3;NA;NA;0.0137627305257363;0.00495794014113603
VEGFAs2;32;NA;NA;1_43550364_43550364;1_43550364_43550364;NA;NA;2;3;NA;NA;0.00688136526286815;0.00495794014113603
VEGFAs2;55;NA;NA;1_111960625_111960625;1_111960626_111960626;NA;NA;3;3;NA;NA;0.0103220478943022;0.00495794014113603
VEGFAs2;59;NA;NA;1_117760727_117760727;1_117760728_117760728;NA;NA;2;6;NA;NA;0.00688136526286815;0.00991588028227206
VEGFAs2;61;NA;NA;1_119253108_119253108;NA;NA;NA;2;NA;NA;NA;0.00688136526286815;NA
VEGFAs2;62;NA;NA;1_120913531_120913531;NA;NA;NA;3;NA;NA;NA;0.0103220478943022;NA
VEGFAs2;63;NA;NA;1_121395991_121395991;1_121395991_121395991;NA;NA;4;11;NA;NA;0.0137627305257363;0.0181791138508321
VEGFAs2;65;NA;NA;1_145215556_145215556;NA;NA;NA;3;NA;NA;NA;0.0103220478943022;NA
VEGFAs2;66;NA;NA;1_147576307_147576307;NA;NA;NA;6;NA;NA;NA;0.0206440957886045;NA
VEGFAs2;67;NA;NA;1_151058203_151058203;NA;NA;NA;4;NA;NA;NA;0.0137627305257363;NA
VEGFAs2;74;NA;NA;1_155561963_155561963;NA;NA;NA;2;NA;NA;NA;0.00688136526286815;NA
VEGFAs2;78;NA;NA;1_168848553_168848553;1_168848554_168848554;NA;NA;2;6;NA;NA;0.00688136526286815;0.00991588028227206
VEGFAs2;82;NA;NA;1_179095057_179095057;1_179095056_179095056;NA;NA;3;11;NA;NA;0.0103220478943022;0.0181791138508321
VEGFAs2;86;NA;NA;1_188269944_188269944;1_188269945_188269945;NA;NA;2;7;NA;NA;0.00688136526286815;0.0115685269959841
VEGFAs2;97;NA;NA;1_225883783_225883783;1_225883782_225883782;NA;NA;2;4;NA;NA;0.00688136526286815;0.00661058685484804
VEGFAs2;103;NA;NA;1_244661573_244661573;NA;NA;NA;2;NA;NA;NA;0.00688136526286815;NA
VEGFAs2;104;NA;NA;1_245797523_245797523;1_245797525_245797525;NA;NA;2;3;NA;NA;0.00688136526286815;0.00495794014113603
VEGFAs2;614;NA;NA;10_42782595_42782595;10_42782597_42782597;NA;NA;4;6;NA;NA;0.0137627305257363;0.00991588028227206
VEGFAs2;621;NA;NA;10_77722014_77722014;10_77722015_77722015;NA;NA;2;4;NA;NA;0.00688136526286815;0.00661058685484804
VEGFAs2;626;NA;NA;10_97291619_97291619;NA;NA;NA;2;NA;NA;NA;0.00688136526286815;NA
VEGFAs2;635;NA;NA;10_123137091_123137091;NA;NA;NA;2;NA;NA;NA;0.00688136526286815;NA
VEGFAs2;642;NA;NA;10_132708089_132708089;NA;NA;NA;2;NA;NA;NA;0.00688136526286815;NA
VEGFAs2;649;NA;NA;11_863203_863203;11_863203_863203;NA;NA;2;2;NA;NA;0.00688136526286815;0.00330529342742402
VEGFAs2;660;NA;NA;11_17476039_17476039;11_17476040_17476040;NA;NA;2;5;NA;NA;0.00688136526286815;0.00826323356856005
VEGFAs2;664;NA;NA;11_23540357_23540357;NA;NA;NA;3;NA;NA;NA;0.0103220478943022;NA
VEGFAs2;675;NA;NA;11_45774504_45774504;11_45774505_45774505;NA;NA;4;15;NA;NA;0.0137627305257363;0.0247897007056801
VEGFAs2;684;NA;NA;11_62715171_62715171;NA;NA;NA;2;NA;NA;NA;0.00688136526286815;NA
VEGFAs2;690;NA;NA;11_64029060_64029060;11_64029060_64029060;NA;NA;2;2;NA;NA;0.00688136526286815;0.00330529342742402
VEGFAs2;693;NA;NA;11_65633690_65633690;NA;NA;NA;2;NA;NA;NA;0.00688136526286815;NA
VEGFAs2;706;NA;NA;11_72696713_72696713;11_72696714_72696714;NA;NA;2;2;NA;NA;0.00688136526286815;0.00330529342742402
VEGFAs2;740;NA;NA;12_49809948_49809948;NA;NA;NA;2;NA;NA;NA;0.00688136526286815;NA
VEGFAs2;744;NA;NA;12_56638762_56638762;NA;NA;NA;2;NA;NA;NA;0.00688136526286815;NA
VEGFAs2;745;NA;NA;12_57087443_57087443;12_57087446_57087446;NA;NA;3;6;NA;NA;0.0103220478943022;0.00991588028227206
VEGFAs2;765;NA;NA;12_123409124_123409125;12_123409125_123409125;NA;NA;6;28;NA;NA;0.0206440957886045;0.0462741079839363
VEGFAs2;767;NA;NA;12_132197313_132197313;12_132197314_132197314;NA;NA;5;8;NA;NA;0.0172034131571704;0.0132211737096961
VEGFAs2;805;NA;NA;14_69981955_69981955;14_69981956_69981956;NA;NA;3;15;NA;NA;0.0103220478943022;0.0247897007056801
VEGFAs2;811;NA;NA;14_75162025_75162025;14_75162026_75162026;NA;NA;7;9;NA;NA;0.0240847784200385;0.0148738204234081
VEGFAs2;813;NA;NA;14_81910905_81910905;NA;NA;NA;6;NA;NA;NA;0.0206440957886045;NA
VEGFAs2;820;NA;NA;14_104134870_104134870;14_104134871_104134871;NA;NA;3;4;NA;NA;0.0103220478943022;0.00661058685484804
VEGFAs2;823;NA;NA;15_31488367_31488367;NA;NA;NA;4;NA;NA;NA;0.0137627305257363;NA
VEGFAs2;859;NA;NA;15_85785973_85785973;NA;NA;NA;3;NA;NA;NA;0.0103220478943022;NA
VEGFAs2;865;NA;NA;16_974362_974362;NA;NA;NA;4;NA;NA;NA;0.0137627305257363;NA
VEGFAs2;867;NA;NA;16_2123574_2123574;NA;NA;NA;2;NA;NA;NA;0.00688136526286815;NA
VEGFAs2;876;NA;NA;16_15142753_15142753;NA;NA;NA;2;NA;NA;NA;0.00688136526286815;NA
VEGFAs2;883;NA;NA;16_29137104_29137104;16_29137105_29137105;NA;NA;6;13;NA;NA;0.0206440957886045;0.0214844072782561
VEGFAs2;884;NA;NA;16_48164882_48164882;NA;NA;NA;2;NA;NA;NA;0.00688136526286815;NA
VEGFAs2;899;NA;NA;16_88914972_88914974;16_88914973_88914973;NA;NA;5;10;NA;NA;0.0172034131571704;0.0165264671371201
VEGFAs2;910;NA;NA;17_9714992_9714992;NA;NA;NA;3;NA;NA;NA;0.0103220478943022;NA
VEGFAs2;918;NA;NA;17_19337863_19337863;17_19337864_19337864;NA;NA;2;8;NA;NA;0.00688136526286815;0.0132211737096961
VEGFAs2;919;NA;NA;17_21172437_21172439;17_21172440_21172440;NA;NA;4;7;NA;NA;0.0137627305257363;0.0115685269959841
VEGFAs2;923;NA;NA;17_30648221_30648221;NA;NA;NA;3;NA;NA;NA;0.0103220478943022;NA
VEGFAs2;930;NA;NA;17_38707215_38707215;17_38707216_38707216;NA;NA;2;3;NA;NA;0.00688136526286815;0.00495794014113603
VEGFAs2;933;NA;NA;17_40327132_40327132;NA;NA;NA;2;NA;NA;NA;0.00688136526286815;NA
VEGFAs2;935;NA;NA;17_42022757_42022757;17_42022758_42022758;NA;NA;2;12;NA;NA;0.00688136526286815;0.0198317605645441
VEGFAs2;937;NA;NA;17_43833603_43833603;NA;NA;NA;2;NA;NA;NA;0.00688136526286815;NA
VEGFAs2;940;NA;NA;17_47692953_47692953;17_47692953_47692953;NA;NA;2;3;NA;NA;0.00688136526286815;0.00495794014113603
VEGFAs2;982;NA;NA;18_32092473_32092473;18_32092465_32092465;NA;NA;2;4;NA;NA;0.00688136526286815;0.00661058685484804
VEGFAs2;991;NA;NA;19_710353_710353;19_710354_710354;NA;NA;3;5;NA;NA;0.0103220478943022;0.00826323356856005
VEGFAs2;993;NA;NA;19_1417043_1417043;NA;NA;NA;2;NA;NA;NA;0.00688136526286815;NA
VEGFAs2;1023;NA;NA;19_14384582_14384582;19_14384583_14384583;NA;NA;2;4;NA;NA;0.00688136526286815;0.00661058685484804
VEGFAs2;1026;NA;NA;19_16748542_16748542;NA;NA;NA;4;NA;NA;NA;0.0137627305257363;NA
VEGFAs2;1035;NA;NA;19_37333926_37333926;19_37333926_37333926;NA;NA;7;10;NA;NA;0.0240847784200385;0.0165264671371201
VEGFAs2;1036;NA;NA;19_38302415_38302415;NA;NA;NA;2;NA;NA;NA;0.00688136526286815;NA
VEGFAs2;108;NA;NA;2_3028178_3028178;NA;NA;NA;2;NA;NA;NA;0.00688136526286815;NA
VEGFAs2;111;NA;NA;2_8088057_8088057;2_8088059_8088059;NA;NA;2;4;NA;NA;0.00688136526286815;0.00661058685484804
VEGFAs2;119;NA;NA;2_21183918_21183918;NA;NA;NA;2;NA;NA;NA;0.00688136526286815;NA
VEGFAs2;124;NA;NA;2_38292128_38292128;2_38292129_38292129;NA;NA;4;6;NA;NA;0.0137627305257363;0.00991588028227206
VEGFAs2;134;NA;NA;2_55616813_55616813;NA;NA;NA;3;NA;NA;NA;0.0103220478943022;NA
VEGFAs2;140;NA;NA;2_63506573_63506573;2_63506574_63506574;NA;NA;4;7;NA;NA;0.0137627305257363;0.0115685269959841
VEGFAs2;146;NA;NA;2_86077110_86077110;2_86077111_86077111;NA;NA;5;17;NA;NA;0.0172034131571704;0.0280949941331042
VEGFAs2;149;NA;NA;2_91477088_91477088;2_91477089_91477089;NA;NA;2;2;NA;NA;0.00688136526286815;0.00330529342742402
VEGFAs2;167;NA;NA;2_155479783_155479783;NA;NA;NA;2;NA;NA;NA;0.00688136526286815;NA
VEGFAs2;181;NA;NA;2_217706887_217706887;2_217706887_217706887;NA;NA;3;6;NA;NA;0.0103220478943022;0.00991588028227206
VEGFAs2;1098;NA;NA;22_25404633_25404633;22_25404625_25404625;NA;NA;2;7;NA;NA;0.00688136526286815;0.0115685269959841
VEGFAs2;1113;NA;NA;22_44181723_44181723;NA;NA;NA;2;NA;NA;NA;0.00688136526286815;NA
VEGFAs2;1117;NA;NA;22_46392357_46392357;NA;NA;NA;3;NA;NA;NA;0.0103220478943022;NA
VEGFAs2;205;NA;NA;3_17603673_17603673;3_17603674_17603674;NA;NA;2;8;NA;NA;0.00688136526286815;0.0132211737096961
VEGFAs2;210;NA;NA;3_23326837_23326837;3_23326837_23326837;NA;NA;4;5;NA;NA;0.0137627305257363;0.00826323356856005
VEGFAs2;220;NA;NA;3_47371401_47371401;3_47371401_47371401;NA;NA;2;3;NA;NA;0.00688136526286815;0.00495794014113603
VEGFAs2;221;NA;NA;3_48655855_48655855;3_48655856_48655856;NA;NA;3;3;NA;NA;0.0103220478943022;0.00495794014113603
VEGFAs2;249;NA;NA;3_126692352_126692352;NA;NA;NA;2;NA;NA;NA;0.00688136526286815;NA
VEGFAs2;258;NA;NA;3_151140418_151140418;NA;NA;NA;2;NA;NA;NA;0.00688136526286815;NA
VEGFAs2;262;NA;NA;3_165900493_165900493;NA;NA;NA;6;NA;NA;NA;0.0206440957886045;NA
VEGFAs2;278;NA;NA;4_2484091_2484091;NA;NA;NA;2;NA;NA;NA;0.00688136526286815;NA
VEGFAs2;279;NA;NA;4_4387558_4387558;4_4387558_4387558;NA;NA;2;5;NA;NA;0.00688136526286815;0.00826323356856005
VEGFAs2;280;NA;NA;4_7192052_7192052;4_7192053_7192053;NA;NA;2;4;NA;NA;0.00688136526286815;0.00661058685484804
VEGFAs2;296;NA;NA;4_52931526_52931526;NA;NA;NA;2;NA;NA;NA;0.00688136526286815;NA
VEGFAs2;302;NA;NA;4_77626371_77626371;NA;NA;NA;3;NA;NA;NA;0.0103220478943022;NA
VEGFAs2;319;NA;NA;4_153810751_153810751;4_153810750_153810750;NA;NA;6;19;NA;NA;0.0206440957886045;0.0314002875605282
VEGFAs2;331;NA;NA;4_185020065_185020065;4_185020066_185020066;NA;NA;2;2;NA;NA;0.00688136526286815;0.00330529342742402
VEGFAs2;354;NA;NA;5_123091081_123091083;5_123091083_123091083;NA;NA;9;16;NA;NA;0.0309661436829067;0.0264423474193922
VEGFAs2;363;NA;NA;5_139700245_139700245;NA;NA;NA;2;NA;NA;NA;0.00688136526286815;NA
VEGFAs2;365;NA;NA;5_147452695_147452695;5_147452696_147452696;NA;NA;4;9;NA;NA;0.0137627305257363;0.0148738204234081
VEGFAs2;383;NA;NA;6_13814595_13814597;6_13814596_13814596;NA;NA;5;9;NA;NA;0.0172034131571704;0.0148738204234081
VEGFAs2;386;NA;NA;6_26470391_26470391;6_26470395_26470395;NA;NA;7;24;NA;NA;0.0240847784200385;0.0396635211290882
VEGFAs2;390;NA;NA;6_31495048_31495048;6_31495050_31495050;NA;NA;2;4;NA;NA;0.00688136526286815;0.00661058685484804
VEGFAs2;396;NA;NA;6_43369598_43369598;6_43369598_43369598;NA;NA;2;6;NA;NA;0.00688136526286815;0.00991588028227206
VEGFAs2;415;NA;NA;6_110199831_110199831;6_110199831_110199831;NA;NA;3;5;NA;NA;0.0103220478943022;0.00826323356856005
VEGFAs2;425;NA;NA;6_144248340_144248340;6_144248348_144248348;NA;NA;2;5;NA;NA;0.00688136526286815;0.00826323356856005
VEGFAs2;426;NA;NA;6_145030981_145030981;6_145030981_145030981;NA;NA;5;10;NA;NA;0.0172034131571704;0.0165264671371201
VEGFAs2;428;NA;NA;6_149450534_149450534;6_149450532_149450532;NA;NA;3;9;NA;NA;0.0103220478943022;0.0148738204234081
VEGFAs2;430;NA;NA;6_156251754_156251754;6_156251755_156251755;NA;NA;3;5;NA;NA;0.0103220478943022;0.00826323356856005
VEGFAs2;437;NA;NA;7_727834_727834;7_727835_727835;NA;NA;3;14;NA;NA;0.0103220478943022;0.0231370539919681
VEGFAs2;457;NA;NA;7_46415082_46415082;7_46415085_46415085;NA;NA;2;3;NA;NA;0.00688136526286815;0.00495794014113603
VEGFAs2;458;NA;NA;7_50315370_50315370;7_50315370_50315370;NA;NA;2;4;NA;NA;0.00688136526286815;0.00661058685484804
VEGFAs2;459;NA;NA;7_50697830_50697830;7_50697831_50697831;NA;NA;2;4;NA;NA;0.00688136526286815;0.00661058685484804
VEGFAs2;464;NA;NA;7_77258158_77258164;7_77258167_77258167;NA;NA;5;6;NA;NA;0.0172034131571704;0.00991588028227206
VEGFAs2;468;NA;NA;7_99314759_99314759;7_99314761_99314761;NA;NA;3;6;NA;NA;0.0103220478943022;0.00991588028227206
VEGFAs2;474;NA;NA;7_102616275_102616275;NA;NA;NA;2;NA;NA;NA;0.00688136526286815;NA
VEGFAs2;477;NA;NA;7_106285212_106285212;7_106285213_106285213;NA;NA;7;17;NA;NA;0.0240847784200385;0.0280949941331042
VEGFAs2;492;NA;NA;7_151242378_151242378;7_151242379_151242379;NA;NA;2;4;NA;NA;0.00688136526286815;0.00661058685484804
VEGFAs2;493;NA;NA;7_151252699_151252700;NA;NA;NA;5;NA;NA;NA;0.0172034131571704;NA
VEGFAs2;504;NA;NA;8_17364591_17364591;NA;NA;NA;3;NA;NA;NA;0.0103220478943022;NA
VEGFAs2;507;NA;NA;8_19083310_19083318;8_19083309_19083309;NA;NA;7;10;NA;NA;0.0240847784200385;0.0165264671371201
VEGFAs2;521;NA;NA;8_87119618_87119618;NA;NA;NA;2;NA;NA;NA;0.00688136526286815;NA
VEGFAs2;522;NA;NA;8_88580065_88580065;8_88580066_88580066;NA;NA;2;4;NA;NA;0.00688136526286815;0.00661058685484804
VEGFAs2;524;NA;NA;8_91148246_91148246;NA;NA;NA;2;NA;NA;NA;0.00688136526286815;NA
VEGFAs2;539;NA;NA;8_127739340_127739340;8_127739341_127739341;NA;NA;2;3;NA;NA;0.00688136526286815;0.00495794014113603
VEGFAs2;540;NA;NA;8_133463960_133463960;NA;NA;NA;4;NA;NA;NA;0.0137627305257363;NA
VEGFAs2;546;NA;NA;8_143080487_143080492;8_143080486_143080486;NA;NA;6;10;NA;NA;0.0206440957886045;0.0165264671371201
VEGFAs2;557;NA;NA;9_34199752_34199752;NA;NA;NA;2;NA;NA;NA;0.00688136526286815;NA
VEGFAs2;561;NA;NA;9_37990366_37990366;NA;NA;NA;2;NA;NA;NA;0.00688136526286815;NA
VEGFAs2;562;NA;NA;9_37990378_37990378;9_37990378_37990378;NA;NA;4;10;NA;NA;0.0137627305257363;0.0165264671371201
VEGFAs2;563;NA;NA;9_71891035_71891035;NA;NA;NA;3;NA;NA;NA;0.0103220478943022;NA
VEGFAs2;567;NA;NA;9_83979521_83979521;9_83979525_83979525;NA;NA;2;5;NA;NA;0.00688136526286815;0.00826323356856005
VEGFAs2;571;NA;NA;9_91224844_91224844;NA;NA;NA;3;NA;NA;NA;0.0103220478943022;NA
VEGFAs2;572;NA;NA;9_91405893_91405893;9_91405893_91405893;NA;NA;2;3;NA;NA;0.00688136526286815;0.00495794014113603
VEGFAs2;585;NA;NA;9_123909195_123909195;9_123909197_123909197;NA;NA;2;1;NA;NA;0.00688136526286815;0.00165264671371201
VEGFAs2;586;NA;NA;9_126124222_126124222;9_126124222_126124222;NA;NA;2;11;NA;NA;0.00688136526286815;0.0181791138508321
VEGFAs2;592;NA;NA;9_129106984_129106984;NA;NA;NA;3;NA;NA;NA;0.0103220478943022;NA
VEGFAs2;593;NA;NA;9_129107005_129107005;9_129106996_129106996;NA;NA;5;20;NA;NA;0.0172034131571704;0.0330529342742402
VEGFAs2;597;NA;NA;9_133559070_133559070;9_133559076_133559076;NA;NA;3;5;NA;NA;0.0103220478943022;0.00826323356856005
VEGFAs2;599;NA;NA;9_136095720_136095720;9_136095721_136095721;NA;NA;2;6;NA;NA;0.00688136526286815;0.00991588028227206
VEGFAs2;604;NA;NA;9_137455881_137455881;9_137455883_137455883;NA;NA;4;6;NA;NA;0.0137627305257363;0.00991588028227206
VEGFAs2;1192;NA;NA;MT_7418_7418;NA;NA;NA;2;NA;NA;NA;0.00688136526286815;NA
VEGFAs2;1195;NA;NA;MT_8473_8473;NA;NA;NA;2;NA;NA;NA;0.00688136526286815;NA
VEGFAs2;1124;NA;NA;X_1453455_1453455;NA;NA;NA;3;NA;NA;NA;0.0103220478943022;NA
VEGFAs2;1131;NA;NA;X_43544500_43544500;X_43544499_43544499;NA;NA;3;4;NA;NA;0.0103220478943022;0.00661058685484804
VEGFAs2;1135;NA;NA;X_65348081_65348081;X_65348082_65348082;NA;NA;3;5;NA;NA;0.0103220478943022;0.00826323356856005
VEGFAs2;1146;NA;NA;X_124593669_124593669;X_124593671_124593671;NA;NA;4;6;NA;NA;0.0137627305257363;0.00991588028227206
VEGFAs2;1148;NA;NA;X_132297488_132297488;NA;NA;NA;3;NA;NA;NA;0.0103220478943022;NA
VEGFAs2;1149;NA;NA;X_132490220_132490220;X_132490221_132490221;NA;NA;2;7;NA;NA;0.00688136526286815;0.0115685269959841
VEGFAs2;1159;NA;NA;Y_1453455_1453455;NA;NA;NA;2;NA;NA;NA;0.00688136526286815;NA
VEGFAs3;1;NA;NA;1_629699_629699;NA;NA;NA;3;NA;NA;NA;0.0242385069079745;NA
VEGFAs3;21;NA;NA;1_29732370_29732370;1_29732372_29732372;NA;NA;2;4;NA;NA;0.0161590046053163;0.0134322844957856
VEGFAs3;40;NA;NA;1_51899169_51899169;NA;NA;NA;2;NA;NA;NA;0.0161590046053163;NA
VEGFAs3;77;NA;NA;1_165747715_165747715;NA;NA;NA;2;NA;NA;NA;0.0161590046053163;NA
VEGFAs3;94;NA;NA;1_211636364_211636364;1_211636355_211636355;NA;NA;2;9;NA;NA;0.0161590046053163;0.0302226401155176
VEGFAs3;95;NA;NA;1_219058297_219058297;NA;NA;NA;2;NA;NA;NA;0.0161590046053163;NA
VEGFAs3;701;NA;NA;11_70604574_70604574;NA;NA;NA;2;NA;NA;NA;0.0161590046053163;NA
VEGFAs3;712;NA;NA;11_82926591_82926591;NA;NA;NA;2;NA;NA;NA;0.0161590046053163;NA
VEGFAs3;715;NA;NA;11_88681632_88681632;NA;NA;NA;2;NA;NA;NA;0.0161590046053163;NA
VEGFAs3;730;NA;NA;12_6827889_6827889;12_6827890_6827890;NA;NA;3;10;NA;NA;0.0242385069079745;0.0335807112394641
VEGFAs3;758;NA;NA;12_104136687_104136687;NA;NA;NA;2;NA;NA;NA;0.0161590046053163;NA
VEGFAs3;774;NA;NA;13_29706701_29706701;13_29706702_29706702;NA;NA;2;3;NA;NA;0.0161590046053163;0.0100742133718392
VEGFAs3;783;NA;NA;13_94230512_94230512;NA;NA;NA;3;NA;NA;NA;0.0242385069079745;NA
VEGFAs3;894;NA;NA;16_77767651_77767651;NA;NA;NA;3;NA;NA;NA;0.0242385069079745;NA
VEGFAs3;920;NA;NA;17_26494632_26494632;NA;NA;NA;2;NA;NA;NA;0.0161590046053163;NA
VEGFAs3;928;NA;NA;17_34996248_34996248;17_34996249_34996249;NA;NA;2;5;NA;NA;0.0161590046053163;0.016790355619732
VEGFAs3;963;NA;NA;17_76050620_76050620;17_76050621_76050621;NA;NA;2;7;NA;NA;0.0161590046053163;0.0235064978676248
VEGFAs3;988;NA;NA;18_75574125_75574125;18_75574125_75574125;NA;NA;2;9;NA;NA;0.0161590046053163;0.0302226401155176
VEGFAs3;1037;NA;NA;19_38649363_38649363;19_38649363_38649363;NA;NA;2;2;NA;NA;0.0161590046053163;0.00671614224789281
VEGFAs3;118;NA;NA;2_18514957_18514958;2_18514958_18514958;NA;NA;6;13;NA;NA;0.0484770138159489;0.0436549246113033
VEGFAs3;136;NA;NA;2_56726632_56726632;NA;NA;NA;3;NA;NA;NA;0.0242385069079745;NA
VEGFAs3;191;NA;NA;2_234216785_234216785;NA;NA;NA;2;NA;NA;NA;0.0161590046053163;NA
VEGFAs3;1070;NA;NA;20_52107859_52107859;20_52107865_52107865;NA;NA;3;6;NA;NA;0.0242385069079745;0.0201484267436784
VEGFAs3;1108;NA;NA;22_40555709_40555709;NA;NA;NA;2;NA;NA;NA;0.0161590046053163;NA
VEGFAs3;214;NA;NA;3_36549902_36549902;3_36549902_36549902;NA;NA;4;14;NA;NA;0.0323180092106326;0.0470129957352497
VEGFAs3;225;NA;NA;3_59850582_59850582;NA;NA;NA;2;NA;NA;NA;0.0161590046053163;NA
VEGFAs3;255;NA;NA;3_142208661_142208661;NA;NA;NA;2;NA;NA;NA;0.0161590046053163;NA
VEGFAs3;256;NA;NA;3_142979830_142979830;NA;NA;NA;2;NA;NA;NA;0.0161590046053163;NA
VEGFAs3;300;NA;NA;4_69045123_69045123;NA;NA;NA;2;NA;NA;NA;0.0161590046053163;NA
VEGFAs3;328;NA;NA;4_182808687_182808687;4_182808688_182808688;NA;NA;2;2;NA;NA;0.0161590046053163;0.00671614224789281
VEGFAs3;356;NA;NA;5_131521908_131521908;5_131521909_131521909;NA;NA;2;7;NA;NA;0.0161590046053163;0.0235064978676248
VEGFAs3;370;NA;NA;5_168234196_168234196;NA;NA;NA;2;NA;NA;NA;0.0161590046053163;NA
VEGFAs3;384;NA;NA;6_16358448_16358448;NA;NA;NA;2;NA;NA;NA;0.0161590046053163;NA
VEGFAs3;417;NA;NA;6_116246185_116246185;NA;NA;NA;2;NA;NA;NA;0.0161590046053163;NA
VEGFAs3;484;NA;NA;7_132199878_132199878;7_132199880_132199880;NA;NA;2;3;NA;NA;0.0161590046053163;0.0100742133718392
VEGFAs3;494;NA;NA;7_152974292_152974292;7_152974293_152974293;NA;NA;2;2;NA;NA;0.0161590046053163;0.00671614224789281
VEGFAs3;496;NA;NA;7_153331486_153331486;7_153331482_153331482;NA;NA;2;4;NA;NA;0.0161590046053163;0.0134322844957856
VEGFAs3;499;NA;NA;8_1178036_1178036;NA;NA;NA;3;NA;NA;NA;0.0242385069079745;NA
VEGFAs3;508;NA;NA;8_23074988_23074988;8_23074990_23074990;NA;NA;2;3;NA;NA;0.0161590046053163;0.0100742133718392
VEGFAs3;532;NA;NA;8_113950635_113950635;NA;NA;NA;3;NA;NA;NA;0.0242385069079745;NA
VEGFAs3;569;NA;NA;9_89410749_89410749;NA;NA;NA;2;NA;NA;NA;0.0161590046053163;NA
VEGFAs3;583;NA;NA;9_117449884_117449884;NA;NA;NA;2;NA;NA;NA;0.0161590046053163;NA
VEGFAs3;1178;NA;NA;MT_4148_4148;NA;NA;NA;3;NA;NA;NA;0.0242385069079745;NA
VEGFAs3;1179;NA;NA;MT_4529_4529;NA;NA;NA;5;NA;NA;NA;0.0403975115132908;NA
VEGFAs3;1184;NA;NA;MT_5439_5439;NA;NA;NA;2;NA;NA;NA;0.0161590046053163;NA
VEGFAs3;1201;NA;NA;MT_10613_10615;NA;NA;NA;4;NA;NA;NA;0.0323180092106326;NA
VEGFAs3;1215;NA;NA;MT_14891_14891;NA;NA;NA;3;NA;NA;NA;0.0242385069079745;NA
VEGFAs3;1130;NA;NA;X_41866965_41866965;X_41866965_41866965;NA;NA;2;5;NA;NA;0.0161590046053163;0.016790355619732
VEGFAs3;1133;NA;NA;X_53225547_53225547;NA;NA;NA;2;NA;NA;NA;0.0161590046053163;NA
VEGFAs3;1154;NA;NA;X_144759136_144759136;NA;NA;NA;3;NA;NA;NA;0.0242385069079745;NA
B2M;36;NA;NA;NA;1_48779011_48779011;NA;NA;NA;7;NA;NA;NA;0.0366530526756728
B2M;749;NA;NA;NA;12_65197076_65197076;NA;NA;NA;4;NA;NA;NA;0.0209446015289559
B2M;779;NA;NA;NA;13_76499461_76499461;NA;NA;NA;1;NA;NA;NA;0.00523615038223898
B2M;782;NA;NA;NA;13_92919860_92919860;NA;NA;NA;4;NA;NA;NA;0.0209446015289559
B2M;844;NA;NA;NA;15_45179617_45179617;NA;NA;NA;1;NA;NA;NA;0.00523615038223898
B2M;909;NA;NA;NA;17_8901363_8901363;NA;NA;NA;1;NA;NA;NA;0.00523615038223898
B2M;939;NA;NA;NA;17_46037815_46037815;NA;NA;NA;2;NA;NA;NA;0.010472300764478
B2M;952;NA;NA;NA;17_66986364_66986364;NA;NA;NA;10;NA;NA;NA;0.0523615038223898
B2M;106;NA;NA;NA;2_1899961_1899961;NA;NA;NA;17;NA;NA;NA;0.0890145564980626
B2M;179;NA;NA;NA;2_207331105_207331105;NA;NA;NA;1;NA;NA;NA;0.00523615038223898
B2M;1072;NA;NA;NA;20_54587757_54587757;NA;NA;NA;9;NA;NA;NA;0.0471253534401508
B2M;1107;NA;NA;NA;22_39934236_39934236;NA;NA;NA;10;NA;NA;NA;0.0523615038223898
B2M;244;NA;NA;NA;3_114026454_114026454;NA;NA;NA;13;NA;NA;NA;0.0680699549691067
B2M;303;NA;NA;NA;4_78554451_78554451;NA;NA;NA;8;NA;NA;NA;0.0418892030579118
B2M;395;NA;NA;NA;6_41864510_41864510;NA;NA;NA;1;NA;NA;NA;0.00523615038223898
B2M;418;NA;NA;NA;6_121383388_121383388;NA;NA;NA;1;NA;NA;NA;0.00523615038223898
B2M;564;NA;NA;NA;9_75366468_75366468;NA;NA;NA;1;NA;NA;NA;0.00523615038223898
B2M;568;NA;NA;NA;9_87127272_87127272;NA;NA;NA;12;NA;NA;NA;0.0628338045868677
TRAC;105;NA;NA;NA;1_246060700_246060700;NA;NA;NA;3;NA;NA;NA;0.0199004975124378
TRAC;608;NA;NA;NA;10_15363669_15363669;NA;NA;NA;2;NA;NA;NA;0.0132669983416252
TRAC;611;NA;NA;NA;10_32483562_32483562;NA;NA;NA;5;NA;NA;NA;0.033167495854063
TRAC;623;NA;NA;NA;10_85258339_85258339;NA;NA;NA;1;NA;NA;NA;0.0066334991708126
TRAC;634;NA;NA;NA;10_118374608_118374608;NA;NA;NA;4;NA;NA;NA;0.0265339966832504
TRAC;658;NA;NA;NA;11_13599737_13599737;NA;NA;NA;4;NA;NA;NA;0.0265339966832504
TRAC;718;NA;NA;NA;11_110426793_110426793;NA;NA;NA;10;NA;NA;NA;0.066334991708126
TRAC;734;NA;NA;NA;12_15346176_15346176;NA;NA;NA;8;NA;NA;NA;0.0530679933665008
TRAC;771;NA;NA;NA;13_25112558_25112558;NA;NA;NA;11;NA;NA;NA;0.0729684908789386
TRAC;793;NA;NA;NA;14_26950893_26950893;NA;NA;NA;2;NA;NA;NA;0.0132669983416252
TRAC;846;NA;NA;NA;15_63770903_63770903;NA;NA;NA;2;NA;NA;NA;0.0132669983416252
TRAC;854;NA;NA;NA;15_74512210_74512210;NA;NA;NA;1;NA;NA;NA;0.0066334991708126
TRAC;945;NA;NA;NA;17_51569353_51569353;NA;NA;NA;1;NA;NA;NA;0.0066334991708126
TRAC;117;NA;NA;NA;2_16865328_16865328;NA;NA;NA;6;NA;NA;NA;0.0398009950248756
TRAC;120;NA;NA;NA;2_24015942_24015942;NA;NA;NA;1;NA;NA;NA;0.0066334991708126
TRAC;164;NA;NA;NA;2_140593908_140593908;NA;NA;NA;7;NA;NA;NA;0.0464344941956882
TRAC;186;NA;NA;NA;2_222375422_222375422;NA;NA;NA;1;NA;NA;NA;0.0066334991708126
TRAC;209;NA;NA;NA;3_23143974_23143974;NA;NA;NA;3;NA;NA;NA;0.0199004975124378
TRAC;229;NA;NA;NA;3_80931902_80931902;NA;NA;NA;8;NA;NA;NA;0.0530679933665008
TRAC;263;NA;NA;NA;3_165963016_165963016;NA;NA;NA;1;NA;NA;NA;0.0066334991708126
TRAC;306;NA;NA;NA;4_96928625_96928625;NA;NA;NA;7;NA;NA;NA;0.0464344941956882
TRAC;311;NA;NA;NA;4_109162751_109162751;NA;NA;NA;5;NA;NA;NA;0.033167495854063
TRAC;312;NA;NA;NA;4_110486369_110486369;NA;NA;NA;2;NA;NA;NA;0.0132669983416252
TRAC;347;NA;NA;NA;5_84203301_84203301;NA;NA;NA;8;NA;NA;NA;0.0530679933665008
TRAC;379;NA;NA;NA;6_5744127_5744127;NA;NA;NA;9;NA;NA;NA;0.0597014925373134
TRAC;435;NA;NA;NA;6_165227578_165227578;NA;NA;NA;1;NA;NA;NA;0.0066334991708126
TRAC;478;NA;NA;NA;7_114162835_114162835;NA;NA;NA;3;NA;NA;NA;0.0199004975124378
TRAC;486;NA;NA;NA;7_136092081_136092081;NA;NA;NA;9;NA;NA;NA;0.0597014925373134
TRAC;1152;NA;NA;NA;X_137243059_137243059;NA;NA;NA;5;NA;NA;NA;0.033167495854063
TRAC;1158;NA;NA;NA;X_155310183_155310183;NA;NA;NA;1;NA;NA;NA;0.0066334991708126
VEGFAs2;8;NA;NA;NA;1_7507848_7507848;NA;NA;NA;2;NA;NA;NA;0.00330529342742402
VEGFAs2;10;NA;NA;NA;1_9824832_9824832;NA;NA;NA;1;NA;NA;NA;0.00165264671371201
VEGFAs2;20;NA;NA;NA;1_27435628_27435628;NA;NA;NA;6;NA;NA;NA;0.00991588028227206
VEGFAs2;24;NA;NA;NA;1_31801616_31801616;NA;NA;NA;10;NA;NA;NA;0.0165264671371201
VEGFAs2;25;NA;NA;NA;1_32099319_32099319;NA;NA;NA;2;NA;NA;NA;0.00330529342742402
VEGFAs2;27;NA;NA;NA;1_35718682_35718682;NA;NA;NA;6;NA;NA;NA;0.00991588028227206
VEGFAs2;38;NA;NA;NA;1_51752247_51752247;NA;NA;NA;5;NA;NA;NA;0.00826323356856005
VEGFAs2;39;NA;NA;NA;1_51791192_51791192;NA;NA;NA;3;NA;NA;NA;0.00495794014113603
VEGFAs2;42;NA;NA;NA;1_53529764_53529764;NA;NA;NA;2;NA;NA;NA;0.00330529342742402
VEGFAs2;44;NA;NA;NA;1_54788372_54788372;NA;NA;NA;2;NA;NA;NA;0.00330529342742402
VEGFAs2;45;NA;NA;NA;1_64842459_64842459;NA;NA;NA;2;NA;NA;NA;0.00330529342742402
VEGFAs2;50;NA;NA;NA;1_101107632_101107632;NA;NA;NA;3;NA;NA;NA;0.00495794014113603
VEGFAs2;54;NA;NA;NA;1_111317980_111317980;NA;NA;NA;3;NA;NA;NA;0.00495794014113603
VEGFAs2;56;NA;NA;NA;1_112165658_112165658;NA;NA;NA;1;NA;NA;NA;0.00165264671371201
VEGFAs2;57;NA;NA;NA;1_112691725_112691725;NA;NA;NA;3;NA;NA;NA;0.00495794014113603
VEGFAs2;64;NA;NA;NA;1_125086786_125086786;NA;NA;NA;1;NA;NA;NA;0.00165264671371201
VEGFAs2;75;NA;NA;NA;1_155687893_155687893;NA;NA;NA;1;NA;NA;NA;0.00165264671371201
VEGFAs2;76;NA;NA;NA;1_161728220_161728220;NA;NA;NA;1;NA;NA;NA;0.00165264671371201
VEGFAs2;85;NA;NA;NA;1_185318647_185318647;NA;NA;NA;1;NA;NA;NA;0.00165264671371201
VEGFAs2;96;NA;NA;NA;1_221709327_221709327;NA;NA;NA;3;NA;NA;NA;0.00495794014113603
VEGFAs2;98;NA;NA;NA;1_226737884_226737884;NA;NA;NA;3;NA;NA;NA;0.00495794014113603
VEGFAs2;100;NA;NA;NA;1_227561514_227561514;NA;NA;NA;6;NA;NA;NA;0.00991588028227206
VEGFAs2;101;NA;NA;NA;1_237032381_237032381;NA;NA;NA;1;NA;NA;NA;0.00165264671371201
VEGFAs2;102;NA;NA;NA;1_244645511_244645511;NA;NA;NA;4;NA;NA;NA;0.00661058685484804
VEGFAs2;610;NA;NA;NA;10_29769266_29769266;NA;NA;NA;1;NA;NA;NA;0.00165264671371201
VEGFAs2;631;NA;NA;NA;10_110521763_110521763;NA;NA;NA;1;NA;NA;NA;0.00165264671371201
VEGFAs2;636;NA;NA;NA;10_123168100_123168100;NA;NA;NA;7;NA;NA;NA;0.0115685269959841
VEGFAs2;639;NA;NA;NA;10_129470830_129470830;NA;NA;NA;1;NA;NA;NA;0.00165264671371201
VEGFAs2;647;NA;NA;NA;11_393512_393512;NA;NA;NA;2;NA;NA;NA;0.00330529342742402
VEGFAs2;648;NA;NA;NA;11_790854_790854;NA;NA;NA;1;NA;NA;NA;0.00165264671371201
VEGFAs2;654;NA;NA;NA;11_7077947_7077947;NA;NA;NA;1;NA;NA;NA;0.00165264671371201
VEGFAs2;661;NA;NA;NA;11_17641109_17641109;NA;NA;NA;1;NA;NA;NA;0.00165264671371201
VEGFAs2;669;NA;NA;NA;11_32073153_32073153;NA;NA;NA;1;NA;NA;NA;0.00165264671371201
VEGFAs2;671;NA;NA;NA;11_39990031_39990031;NA;NA;NA;3;NA;NA;NA;0.00495794014113603
VEGFAs2;678;NA;NA;NA;11_48239437_48239437;NA;NA;NA;1;NA;NA;NA;0.00165264671371201
VEGFAs2;681;NA;NA;NA;11_61429428_61429428;NA;NA;NA;1;NA;NA;NA;0.00165264671371201
VEGFAs2;685;NA;NA;NA;11_62715182_62715182;NA;NA;NA;1;NA;NA;NA;0.00165264671371201
VEGFAs2;691;NA;NA;NA;11_64184247_64184247;NA;NA;NA;1;NA;NA;NA;0.00165264671371201
VEGFAs2;696;NA;NA;NA;11_66325940_66325940;NA;NA;NA;7;NA;NA;NA;0.0115685269959841
VEGFAs2;702;NA;NA;NA;11_71197286_71197286;NA;NA;NA;1;NA;NA;NA;0.00165264671371201
VEGFAs2;716;NA;NA;NA;11_106397398_106397398;NA;NA;NA;7;NA;NA;NA;0.0115685269959841
VEGFAs2;723;NA;NA;NA;11_128819272_128819272;NA;NA;NA;3;NA;NA;NA;0.00495794014113603
VEGFAs2;728;NA;NA;NA;11_134549264_134549264;NA;NA;NA;8;NA;NA;NA;0.0132211737096961
VEGFAs2;729;NA;NA;NA;12_2794597_2794597;NA;NA;NA;2;NA;NA;NA;0.00330529342742402
VEGFAs2;739;NA;NA;NA;12_49132350_49132350;NA;NA;NA;5;NA;NA;NA;0.00826323356856005
VEGFAs2;742;NA;NA;NA;12_56239753_56239753;NA;NA;NA;1;NA;NA;NA;0.00165264671371201
VEGFAs2;752;NA;NA;NA;12_74072003_74072003;NA;NA;NA;3;NA;NA;NA;0.00495794014113603
VEGFAs2;754;NA;NA;NA;12_86287520_86287520;NA;NA;NA;5;NA;NA;NA;0.00826323356856005
VEGFAs2;760;NA;NA;NA;12_108106031_108106031;NA;NA;NA;3;NA;NA;NA;0.00495794014113603
VEGFAs2;761;NA;NA;NA;12_113389301_113389301;NA;NA;NA;2;NA;NA;NA;0.00330529342742402
VEGFAs2;766;NA;NA;NA;12_132044821_132044821;NA;NA;NA;2;NA;NA;NA;0.00330529342742402
VEGFAs2;769;NA;NA;NA;13_18300146_18300146;NA;NA;NA;1;NA;NA;NA;0.00165264671371201
VEGFAs2;781;NA;NA;NA;13_83235630_83235630;NA;NA;NA;2;NA;NA;NA;0.00330529342742402
VEGFAs2;787;NA;NA;NA;13_109013130_109013130;NA;NA;NA;1;NA;NA;NA;0.00165264671371201
VEGFAs2;790;NA;NA;NA;13_114155518_114155518;NA;NA;NA;1;NA;NA;NA;0.00165264671371201
VEGFAs2;800;NA;NA;NA;14_65522736_65522736;NA;NA;NA;1;NA;NA;NA;0.00165264671371201
VEGFAs2;804;NA;NA;NA;14_69014319_69014319;NA;NA;NA;3;NA;NA;NA;0.00495794014113603
VEGFAs2;807;NA;NA;NA;14_72983362_72983362;NA;NA;NA;1;NA;NA;NA;0.00165264671371201
VEGFAs2;812;NA;NA;NA;14_79362313_79362313;NA;NA;NA;6;NA;NA;NA;0.00991588028227206
VEGFAs2;819;NA;NA;NA;14_100569862_100569862;NA;NA;NA;1;NA;NA;NA;0.00165264671371201
VEGFAs2;824;NA;NA;NA;15_31648660_31648660;NA;NA;NA;4;NA;NA;NA;0.00661058685484804
VEGFAs2;827;NA;NA;NA;15_35866870_35866870;NA;NA;NA;1;NA;NA;NA;0.00165264671371201
VEGFAs2;847;NA;NA;NA;15_64460715_64460715;NA;NA;NA;2;NA;NA;NA;0.00330529342742402
VEGFAs2;851;NA;NA;NA;15_73598573_73598573;NA;NA;NA;6;NA;NA;NA;0.00991588028227206
VEGFAs2;852;NA;NA;NA;15_73633988_73633988;NA;NA;NA;1;NA;NA;NA;0.00165264671371201
VEGFAs2;856;NA;NA;NA;15_75450874_75450874;NA;NA;NA;5;NA;NA;NA;0.00826323356856005
VEGFAs2;860;NA;NA;NA;15_85795081_85795081;NA;NA;NA;1;NA;NA;NA;0.00165264671371201
VEGFAs2;863;NA;NA;NA;15_99136233_99136233;NA;NA;NA;2;NA;NA;NA;0.00330529342742402
VEGFAs2;868;NA;NA;NA;16_2181153_2181153;NA;NA;NA;1;NA;NA;NA;0.00165264671371201
VEGFAs2;870;NA;NA;NA;16_5017178_5017178;NA;NA;NA;1;NA;NA;NA;0.00165264671371201
VEGFAs2;880;NA;NA;NA;16_24738468_24738468;NA;NA;NA;1;NA;NA;NA;0.00165264671371201
VEGFAs2;881;NA;NA;NA;16_28874103_28874103;NA;NA;NA;2;NA;NA;NA;0.00330529342742402
VEGFAs2;890;NA;NA;NA;16_70742412_70742412;NA;NA;NA;1;NA;NA;NA;0.00165264671371201
VEGFAs2;897;NA;NA;NA;16_85304600_85304600;NA;NA;NA;2;NA;NA;NA;0.00330529342742402
VEGFAs2;898;NA;NA;NA;16_88097473_88097473;NA;NA;NA;1;NA;NA;NA;0.00165264671371201
VEGFAs2;901;NA;NA;NA;17_2383217_2383217;NA;NA;NA;1;NA;NA;NA;0.00165264671371201
VEGFAs2;905;NA;NA;NA;17_4536506_4536506;NA;NA;NA;6;NA;NA;NA;0.00991588028227206
VEGFAs2;916;NA;NA;NA;17_17553965_17553965;NA;NA;NA;2;NA;NA;NA;0.00330529342742402
VEGFAs2;925;NA;NA;NA;17_31399249_31399249;NA;NA;NA;2;NA;NA;NA;0.00330529342742402
VEGFAs2;938;NA;NA;NA;17_45410461_45410461;NA;NA;NA;1;NA;NA;NA;0.00165264671371201
VEGFAs2;941;NA;NA;NA;17_47699039_47699039;NA;NA;NA;2;NA;NA;NA;0.00330529342742402
VEGFAs2;951;NA;NA;NA;17_66303065_66303065;NA;NA;NA;5;NA;NA;NA;0.00826323356856005
VEGFAs2;956;NA;NA;NA;17_72750426_72750426;NA;NA;NA;3;NA;NA;NA;0.00495794014113603
VEGFAs2;959;NA;NA;NA;17_74660538_74660538;NA;NA;NA;1;NA;NA;NA;0.00165264671371201
VEGFAs2;961;NA;NA;NA;17_74923273_74923273;NA;NA;NA;1;NA;NA;NA;0.00165264671371201
VEGFAs2;962;NA;NA;NA;17_75517674_75517674;NA;NA;NA;4;NA;NA;NA;0.00661058685484804
VEGFAs2;964;NA;NA;NA;17_78755624_78755624;NA;NA;NA;2;NA;NA;NA;0.00330529342742402
VEGFAs2;965;NA;NA;NA;17_79195669_79195669;NA;NA;NA;1;NA;NA;NA;0.00165264671371201
VEGFAs2;966;NA;NA;NA;17_80082501_80082501;NA;NA;NA;1;NA;NA;NA;0.00165264671371201
VEGFAs2;971;NA;NA;NA;17_82951797_82951797;NA;NA;NA;4;NA;NA;NA;0.00661058685484804
VEGFAs2;973;NA;NA;NA;18_1341198_1341198;NA;NA;NA;9;NA;NA;NA;0.0148738204234081
VEGFAs2;974;NA;NA;NA;18_5428002_5428002;NA;NA;NA;1;NA;NA;NA;0.00165264671371201
VEGFAs2;977;NA;NA;NA;18_12376931_12376931;NA;NA;NA;1;NA;NA;NA;0.00165264671371201
VEGFAs2;981;NA;NA;NA;18_28388265_28388265;NA;NA;NA;3;NA;NA;NA;0.00495794014113603
VEGFAs2;984;NA;NA;NA;18_49978343_49978343;NA;NA;NA;2;NA;NA;NA;0.00330529342742402
VEGFAs2;987;NA;NA;NA;18_75204269_75204269;NA;NA;NA;3;NA;NA;NA;0.00495794014113603
VEGFAs2;990;NA;NA;NA;18_77433674_77433674;NA;NA;NA;1;NA;NA;NA;0.00165264671371201
VEGFAs2;996;NA;NA;NA;19_1651704_1651704;NA;NA;NA;1;NA;NA;NA;0.00165264671371201
VEGFAs2;997;NA;NA;NA;19_1678816_1678816;NA;NA;NA;3;NA;NA;NA;0.00495794014113603
VEGFAs2;1001;NA;NA;NA;19_3369854_3369854;NA;NA;NA;1;NA;NA;NA;0.00165264671371201
VEGFAs2;1004;NA;NA;NA;19_3867850_3867850;NA;NA;NA;1;NA;NA;NA;0.00165264671371201
VEGFAs2;1005;NA;NA;NA;19_3961366_3961366;NA;NA;NA;1;NA;NA;NA;0.00165264671371201
VEGFAs2;1007;NA;NA;NA;19_5536282_5536282;NA;NA;NA;4;NA;NA;NA;0.00661058685484804
VEGFAs2;1009;NA;NA;NA;19_6659928_6659928;NA;NA;NA;2;NA;NA;NA;0.00330529342742402
VEGFAs2;1017;NA;NA;NA;19_11548259_11548259;NA;NA;NA;2;NA;NA;NA;0.00330529342742402
VEGFAs2;1019;NA;NA;NA;19_13260016_13260016;NA;NA;NA;1;NA;NA;NA;0.00165264671371201
VEGFAs2;1024;NA;NA;NA;19_14535856_14535856;NA;NA;NA;4;NA;NA;NA;0.00661058685484804
VEGFAs2;1034;NA;NA;NA;19_32390536_32390536;NA;NA;NA;2;NA;NA;NA;0.00330529342742402
VEGFAs2;1038;NA;NA;NA;19_38849499_38849499;NA;NA;NA;1;NA;NA;NA;0.00165264671371201
VEGFAs2;1047;NA;NA;NA;19_48646589_48646589;NA;NA;NA;1;NA;NA;NA;0.00165264671371201
VEGFAs2;1048;NA;NA;NA;19_49861738_49861738;NA;NA;NA;1;NA;NA;NA;0.00165264671371201
VEGFAs2;1049;NA;NA;NA;19_50424366_50424366;NA;NA;NA;10;NA;NA;NA;0.0165264671371201
VEGFAs2;1051;NA;NA;NA;19_53602787_53602787;NA;NA;NA;2;NA;NA;NA;0.00330529342742402
VEGFAs2;1053;NA;NA;NA;19_54313306_54313306;NA;NA;NA;3;NA;NA;NA;0.00495794014113603
VEGFAs2;110;NA;NA;NA;2_5733981_5733981;NA;NA;NA;2;NA;NA;NA;0.00330529342742402
VEGFAs2;116;NA;NA;NA;2_16057103_16057103;NA;NA;NA;4;NA;NA;NA;0.00661058685484804
VEGFAs2;122;NA;NA;NA;2_26118443_26118443;NA;NA;NA;5;NA;NA;NA;0.00826323356856005
VEGFAs2;123;NA;NA;NA;2_30732357_30732357;NA;NA;NA;1;NA;NA;NA;0.00165264671371201
VEGFAs2;125;NA;NA;NA;2_38750923_38750923;NA;NA;NA;1;NA;NA;NA;0.00165264671371201
VEGFAs2;130;NA;NA;NA;2_45929115_45929115;NA;NA;NA;1;NA;NA;NA;0.00165264671371201
VEGFAs2;131;NA;NA;NA;2_46167751_46167751;NA;NA;NA;1;NA;NA;NA;0.00165264671371201
VEGFAs2;132;NA;NA;NA;2_46699161_46699161;NA;NA;NA;2;NA;NA;NA;0.00330529342742402
VEGFAs2;133;NA;NA;NA;2_47570996_47570996;NA;NA;NA;1;NA;NA;NA;0.00165264671371201
VEGFAs2;137;NA;NA;NA;2_60403884_60403884;NA;NA;NA;1;NA;NA;NA;0.00165264671371201
VEGFAs2;138;NA;NA;NA;2_62388126_62388126;NA;NA;NA;4;NA;NA;NA;0.00661058685484804
VEGFAs2;144;NA;NA;NA;2_80967275_80967275;NA;NA;NA;1;NA;NA;NA;0.00165264671371201
VEGFAs2;145;NA;NA;NA;2_85288370_85288370;NA;NA;NA;1;NA;NA;NA;0.00165264671371201
VEGFAs2;147;NA;NA;NA;2_88034829_88034829;NA;NA;NA;1;NA;NA;NA;0.00165264671371201
VEGFAs2;150;NA;NA;NA;2_91746541_91746541;NA;NA;NA;5;NA;NA;NA;0.00826323356856005
VEGFAs2;151;NA;NA;NA;2_98184633_98184633;NA;NA;NA;5;NA;NA;NA;0.00826323356856005
VEGFAs2;156;NA;NA;NA;2_111117219_111117219;NA;NA;NA;2;NA;NA;NA;0.00330529342742402
VEGFAs2;159;NA;NA;NA;2_127082097_127082097;NA;NA;NA;11;NA;NA;NA;0.0181791138508321
VEGFAs2;162;NA;NA;NA;2_131544231_131544231;NA;NA;NA;2;NA;NA;NA;0.00330529342742402
VEGFAs2;166;NA;NA;NA;2_153886376_153886376;NA;NA;NA;1;NA;NA;NA;0.00165264671371201
VEGFAs2;169;NA;NA;NA;2_158819806_158819806;NA;NA;NA;1;NA;NA;NA;0.00165264671371201
VEGFAs2;170;NA;NA;NA;2_167877975_167877975;NA;NA;NA;9;NA;NA;NA;0.0148738204234081
VEGFAs2;172;NA;NA;NA;2_171139813_171139813;NA;NA;NA;2;NA;NA;NA;0.00330529342742402
VEGFAs2;177;NA;NA;NA;2_196171764_196171764;NA;NA;NA;1;NA;NA;NA;0.00165264671371201
VEGFAs2;190;NA;NA;NA;2_230160487_230160487;NA;NA;NA;1;NA;NA;NA;0.00165264671371201
VEGFAs2;192;NA;NA;NA;2_240722036_240722036;NA;NA;NA;2;NA;NA;NA;0.00330529342742402
VEGFAs2;1057;NA;NA;NA;20_2400731_2400731;NA;NA;NA;7;NA;NA;NA;0.0115685269959841
VEGFAs2;1059;NA;NA;NA;20_12577768_12577768;NA;NA;NA;4;NA;NA;NA;0.00661058685484804
VEGFAs2;1064;NA;NA;NA;20_21002594_21002594;NA;NA;NA;4;NA;NA;NA;0.00661058685484804
VEGFAs2;1065;NA;NA;NA;20_25259615_25259615;NA;NA;NA;2;NA;NA;NA;0.00330529342742402
VEGFAs2;1066;NA;NA;NA;20_31540327_31540327;NA;NA;NA;1;NA;NA;NA;0.00165264671371201
VEGFAs2;1074;NA;NA;NA;20_63071512_63071512;NA;NA;NA;1;NA;NA;NA;0.00165264671371201
VEGFAs2;1082;NA;NA;NA;21_31872765_31872765;NA;NA;NA;2;NA;NA;NA;0.00330529342742402
VEGFAs2;1084;NA;NA;NA;21_32547250_32547250;NA;NA;NA;1;NA;NA;NA;0.00165264671371201
VEGFAs2;1086;NA;NA;NA;21_35683531_35683531;NA;NA;NA;4;NA;NA;NA;0.00661058685484804
VEGFAs2;1087;NA;NA;NA;21_35739355_35739355;NA;NA;NA;1;NA;NA;NA;0.00165264671371201
VEGFAs2;1093;NA;NA;NA;22_17867635_17867635;NA;NA;NA;1;NA;NA;NA;0.00165264671371201
VEGFAs2;1095;NA;NA;NA;22_22918034_22918034;NA;NA;NA;1;NA;NA;NA;0.00165264671371201
VEGFAs2;1097;NA;NA;NA;22_24427762_24427762;NA;NA;NA;7;NA;NA;NA;0.0115685269959841
VEGFAs2;1104;NA;NA;NA;22_38201426_38201426;NA;NA;NA;2;NA;NA;NA;0.00330529342742402
VEGFAs2;1106;NA;NA;NA;22_39706395_39706395;NA;NA;NA;1;NA;NA;NA;0.00165264671371201
VEGFAs2;1112;NA;NA;NA;22_44181488_44181488;NA;NA;NA;1;NA;NA;NA;0.00165264671371201
VEGFAs2;1114;NA;NA;NA;22_44498448_44498448;NA;NA;NA;3;NA;NA;NA;0.00495794014113603
VEGFAs2;1116;NA;NA;NA;22_46392345_46392345;NA;NA;NA;7;NA;NA;NA;0.0115685269959841
VEGFAs2;1122;NA;NA;NA;22_49608393_49608393;NA;NA;NA;4;NA;NA;NA;0.00661058685484804
VEGFAs2;198;NA;NA;NA;3_8743711_8743711;NA;NA;NA;1;NA;NA;NA;0.00165264671371201
VEGFAs2;199;NA;NA;NA;3_9792587_9792587;NA;NA;NA;1;NA;NA;NA;0.00165264671371201
VEGFAs2;206;NA;NA;NA;3_17897729_17897729;NA;NA;NA;2;NA;NA;NA;0.00330529342742402
VEGFAs2;218;NA;NA;NA;3_45306963_45306963;NA;NA;NA;3;NA;NA;NA;0.00495794014113603
VEGFAs2;222;NA;NA;NA;3_49803553_49803553;NA;NA;NA;3;NA;NA;NA;0.00495794014113603
VEGFAs2;226;NA;NA;NA;3_65089983_65089983;NA;NA;NA;1;NA;NA;NA;0.00165264671371201
VEGFAs2;243;NA;NA;NA;3_95755924_95755924;NA;NA;NA;2;NA;NA;NA;0.00330529342742402
VEGFAs2;245;NA;NA;NA;3_115274169_115274169;NA;NA;NA;1;NA;NA;NA;0.00165264671371201
VEGFAs2;248;NA;NA;NA;3_120559911_120559911;NA;NA;NA;3;NA;NA;NA;0.00495794014113603
VEGFAs2;250;NA;NA;NA;3_128989516_128989516;NA;NA;NA;2;NA;NA;NA;0.00330529342742402
VEGFAs2;251;NA;NA;NA;3_138403645_138403645;NA;NA;NA;2;NA;NA;NA;0.00330529342742402
VEGFAs2;257;NA;NA;NA;3_143004587_143004587;NA;NA;NA;1;NA;NA;NA;0.00165264671371201
VEGFAs2;267;NA;NA;NA;3_182431950_182431950;NA;NA;NA;1;NA;NA;NA;0.00165264671371201
VEGFAs2;274;NA;NA;NA;3_197353985_197353985;NA;NA;NA;2;NA;NA;NA;0.00330529342742402
VEGFAs2;275;NA;NA;NA;4_1171240_1171240;NA;NA;NA;1;NA;NA;NA;0.00165264671371201
VEGFAs2;277;NA;NA;NA;4_1556770_1556770;NA;NA;NA;3;NA;NA;NA;0.00495794014113603
VEGFAs2;283;NA;NA;NA;4_8603247_8603247;NA;NA;NA;2;NA;NA;NA;0.00330529342742402
VEGFAs2;285;NA;NA;NA;4_10018696_10018696;NA;NA;NA;6;NA;NA;NA;0.00991588028227206
VEGFAs2;294;NA;NA;NA;4_48752049_48752049;NA;NA;NA;6;NA;NA;NA;0.00991588028227206
VEGFAs2;297;NA;NA;NA;4_53393783_53393783;NA;NA;NA;1;NA;NA;NA;0.00165264671371201
VEGFAs2;309;NA;NA;NA;4_106892854_106892854;NA;NA;NA;4;NA;NA;NA;0.00661058685484804
VEGFAs2;310;NA;NA;NA;4_108313704_108313704;NA;NA;NA;1;NA;NA;NA;0.00165264671371201
VEGFAs2;313;NA;NA;NA;4_110546323_110546323;NA;NA;NA;1;NA;NA;NA;0.00165264671371201
VEGFAs2;323;NA;NA;NA;4_168848175_168848175;NA;NA;NA;1;NA;NA;NA;0.00165264671371201
VEGFAs2;325;NA;NA;NA;4_170944051_170944051;NA;NA;NA;1;NA;NA;NA;0.00165264671371201
VEGFAs2;330;NA;NA;NA;4_184785605_184785605;NA;NA;NA;3;NA;NA;NA;0.00495794014113603
VEGFAs2;339;NA;NA;NA;5_38258189_38258189;NA;NA;NA;1;NA;NA;NA;0.00165264671371201
VEGFAs2;341;NA;NA;NA;5_53987321_53987321;NA;NA;NA;1;NA;NA;NA;0.00165264671371201
VEGFAs2;343;NA;NA;NA;5_60982563_60982563;NA;NA;NA;1;NA;NA;NA;0.00165264671371201
VEGFAs2;355;NA;NA;NA;5_123230132_123230132;NA;NA;NA;4;NA;NA;NA;0.00661058685484804
VEGFAs2;359;NA;NA;NA;5_134226291_134226291;NA;NA;NA;4;NA;NA;NA;0.00661058685484804
VEGFAs2;360;NA;NA;NA;5_135398289_135398289;NA;NA;NA;2;NA;NA;NA;0.00330529342742402
VEGFAs2;368;NA;NA;NA;5_157867660_157867660;NA;NA;NA;2;NA;NA;NA;0.00330529342742402
VEGFAs2;371;NA;NA;NA;5_171451065_171451065;NA;NA;NA;1;NA;NA;NA;0.00165264671371201
VEGFAs2;380;NA;NA;NA;6_6725765_6725765;NA;NA;NA;1;NA;NA;NA;0.00165264671371201
VEGFAs2;381;NA;NA;NA;6_12236989_12236989;NA;NA;NA;4;NA;NA;NA;0.00661058685484804
VEGFAs2;391;NA;NA;NA;6_33643350_33643350;NA;NA;NA;3;NA;NA;NA;0.00495794014113603
VEGFAs2;403;NA;NA;NA;6_44082938_44082938;NA;NA;NA;2;NA;NA;NA;0.00330529342742402
VEGFAs2;408;NA;NA;NA;6_79702775_79702775;NA;NA;NA;2;NA;NA;NA;0.00330529342742402
VEGFAs2;410;NA;NA;NA;6_90405342_90405342;NA;NA;NA;2;NA;NA;NA;0.00330529342742402
VEGFAs2;432;NA;NA;NA;6_157945565_157945565;NA;NA;NA;1;NA;NA;NA;0.00165264671371201
VEGFAs2;434;NA;NA;NA;6_165186648_165186648;NA;NA;NA;4;NA;NA;NA;0.00661058685484804
VEGFAs2;436;NA;NA;NA;7_539691_539691;NA;NA;NA;1;NA;NA;NA;0.00165264671371201
VEGFAs2;439;NA;NA;NA;7_1078343_1078343;NA;NA;NA;2;NA;NA;NA;0.00330529342742402
VEGFAs2;443;NA;NA;NA;7_5532646_5532646;NA;NA;NA;1;NA;NA;NA;0.00165264671371201
VEGFAs2;445;NA;NA;NA;7_13363162_13363162;NA;NA;NA;2;NA;NA;NA;0.00330529342742402
VEGFAs2;449;NA;NA;NA;7_27212808_27212808;NA;NA;NA;2;NA;NA;NA;0.00330529342742402
VEGFAs2;450;NA;NA;NA;7_36533159_36533159;NA;NA;NA;6;NA;NA;NA;0.00991588028227206
VEGFAs2;460;NA;NA;NA;7_54788407_54788407;NA;NA;NA;2;NA;NA;NA;0.00330529342742402
VEGFAs2;462;NA;NA;NA;7_74023260_74023260;NA;NA;NA;2;NA;NA;NA;0.00330529342742402
VEGFAs2;463;NA;NA;NA;7_76294736_76294736;NA;NA;NA;2;NA;NA;NA;0.00330529342742402
VEGFAs2;465;NA;NA;NA;7_92306034_92306034;NA;NA;NA;1;NA;NA;NA;0.00165264671371201
VEGFAs2;469;NA;NA;NA;7_99379755_99379755;NA;NA;NA;5;NA;NA;NA;0.00826323356856005
VEGFAs2;470;NA;NA;NA;7_100539617_100539617;NA;NA;NA;1;NA;NA;NA;0.00165264671371201
VEGFAs2;473;NA;NA;NA;7_101890436_101890436;NA;NA;NA;1;NA;NA;NA;0.00165264671371201
VEGFAs2;505;NA;NA;NA;8_17422955_17422955;NA;NA;NA;2;NA;NA;NA;0.00330529342742402
VEGFAs2;512;NA;NA;NA;8_39342634_39342634;NA;NA;NA;1;NA;NA;NA;0.00165264671371201
VEGFAs2;523;NA;NA;NA;8_89819533_89819533;NA;NA;NA;5;NA;NA;NA;0.00826323356856005
VEGFAs2;525;NA;NA;NA;8_92381584_92381584;NA;NA;NA;2;NA;NA;NA;0.00330529342742402
VEGFAs2;528;NA;NA;NA;8_95763241_95763241;NA;NA;NA;1;NA;NA;NA;0.00165264671371201
VEGFAs2;530;NA;NA;NA;8_103500170_103500170;NA;NA;NA;3;NA;NA;NA;0.00495794014113603
VEGFAs2;534;NA;NA;NA;8_121355723_121355723;NA;NA;NA;1;NA;NA;NA;0.00165264671371201
VEGFAs2;541;NA;NA;NA;8_133463972_133463972;NA;NA;NA;5;NA;NA;NA;0.00826323356856005
VEGFAs2;548;NA;NA;NA;8_143932074_143932074;NA;NA;NA;1;NA;NA;NA;0.00165264671371201
VEGFAs2;550;NA;NA;NA;8_144310240_144310240;NA;NA;NA;1;NA;NA;NA;0.00165264671371201
VEGFAs2;558;NA;NA;NA;9_36901385_36901385;NA;NA;NA;1;NA;NA;NA;0.00165264671371201
VEGFAs2;559;NA;NA;NA;9_37465367_37465367;NA;NA;NA;12;NA;NA;NA;0.0198317605645441
VEGFAs2;566;NA;NA;NA;9_76970743_76970743;NA;NA;NA;1;NA;NA;NA;0.00165264671371201
VEGFAs2;573;NA;NA;NA;9_91718587_91718587;NA;NA;NA;2;NA;NA;NA;0.00330529342742402
VEGFAs2;574;NA;NA;NA;9_92189406_92189406;NA;NA;NA;2;NA;NA;NA;0.00330529342742402
VEGFAs2;577;NA;NA;NA;9_96291676_96291676;NA;NA;NA;2;NA;NA;NA;0.00330529342742402
VEGFAs2;578;NA;NA;NA;9_96651010_96651010;NA;NA;NA;6;NA;NA;NA;0.00991588028227206
VEGFAs2;580;NA;NA;NA;9_98200555_98200555;NA;NA;NA;2;NA;NA;NA;0.00330529342742402
VEGFAs2;590;NA;NA;NA;9_128244396_128244396;NA;NA;NA;1;NA;NA;NA;0.00165264671371201
VEGFAs2;594;NA;NA;NA;9_131856553_131856553;NA;NA;NA;5;NA;NA;NA;0.00826323356856005
VEGFAs2;598;NA;NA;NA;9_133572195_133572195;NA;NA;NA;6;NA;NA;NA;0.00991588028227206
VEGFAs2;602;NA;NA;NA;9_137165375_137165375;NA;NA;NA;1;NA;NA;NA;0.00165264671371201
VEGFAs2;1160;NA;NA;NA;M_8286_8286;NA;NA;NA;5;NA;NA;NA;0.00826323356856005
VEGFAs2;1126;NA;NA;NA;X_10721047_10721047;NA;NA;NA;3;NA;NA;NA;0.00495794014113603
VEGFAs2;1129;NA;NA;NA;X_24347345_24347345;NA;NA;NA;1;NA;NA;NA;0.00165264671371201
VEGFAs2;1139;NA;NA;NA;X_83813086_83813086;NA;NA;NA;2;NA;NA;NA;0.00330529342742402
VEGFAs3;15;NA;NA;NA;1_22266176_22266176;NA;NA;NA;6;NA;NA;NA;0.0201484267436784
VEGFAs3;30;NA;NA;NA;1_41526715_41526715;NA;NA;NA;2;NA;NA;NA;0.00671614224789281
VEGFAs3;31;NA;NA;NA;1_41659971_41659971;NA;NA;NA;2;NA;NA;NA;0.00671614224789281
VEGFAs3;33;NA;NA;NA;1_47225222_47225222;NA;NA;NA;1;NA;NA;NA;0.00335807112394641
VEGFAs3;43;NA;NA;NA;1_54548778_54548778;NA;NA;NA;3;NA;NA;NA;0.0100742133718392
VEGFAs3;46;NA;NA;NA;1_75358010_75358010;NA;NA;NA;2;NA;NA;NA;0.00671614224789281
VEGFAs3;58;NA;NA;NA;1_115142994_115142994;NA;NA;NA;1;NA;NA;NA;0.00335807112394641
VEGFAs3;90;NA;NA;NA;1_203306868_203306868;NA;NA;NA;2;NA;NA;NA;0.00671614224789281
VEGFAs3;92;NA;NA;NA;1_206924735_206924735;NA;NA;NA;1;NA;NA;NA;0.00335807112394641
VEGFAs3;93;NA;NA;NA;1_208066063_208066063;NA;NA;NA;3;NA;NA;NA;0.0100742133718392
VEGFAs3;613;NA;NA;NA;10_36527708_36527708;NA;NA;NA;1;NA;NA;NA;0.00335807112394641
VEGFAs3;619;NA;NA;NA;10_71359806_71359806;NA;NA;NA;5;NA;NA;NA;0.016790355619732
VEGFAs3;643;NA;NA;NA;10_132755623_132755623;NA;NA;NA;3;NA;NA;NA;0.0100742133718392
VEGFAs3;650;NA;NA;NA;11_1170898_1170898;NA;NA;NA;2;NA;NA;NA;0.00671614224789281
VEGFAs3;656;NA;NA;NA;11_11306244_11306244;NA;NA;NA;2;NA;NA;NA;0.00671614224789281
VEGFAs3;666;NA;NA;NA;11_31255488_31255488;NA;NA;NA;1;NA;NA;NA;0.00335807112394641
VEGFAs3;679;NA;NA;NA;11_57732979_57732979;NA;NA;NA;4;NA;NA;NA;0.0134322844957856
VEGFAs3;686;NA;NA;NA;11_63598869_63598869;NA;NA;NA;5;NA;NA;NA;0.016790355619732
VEGFAs3;710;NA;NA;NA;11_75436734_75436734;NA;NA;NA;2;NA;NA;NA;0.00671614224789281
VEGFAs3;714;NA;NA;NA;11_88476828_88476828;NA;NA;NA;2;NA;NA;NA;0.00671614224789281
VEGFAs3;725;NA;NA;NA;11_133327147_133327147;NA;NA;NA;1;NA;NA;NA;0.00335807112394641
VEGFAs3;741;NA;NA;NA;12_53006953_53006953;NA;NA;NA;1;NA;NA;NA;0.00335807112394641
VEGFAs3;743;NA;NA;NA;12_56449294_56449294;NA;NA;NA;2;NA;NA;NA;0.00671614224789281
VEGFAs3;747;NA;NA;NA;12_57476352_57476352;NA;NA;NA;1;NA;NA;NA;0.00335807112394641
VEGFAs3;751;NA;NA;NA;12_72300372_72300372;NA;NA;NA;1;NA;NA;NA;0.00335807112394641
VEGFAs3;762;NA;NA;NA;12_114315131_114315131;NA;NA;NA;5;NA;NA;NA;0.016790355619732
VEGFAs3;770;NA;NA;NA;13_24097186_24097186;NA;NA;NA;2;NA;NA;NA;0.00671614224789281
VEGFAs3;773;NA;NA;NA;13_26254781_26254781;NA;NA;NA;2;NA;NA;NA;0.00671614224789281
VEGFAs3;795;NA;NA;NA;14_41670235_41670235;NA;NA;NA;3;NA;NA;NA;0.0100742133718392
VEGFAs3;796;NA;NA;NA;14_43730158_43730158;NA;NA;NA;5;NA;NA;NA;0.016790355619732
VEGFAs3;797;NA;NA;NA;14_50583884_50583884;NA;NA;NA;2;NA;NA;NA;0.00671614224789281
VEGFAs3;815;NA;NA;NA;14_92571544_92571544;NA;NA;NA;1;NA;NA;NA;0.00335807112394641
VEGFAs3;818;NA;NA;NA;14_97976196_97976196;NA;NA;NA;5;NA;NA;NA;0.016790355619732
VEGFAs3;845;NA;NA;NA;15_60715770_60715770;NA;NA;NA;5;NA;NA;NA;0.016790355619732
VEGFAs3;848;NA;NA;NA;15_70600629_70600629;NA;NA;NA;3;NA;NA;NA;0.0100742133718392
VEGFAs3;853;NA;NA;NA;15_73835758_73835758;NA;NA;NA;6;NA;NA;NA;0.0201484267436784
VEGFAs3;858;NA;NA;NA;15_83666717_83666717;NA;NA;NA;1;NA;NA;NA;0.00335807112394641
VEGFAs3;862;NA;NA;NA;15_98691805_98691805;NA;NA;NA;6;NA;NA;NA;0.0201484267436784
VEGFAs3;871;NA;NA;NA;16_7809042_7809042;NA;NA;NA;1;NA;NA;NA;0.00335807112394641
VEGFAs3;874;NA;NA;NA;16_12170755_12170755;NA;NA;NA;2;NA;NA;NA;0.00671614224789281
VEGFAs3;896;NA;NA;NA;16_83999041_83999041;NA;NA;NA;1;NA;NA;NA;0.00335807112394641
VEGFAs3;900;NA;NA;NA;17_1275505_1275505;NA;NA;NA;3;NA;NA;NA;0.0100742133718392
VEGFAs3;903;NA;NA;NA;17_3796030_3796030;NA;NA;NA;1;NA;NA;NA;0.00335807112394641
VEGFAs3;917;NA;NA;NA;17_19238256_19238256;NA;NA;NA;0;NA;NA;NA;0
VEGFAs3;967;NA;NA;NA;17_80281121_80281121;NA;NA;NA;1;NA;NA;NA;0.00335807112394641
VEGFAs3;968;NA;NA;NA;17_80281334_80281334;NA;NA;NA;1;NA;NA;NA;0.00335807112394641
VEGFAs3;998;NA;NA;NA;19_1716792_1716792;NA;NA;NA;4;NA;NA;NA;0.0134322844957856
VEGFAs3;1012;NA;NA;NA;19_7197355_7197355;NA;NA;NA;3;NA;NA;NA;0.0100742133718392
VEGFAs3;1013;NA;NA;NA;19_7940437_7940437;NA;NA;NA;1;NA;NA;NA;0.00335807112394641
VEGFAs3;1025;NA;NA;NA;19_16458676_16458676;NA;NA;NA;1;NA;NA;NA;0.00335807112394641
VEGFAs3;1041;NA;NA;NA;19_40216834_40216834;NA;NA;NA;1;NA;NA;NA;0.00335807112394641
VEGFAs3;142;NA;NA;NA;2_73089922_73089922;NA;NA;NA;1;NA;NA;NA;0.00335807112394641
VEGFAs3;148;NA;NA;NA;2_88696497_88696497;NA;NA;NA;3;NA;NA;NA;0.0100742133718392
VEGFAs3;154;NA;NA;NA;2_98692536_98692536;NA;NA;NA;5;NA;NA;NA;0.016790355619732
VEGFAs3;165;NA;NA;NA;2_145621526_145621526;NA;NA;NA;1;NA;NA;NA;0.00335807112394641
VEGFAs3;176;NA;NA;NA;2_194128004_194128004;NA;NA;NA;1;NA;NA;NA;0.00335807112394641
VEGFAs3;180;NA;NA;NA;2_215433104_215433104;NA;NA;NA;1;NA;NA;NA;0.00335807112394641
VEGFAs3;1067;NA;NA;NA;20_32591574_32591574;NA;NA;NA;5;NA;NA;NA;0.016790355619732
VEGFAs3;1080;NA;NA;NA;21_31230148_31230148;NA;NA;NA;3;NA;NA;NA;0.0100742133718392
VEGFAs3;1081;NA;NA;NA;21_31616504_31616504;NA;NA;NA;2;NA;NA;NA;0.00671614224789281
VEGFAs3;1088;NA;NA;NA;21_42759866_42759866;NA;NA;NA;4;NA;NA;NA;0.0134322844957856
VEGFAs3;1100;NA;NA;NA;22_27707954_27707954;NA;NA;NA;1;NA;NA;NA;0.00335807112394641
VEGFAs3;1110;NA;NA;NA;22_43205586_43205586;NA;NA;NA;4;NA;NA;NA;0.0134322844957856
VEGFAs3;197;NA;NA;NA;3_5063255_5063255;NA;NA;NA;3;NA;NA;NA;0.0100742133718392
VEGFAs3;227;NA;NA;NA;3_66133241_66133241;NA;NA;NA;2;NA;NA;NA;0.00671614224789281
VEGFAs3;266;NA;NA;NA;3_179710989_179710989;NA;NA;NA;2;NA;NA;NA;0.00671614224789281
VEGFAs3;272;NA;NA;NA;3_194352922_194352922;NA;NA;NA;3;NA;NA;NA;0.0100742133718392
VEGFAs3;282;NA;NA;NA;4_7979008_7979008;NA;NA;NA;1;NA;NA;NA;0.00335807112394641
VEGFAs3;332;NA;NA;NA;5_6007142_6007142;NA;NA;NA;4;NA;NA;NA;0.0134322844957856
VEGFAs3;335;NA;NA;NA;5_29367272_29367272;NA;NA;NA;3;NA;NA;NA;0.0100742133718392
VEGFAs3;340;NA;NA;NA;5_40829672_40829672;NA;NA;NA;1;NA;NA;NA;0.00335807112394641
VEGFAs3;364;NA;NA;NA;5_147140836_147140836;NA;NA;NA;3;NA;NA;NA;0.0100742133718392
VEGFAs3;393;NA;NA;NA;6_39060865_39060865;NA;NA;NA;2;NA;NA;NA;0.00671614224789281
VEGFAs3;444;NA;NA;NA;7_8742962_8742962;NA;NA;NA;1;NA;NA;NA;0.00335807112394641
VEGFAs3;447;NA;NA;NA;7_17805252_17805252;NA;NA;NA;1;NA;NA;NA;0.00335807112394641
VEGFAs3;452;NA;NA;NA;7_41383840_41383840;NA;NA;NA;6;NA;NA;NA;0.0201484267436784
VEGFAs3;498;NA;NA;NA;7_159027751_159027751;NA;NA;NA;2;NA;NA;NA;0.00671614224789281
VEGFAs3;502;NA;NA;NA;8_11456512_11456512;NA;NA;NA;1;NA;NA;NA;0.00335807112394641
VEGFAs3;503;NA;NA;NA;8_11456551_11456551;NA;NA;NA;2;NA;NA;NA;0.00671614224789281
VEGFAs3;529;NA;NA;NA;8_100671159_100671159;NA;NA;NA;2;NA;NA;NA;0.00671614224789281
VEGFAs3;533;NA;NA;NA;8_120811206_120811206;NA;NA;NA;2;NA;NA;NA;0.00671614224789281
VEGFAs3;537;NA;NA;NA;8_125430360_125430364;NA;NA;NA;4;NA;NA;NA;0.0134322844957856
VEGFAs3;554;NA;NA;NA;9_23824556_23824556;NA;NA;NA;5;NA;NA;NA;0.016790355619732
VEGFAs3;565;NA;NA;NA;9_75422962_75422962;NA;NA;NA;2;NA;NA;NA;0.00671614224789281
VEGFAs3;1128;NA;NA;NA;X_17861304_17861304;NA;NA;NA;1;NA;NA;NA;0.00335807112394641
VEGFAs3;1134;NA;NA;NA;X_56300873_56300873;NA;NA;NA;1;NA;NA;NA;0.00335807112394641
VEGFAs3;1137;NA;NA;NA;X_75369340_75369340;NA;NA;NA;1;NA;NA;NA;0.00335807112394641
VEGFAs3;1138;NA;NA;NA;X_79082127_79082127;NA;NA;NA;1;NA;NA;NA;0.00335807112394641
VEGFAs3;1141;NA;NA;NA;X_100409969_100409969;NA;NA;NA;2;NA;NA;NA;0.00671614224789281
VEGFAs3;1144;NA;NA;NA;X_119606157_119606157;NA;NA;NA;2;NA;NA;NA;0.00671614224789281
